family	uniprot_acc	merops	refseq_protein	gene	organism	length	protein_existence
S1	O60235	S01.047;	NP_004253.1	TMPRSS11D	Homo sapiens (Human)	418	Evidence at protein level
S1	P03951	S01.213;	NP_000119.1	F11	Homo sapiens (Human)	625	Evidence at protein level
S1	P08519	S01.999;	NP_005568.2	LPA	Homo sapiens (Human)	2040	Evidence at protein level
S1	P49863	S01.146;	NP_002095.1	GZMK	Homo sapiens (Human)	264	Evidence at protein level
S1	Q04756	S01.228;	NP_001284368.1	HGFAC	Homo sapiens (Human)	655	Evidence at protein level
S1	Q14520	S01.033;	NP_001171131.1	HABP2	Homo sapiens (Human)	560	Evidence at protein level
S1	Q7Z410	S01.969;	NP_892018.1	TMPRSS9	Homo sapiens (Human)	1059	Evidence at protein level
S1	Q9NZP8	S01.189;	NP_001284569.1	C1RL	Homo sapiens (Human)	487	Evidence at protein level
S1	Q9UKR0	S01.020;	NP_001357054.1	KLK12	Homo sapiens (Human)	248	Evidence at protein level
S1	O00187	S01.229;	NP_006601.2	MASP2	Homo sapiens (Human)	686	Evidence at protein level
S1	O15393	S01.247;	NP_001128571.1	TMPRSS2	Homo sapiens (Human)	492	Evidence at protein level
S1	P00738	S01.972;	NP_001119574.1	HP	Homo sapiens (Human)	406	Evidence at protein level
S1	P00740	S01.214;	NP_000124.1	F9	Homo sapiens (Human)	461	Evidence at protein level
S1	P00750	S01.232;	NP_000921.1	PLAT	Homo sapiens (Human)	562	Evidence at protein level
S1	P00751	S01.196;	NP_001701.2	CFB	Homo sapiens (Human)	764	Evidence at protein level
S1	P08217	S01.155;	NP_254275.1	CELA2A	Homo sapiens (Human)	269	Evidence at protein level
S1	P08218	S01.206;	NP_056933.3	CELA2B	Homo sapiens (Human)	269	Evidence at protein level
S1	P08246	S01.131;	NP_001963.1	ELANE	Homo sapiens (Human)	267	Evidence at protein level
S1	P10323	S01.223;	NP_001088.2	ACR	Homo sapiens (Human)	421	Evidence at protein level
S1	P20160	S01.971;	NP_001691.1	AZU1	Homo sapiens (Human)	251	Evidence at protein level
S1	P23946	S01.140;	NP_001295012.1	CMA1	Homo sapiens (Human)	247	Evidence at protein level
S1	P48740	S01.132;S01.198;	NP_001027019.1	MASP1	Homo sapiens (Human)	699	Evidence at protein level
S1	P49862	S01.300;	NP_001193982.1	KLK7	Homo sapiens (Human)	253	Evidence at protein level
S1	P56730	S01.237;	NP_003610.2	PRSS12	Homo sapiens (Human)	875	Evidence at protein level
S1	P57727	S01.079;	NP_001243246.1	TMPRSS3	Homo sapiens (Human)	454	Evidence at protein level
S1	Q16651	S01.159;	NP_002764.1	PRSS8	Homo sapiens (Human)	343	Evidence at protein level
S1	Q6ZMR5	S01.292;	NP_001107859.1	TMPRSS11A	Homo sapiens (Human)	418	Evidence at protein level
S1	Q92876	S01.236;	NP_001012982.1	KLK6	Homo sapiens (Human)	244	Evidence at protein level
S1	Q99895	S01.157;	NP_009203.2	CTRC	Homo sapiens (Human)	268	Evidence at protein level
S1	Q9GZN4	S01.252;	NP_071402.1	PRSS22	Homo sapiens (Human)	317	Evidence at protein level
S1	Q9NRS4	S01.034;	NP_001077416.2	TMPRSS4	Homo sapiens (Human)	437	Evidence at protein level
S1	Q9UNI1	S01.153;	NP_001962.3	CELA1	Homo sapiens (Human)	258	Evidence at protein level
S1	Q9Y337	S01.017;	NP_001070959.1	KLK5	Homo sapiens (Human)	293	Evidence at protein level
S1	Q9Y5Q5	S01.019;	NP_001265514.1	CORIN	Homo sapiens (Human)	1042	Evidence at protein level
S1	O60259	S01.244;	NP_001268360.1	KLK8	Homo sapiens (Human)	260	Evidence at protein level
S1	P04070	S01.218;	NP_000303.1	PROC	Homo sapiens (Human)	461	Evidence at protein level
S1	P05156	S01.199;	NP_000195.3	CFI	Homo sapiens (Human)	583	Evidence at protein level
S1	P07477	S01.127;	NP_002760.1	PRSS1	Homo sapiens (Human)	247	Evidence at protein level
S1	P08709	S01.215;	NP_000122.1	F7	Homo sapiens (Human)	466	Evidence at protein level
S1	P09871	S01.193;	NP_001333779.1	C1S	Homo sapiens (Human)	688	Evidence at protein level
S1	P0CW18	S01.514;	NP_001182058.1	PRSS56	Homo sapiens (Human)	603	Evidence at protein level
S1	P20231	S01.015;S01.143;	NP_077078.5	TPSB2	Homo sapiens (Human)	275	Evidence at protein level
S1	P24158	S01.134;	NP_002768.3	PRTN3	Homo sapiens (Human)	256	Evidence at protein level
S1	P35030	S01.174;	NP_001184026.3	PRSS3	Homo sapiens (Human)	304	Evidence at protein level
S1	P98073	S01.156;	NP_001414986.1	TMPRSS15	Homo sapiens (Human)	1019	Evidence at protein level
S1	Q15661	S01.015;S01.143;	NP_003285.2	TPSAB1	Homo sapiens (Human)	275	Evidence at protein level
S1	Q9BZJ3	S01.054;	NP_036349.1	TPSD1	Homo sapiens (Human)	242	Evidence at protein level
S1	A4D1T9	S01.989;	NP_001008271.2	PRSS37	Homo sapiens (Human)	235	Evidence at protein level
S1	O43240	C06.001;S01.246;	NP_001070968.1	KLK10	Homo sapiens (Human)	276	Evidence at protein level
S1	P00739	S01.974;	NP_066275.3	HPR	Homo sapiens (Human)	348	Evidence at protein level
S1	P00742	S01.216;	NP_000495.1	F10	Homo sapiens (Human)	488	Evidence at protein level
S1	P00746	S01.191;	NP_001304264.1	CFD	Homo sapiens (Human)	253	Evidence at protein level
S1	P00747	S01.233;	NP_000292.1	PLG	Homo sapiens (Human)	810	Evidence at protein level
S1	P00748	S01.211;	NP_000496.2	F12	Homo sapiens (Human)	615	Evidence at protein level
S1	P00749	S01.231;	NP_001138503.2	PLAU	Homo sapiens (Human)	431	Evidence at protein level
S1	P06681	S01.194;	NP_000054.2	C2	Homo sapiens (Human)	752	Evidence at protein level
S1	P06870	S01.160;	NP_002248.1	KLK1	Homo sapiens (Human)	262	Evidence at protein level
S1	P08311	S01.133;	NP_001902.1	CTSG	Homo sapiens (Human)	255	Evidence at protein level
S1	P10144	S01.010;	NP_004122.2	GZMB	Homo sapiens (Human)	247	Evidence at protein level
S1	P12544	S01.135;	NP_006135.2	GZMA	Homo sapiens (Human)	262	Evidence at protein level
S1	P14210	S01.976;	NP_000592.3	HGF	Homo sapiens (Human)	728	Evidence at protein level
S1	P20151	S01.161;	NP_001002231.1	KLK2	Homo sapiens (Human)	261	Evidence at protein level
S1	P22891	S01.979;	NP_001243063.1	PROZ	Homo sapiens (Human)	400	Evidence at protein level
S1	P51124	S01.139;	NP_001245280.2	GZMM	Homo sapiens (Human)	257	Evidence at protein level
S1	Q6UWB4	S01.299;	NP_001183949.1	PRSS55	Homo sapiens (Human)	352	Evidence at protein level
S1	Q6UWY2	S01.319;	NP_999875.2	PRSS57	Homo sapiens (Human)	283	Evidence at protein level
S1	Q8IU80	S01.308;	NP_001275929.1	TMPRSS6	Homo sapiens (Human)	811	Evidence at protein level
S1	Q9H3S3	S01.313;	NP_001275678.1	TMPRSS5	Homo sapiens (Human)	457	Evidence at protein level
S1	Q9UBX7	S01.257;	NP_001129504.1	KLK11	Homo sapiens (Human)	282	Evidence at protein level
S1	Q9UL52	S01.021;	NP_054777.2	TMPRSS11E	Homo sapiens (Human)	423	Evidence at protein level
S1	Q9Y5K2	S01.251;	NP_001289890.1	KLK4	Homo sapiens (Human)	254	Evidence at protein level
S1	P00734	S01.217;	NP_000497.1	F2	Homo sapiens (Human)	622	Evidence at protein level
S1	P00736	S01.192;	NP_001724.4	C1R	Homo sapiens (Human)	705	Evidence at protein level
S1	P03952	S01.212;	NP_000883.2	KLKB1	Homo sapiens (Human)	638	Evidence at protein level
S1	P05981	S01.224;	NP_001362370.1	HPN	Homo sapiens (Human)	417	Evidence at protein level
S1	P07288	S01.162;	NP_001025218.1	KLK3	Homo sapiens (Human)	261	Evidence at protein level
S1	P07478	S01.258;	NP_002761.1	PRSS2	Homo sapiens (Human)	247	Evidence at protein level
S1	P08861	S01.205;	NP_031378.1	CELA3B	Homo sapiens (Human)	270	Evidence at protein level
S1	P20718	S01.147;	NP_001257710.1	GZMH	Homo sapiens (Human)	246	Evidence at protein level
S1	P26927	S01.975;	NP_066278.3	MST1	Homo sapiens (Human)	711	Evidence at protein level
S1	Q5K4E3	S01.414;S01.940;S01.941;	NP_001245219.1	PRSS36	Homo sapiens (Human)	855	Evidence at protein level
S1	Q7RTZ1	S01.320;		OVCH2	Homo sapiens (Human)	564	Evidence at protein level
S1	Q86T26	S01.365;	NP_872308.2	TMPRSS11B	Homo sapiens (Human)	416	Evidence at protein level
S1	Q86WS5	S01.291;	NP_872365.2	TMPRSS12	Homo sapiens (Human)	348	Evidence at protein level
S1	Q9BYE2	S01.087;	NP_001070731.1	TMPRSS13	Homo sapiens (Human)	586	Evidence at protein level
S1	Q9H2R5	S01.081;	NP_001264010.1	KLK15	Homo sapiens (Human)	256	Evidence at protein level
S1	Q9NRR2	S01.028;	NP_036599.4	TPSG1	Homo sapiens (Human)	321	Evidence at protein level
S1	Q9P0G3	S01.029;	NP_001298111.2	KLK14	Homo sapiens (Human)	251	Evidence at protein level
S1	Q9UI38	S01.993;	NP_037402.1	PRSS50	Homo sapiens (Human)	385	Evidence at protein level
S1	Q9Y5Y6	S01.302;	NP_068813.1	ST14	Homo sapiens (Human)	855	Evidence at protein level
S1	Q9Y6M0	S01.011;	NP_001257381.1	PRSS21	Homo sapiens (Human)	314	Evidence at protein level
S1	A0A126GUP6	S01.B31;	NP_001138002.1	MP1	Drosophila melanogaster (Fruit fly)	400	Evidence at protein level
S1	G3V801	S01.237;	NP_445956.1	Prss12	Rattus norvegicus (Rat)	761	Evidence at protein level
S1	O08762	S01.237;	NP_032965.1	Prss12	Mus musculus (Mouse)	761	Evidence at protein level
S1	P00758	S01.405;	NP_113711.1	Ngfg	Rattus norvegicus (Rat)	261	Evidence at transcript level
S1	P00760	S01.151;	NP_001107199.1	PRSS1	Bos taurus (Bovine)	246	Evidence at protein level
S1	P03953	S01.191;	NP_001278844.1	Cfd	Mus musculus (Mouse)	259	Evidence at protein level
S1	P07146	S01.064;	NP_033456.1	Prss2	Mus musculus (Mouse)	246	Evidence at protein level
S1	P07647	S01.407;	NP_786935.1	Klk9	Rattus norvegicus (Rat)	259	Evidence at protein level
S1	P15945	S01.037;	NP_032482.1	Klk1b5	Mus musculus (Mouse)	261	Evidence at transcript level
S1	P32038	S01.191;	NP_001071110.1	Cfd	Rattus norvegicus (Rat)	263	Evidence at protein level
S1	P81187	S01.196;	NP_001035616.1	CFB	Bos taurus (Bovine)	761	Evidence at protein level
S1	P83748	S01.042;		Prss30	Rattus norvegicus (Rat)	304	Evidence at protein level
S1	P98064	S01.132;S01.198;	NP_001346012.1	Masp1	Mus musculus (Mouse)	704	Evidence at protein level
S1	Q08048	S01.982;	NP_001276387.1	Hgf	Mus musculus (Mouse)	728	Evidence at protein level
S1	Q14BX2	S01.415;	NP_001074532.1	Prss55	Mus musculus (Mouse)	321	Evidence at protein level
S1	Q28153	S01.153;	NP_776473.1	CELA1	Bos taurus (Bovine)	266	Evidence at transcript level
S1	Q3V0Q7	S01.958;	NP_898932.2	Tmprss12	Mus musculus (Mouse)	336	Evidence at protein level
S1	Q61759	S01.038;	NP_034772.1	Klk1b21	Mus musculus (Mouse)	261	Evidence at transcript level
S1	Q8K3U6	S01.215;	NP_690059.1	F7	Rattus norvegicus (Rat)	446	Evidence at transcript level
S1	Q9ES87	S01.159;	NP_620191.1	Prss8	Rattus norvegicus (Rat)	342	Evidence at transcript level
S1	Q9JIQ8	S01.247;	NP_056590.2	Tmprss2	Mus musculus (Mouse)	490	Evidence at transcript level
S1	Q9JM71	S01.073;	NP_064664.1	Klk1b27	Mus musculus (Mouse)	263	Evidence at protein level
S1	Q9R098	S01.228;	NP_062320.2	Hgfac	Mus musculus (Mouse)	653	Evidence at protein level
S1	A8JUP7	S01.B45;	NP_001097020.1	Hayan	Drosophila melanogaster (Fruit fly)	637	Evidence at transcript level
S1	B7YZU2	S01.B34;	NP_001137622.1	flz	Drosophila melanogaster (Fruit fly)	1693	Evidence at transcript level
S1	F2YMG0	S01.514;S01.951;	NP_081360.1	Prss56	Mus musculus (Mouse)	604	Evidence at transcript level
S1	O35205	S01.146;	NP_032222.1	Gzmk	Mus musculus (Mouse)	263	Evidence at transcript level
S1	O35453	S01.224;	NP_001103722.1	Hpn	Mus musculus (Mouse)	436	Evidence at protein level
S1	O62589	S01.202;	NP_001259478.1	gd	Drosophila melanogaster (Fruit fly)	531	Evidence at protein level
S1	P00735	S01.217;	NP_776302.1	F2	Bos taurus (Bovine)	625	Evidence at protein level
S1	P00741	S01.214;		F9	Bos taurus (Bovine)	462	Evidence at protein level
S1	P00743	S01.216;	NP_001073682.1	F10	Bos taurus (Bovine)	492	Evidence at protein level
S1	P00757	S01.931;	NP_035045.2	Klk1b4	Mus musculus (Mouse)	256	Evidence at protein level
S1	P00759	S01.172;	NP_036809.1	Klk2	Rattus norvegicus (Rat)	259	Evidence at protein level
S1	P00763	S01.119;	NP_036861.1	Prss2	Rattus norvegicus (Rat)	246	Evidence at protein level
S1	P04187	S01.136;	NP_038570.1	Gzmb	Mus musculus (Mouse)	247	Evidence at protein level
S1	P06868	S01.233;	NP_776376.1	PLG	Bos taurus (Bovine)	812	Evidence at protein level
S1	P06869	S01.231;	NP_032899.1	Plau	Mus musculus (Mouse)	433	Evidence at protein level
S1	P08884	S01.399;	NP_034503.2	Gzme	Mus musculus (Mouse)	248	Evidence at protein level
S1	P11214	S01.232;	NP_032898.2	Plat	Mus musculus (Mouse)	559	Evidence at protein level
S1	P14272	S01.212;		Klkb1	Rattus norvegicus (Rat)	638	Evidence at protein level
S1	P17945	S01.978;	NP_058713.1	Hgf	Rattus norvegicus (Rat)	728	Evidence at protein level
S1	P18291	S01.091;	NP_612526.2	Gzmb	Rattus norvegicus (Rat)	248	Evidence at protein level
S1	P19221	S01.217;	NP_034298.1	F2	Mus musculus (Mouse)	618	Evidence at protein level
S1	P20918	S01.233;	NP_032903.3	Plg	Mus musculus (Mouse)	812	Evidence at protein level
S1	P21845	S01.025;		Tpsb2	Mus musculus (Mouse)	276	Evidence at protein level
S1	P26928	S01.975;	NP_032269.3	Mst1	Mus musculus (Mouse)	716	Evidence at transcript level
S1	P31394	S01.218;	NP_036935.1	Proc	Rattus norvegicus (Rat)	461	Evidence at transcript level
S1	P36368	S01.173;	NP_034245.3	Egfbp2	Mus musculus (Mouse)	261	Evidence at protein level
S1	P70375		NP_034302.2	F7	Mus musculus (Mouse)	446	Evidence at protein level
S1	P98159	S01.013;	NP_523947.2	ndl	Drosophila melanogaster (Fruit fly)	2616	Evidence at protein level
S1	Q01177	S01.233;	NP_445943.1	Plg	Rattus norvegicus (Rat)	812	Evidence at transcript level
S1	Q05511	S01.224;	NP_058808.1	Hpn	Rattus norvegicus (Rat)	416	Evidence at transcript level
S1	Q17800	S01.B69;	NP_501379.2	svh-1	Caenorhabditis elegans	951	Evidence at protein level
S1	Q3SYW2	S01.194;	NP_001029664.1	C2	Bos taurus (Bovine)	750	Evidence at transcript level
S1	Q5S248	S01.021;	NP_766468.1	Tmprss11e	Mus musculus (Mouse)	423	Evidence at protein level
S1	Q61096	S01.134;	NP_035308.2	Prtn3	Mus musculus (Mouse)	254	Evidence at protein level
S1	Q61129	S01.199;	NP_031712.2	Cfi	Mus musculus (Mouse)	603	Evidence at protein level
S1	Q6P6T1	S01.193;S01.210;	NP_620255.2	C1s	Rattus norvegicus (Rat)	688	Evidence at transcript level
S1	Q7K5M0		NP_610180.1	scaf	Drosophila melanogaster (Fruit fly)	655	Evidence at protein level
S1	Q8VCA5	S01.034;	NP_663378.1	Tmprss4	Mus musculus (Mouse)	435	Evidence at transcript level
S1	Q9R0T7	S01.057;	NP_035776.1	Try4	Mus musculus (Mouse)	246	Evidence at protein level
S1	Q9V3Z2	S01.203;	NP_649734.2	Sp7	Drosophila melanogaster (Fruit fly)	391	Evidence at protein level
S1	Q9VB68	S01.502;	NP_651543.1	grass	Drosophila melanogaster (Fruit fly)	377	Evidence at protein level
S1	Q9VCJ8	S01.462;	NP_651168.1	SPE	Drosophila melanogaster (Fruit fly)	400	Evidence at protein level
S1	Q9VER6	S01.508;	NP_536776.2	modSP	Drosophila melanogaster (Fruit fly)	628	Evidence at protein level
S1	P00756	S01.170;	NP_032719.1	Klk1b3	Mus musculus (Mouse)	261	Evidence at protein level
S1	P06866	S01.972;	NP_036714.2	Hp	Rattus norvegicus (Rat)	347	Evidence at protein level
S1	P08882	S01.137;	NP_001409139.1	Gzmc	Mus musculus (Mouse)	248	Evidence at protein level
S1	P15946	S01.041;	NP_034770.1	Klk1b11	Mus musculus (Mouse)	261	Evidence at transcript level
S1	P15948	S01.039;	NP_034244.1	Klk1b22	Mus musculus (Mouse)	259	Evidence at protein level
S1	P16296	S01.214;	NP_113728.1	F9	Rattus norvegicus (Rat)	462	Evidence at protein level
S1	P17977	S01.133;	NP_001099511.1	Ctsg	Rattus norvegicus (Rat)	250	Evidence at protein level
S1	P21180	S01.194;	NP_038512.2	C2	Mus musculus (Mouse)	760	Evidence at protein level
S1	P23578	S01.223;	NP_038483.1	Acr	Mus musculus (Mouse)	436	Evidence at protein level
S1	P29598	S01.231;		Plau	Rattus norvegicus (Rat)	432	Evidence at protein level
S1	P33587	S01.218;	NP_001036232.1	Proc	Mus musculus (Mouse)	460	Evidence at protein level
S1	P36375	S01.165;	NP_001128645.1	Klk10	Rattus norvegicus (Rat)	259	Evidence at protein level
S1	P80219	S01.142;	NP_776721.1	BDMD1	Bos taurus (Bovine)	251	Evidence at protein level
S1	Q02844	S01.026;	NP_112464.4	Tpsab1	Mus musculus (Mouse)	273	Evidence at transcript level
S1	Q1JRP2	S01.294;	NP_001025468.1	Tmprss11c	Mus musculus (Mouse)	431	Evidence at protein level
S1	Q3UP87	S01.131;	NP_056594.2	Elane	Mus musculus (Mouse)	265	Evidence at protein level
S1	Q5U405	S01.087;		Tmprss13	Mus musculus (Mouse)	543	Evidence at transcript level
S1	Q61955	S01.244;	NP_001311327.1	Klk8	Mus musculus (Mouse)	260	Evidence at protein level
S1	Q7M761	S01.320;	NP_766496.2	Ovch2	Mus musculus (Mouse)	609	Evidence at transcript level
S1	Q8CFG9	S01.209;	NP_001106827.1	C1rb	Mus musculus (Mouse)	706	Evidence at transcript level
S1	Q8CHN8	S01.198;	NP_071593.2	Masp1	Rattus norvegicus (Rat)	704	Evidence at protein level
S1	Q8K1T0	S01.079;	NP_001157248.1	Tmprss3	Mus musculus (Mouse)	453	Evidence at protein level
S1	Q8VHK8		NP_663536.1	Tmprss11d	Mus musculus (Mouse)	417	Evidence at protein level
S1	Q91WP0	S01.229;	NP_001003893.1	Masp2	Mus musculus (Mouse)	685	Evidence at protein level
S1	Q9DAA4	S01.989;	NP_001404585.1	Prss37	Mus musculus (Mouse)	237	Evidence at protein level
S1	O88780	S01.244;		Klk8	Rattus norvegicus (Rat)	260	Evidence at transcript level
S1	O88947	S01.216;	NP_031998.3	F10	Mus musculus (Mouse)	481	Evidence at protein level
S1	P00745	S01.218;		PROC	Bos taurus (Bovine)	456	Evidence at protein level
S1	P00762	S01.094;	NP_036767.1	Prss1	Rattus norvegicus (Rat)	246	Evidence at protein level
S1	P05049	S01.200;	NP_001097766.1	snk	Drosophila melanogaster (Fruit fly)	435	Evidence at protein level
S1	P07628	S01.067;	NP_032483.1	Klk1b8	Mus musculus (Mouse)	261	Evidence at transcript level
S1	P08883	S01.401;	NP_034504.1	Gzmf	Mus musculus (Mouse)	248	Evidence at protein level
S1	P11032	S01.135;	NP_034500.1	Gzma	Mus musculus (Mouse)	260	Evidence at protein level
S1	P16294	S01.214;	NP_001292726.1	F9	Mus musculus (Mouse)	471	Evidence at transcript level
S1	P22457	S01.215;	NP_001029978.1	F7	Bos taurus (Bovine)	447	Evidence at protein level
S1	P28293	S01.133;	NP_031826.1	Ctsg	Mus musculus (Mouse)	261	Evidence at protein level
S1	P36369	S01.070;S01.173;	NP_034774.1	Klk1b26	Mus musculus (Mouse)	261	Evidence at transcript level
S1	P56677	S01.302;	NP_035306.2	St14	Mus musculus (Mouse)	855	Evidence at protein level
S1	P98072	S01.156;	NP_776864.1	TMPRSS15	Bos taurus (Bovine)	1035	Evidence at protein level
S1	Q05589	S01.231;	NP_776572.1	PLAU	Bos taurus (Bovine)	433	Evidence at transcript level
S1	Q0VCX1	S01.193;	NP_001070018.1	C1S	Bos taurus (Bovine)	689	Evidence at transcript level
S1	Q28198	S01.232;	NP_776571.2	PLAT	Bos taurus (Bovine)	566	Evidence at transcript level
S1	Q402U7	S01.106;	NP_683742.2	Prss44	Mus musculus (Mouse)	372	Evidence at transcript level
S1	Q76HL1	S01.099;	NP_955765.1	Prss43	Mus musculus (Mouse)	382	Evidence at protein level
S1	Q80YC5	S01.211;	NP_067464.2	F12	Mus musculus (Mouse)	597	Evidence at protein level
S1	Q8BIK6	S01.072;	NP_766043.3	Tmprss7	Mus musculus (Mouse)	829	Evidence at protein level
S1	Q91VE3	S01.300;	NP_036002.1	Klk7	Mus musculus (Mouse)	249	Evidence at protein level
S1	Q91Y47	S01.213;	NP_082342.1	F11	Mus musculus (Mouse)	624	Evidence at transcript level
S1	Q924N9	S01.314;	NP_444489.2	Prss28	Mus musculus (Mouse)	274	Evidence at protein level
S1	Q9DBI0	S01.308;	NP_082178.2	Tmprss6	Mus musculus (Mouse)	811	Evidence at protein level
S1	Q9ESD1	S01.159;		Prss8	Mus musculus (Mouse)	342	Evidence at transcript level
S1	Q9Z319	S01.019;	NP_001116228.1	Corin	Mus musculus (Mouse)	1113	Evidence at transcript level
S1	D3ZTE0	S01.211;	NP_001014028.1	F12	Rattus norvegicus (Rat)	595	Evidence at transcript level
S1	O01887	S01.B74;	NP_505421.3	try-5	Caenorhabditis elegans	327	Evidence at protein level
S1	P00755	S01.164;	NP_034775.1	Klk1b1	Mus musculus (Mouse)	261	Evidence at transcript level
S1	P00773	S01.153;	NP_036684.1	Cela1	Rattus norvegicus (Rat)	266	Evidence at protein level
S1	P04186	S01.196;		Cfb	Mus musculus (Mouse)	761	Evidence at protein level
S1	P05208	S01.155;	NP_031945.1	Cela2a	Mus musculus (Mouse)	271	Evidence at protein level
S1	P07338	S01.152;	NP_036668.2	Ctrb1	Rattus norvegicus (Rat)	263	Evidence at protein level
S1	P13582	S01.201;	NP_524362.2	ea	Drosophila melanogaster (Fruit fly)	392	Evidence at protein level
S1	P15947	S01.167;	NP_001307260.1	Klk1	Mus musculus (Mouse)	261	Evidence at protein level
S1	P15949	S01.071;	NP_034246.1	Klk1b9	Mus musculus (Mouse)	261	Evidence at transcript level
S1	P18292	S01.217;		F2	Rattus norvegicus (Rat)	617	Evidence at protein level
S1	P19637	S01.232;	NP_037283.2	Plat	Rattus norvegicus (Rat)	559	Evidence at transcript level
S1	P21812	S01.149;	NP_034909.2	Mcpt4	Mus musculus (Mouse)	246	Evidence at protein level
S1	P21844	S01.150;	NP_034910.2	Cma1	Mus musculus (Mouse)	247	Evidence at protein level
S1	P26262	S01.212;	NP_032481.2	Klkb1	Mus musculus (Mouse)	638	Evidence at protein level
S1	P27435	S01.026;S01.143;	NP_062195.2	Tpsab1	Rattus norvegicus (Rat)	273	Evidence at protein level
S1	P29293	S01.223;	NP_036622.2	Acr	Rattus norvegicus (Rat)	437	Evidence at transcript level
S1	P36373	S01.406;	NP_036725.2	Klk7	Rattus norvegicus (Rat)	261	Evidence at protein level
S1	P49864	S01.146;	NP_058815.1	Gzmk	Rattus norvegicus (Rat)	258	Evidence at protein level
S1	P50339	S01.150;	NP_037224.1	Cma1	Rattus norvegicus (Rat)	247	Evidence at transcript level
S1	Q05319	S01.225;	NP_001287355.1	Sb	Drosophila melanogaster (Fruit fly)	787	Evidence at transcript level
S1	Q06605	S01.097;	NP_001316820.1		Rattus norvegicus (Rat)	248	Evidence at transcript level
S1	Q61646	S01.972;	NP_059066.1	Hp	Mus musculus (Mouse)	347	Evidence at protein level
S1	Q63207	S01.216;	NP_058839.1	F10	Rattus norvegicus (Rat)	482	Evidence at protein level
S1	Q80YN4	S01.019;	NP_872279.2	Corin	Rattus norvegicus (Rat)	1111	Evidence at protein level
S1	Q8CFG8	S01.210;	NP_776289.2	C1s2	Mus musculus (Mouse)	688	Evidence at transcript level
S1	Q8CG14	S01.360;	NP_001091086.1	C1s1	Mus musculus (Mouse)	688	Evidence at transcript level
S1	Q8CG16	S01.209;	NP_075632.3	C1ra	Mus musculus (Mouse)	707	Evidence at protein level
S1	Q8VHJ4	S01.047;	NP_001028824.2	Tmprss11d	Rattus norvegicus (Rat)	417	Evidence at transcript level
S1	Q8VIF2	S01.317;	NP_694739.1	Prss42	Mus musculus (Mouse)	335	Evidence at protein level
S1	Q91X79	S01.153;	NP_291090.2	Cela1	Mus musculus (Mouse)	266	Evidence at protein level
S1	Q99MS4	S01.315;	NP_444490.2	Prss29	Mus musculus (Mouse)	279	Evidence at protein level
S1	Q9JHJ7	S01.011;	NP_065233.2	Prss21	Mus musculus (Mouse)	324	Evidence at protein level
S1	Q9JJS8	S01.229;	NP_742040.1	Masp2	Rattus norvegicus (Rat)	685	Evidence at protein level
S1	Q9QUK9	S01.057;S01.058;	NP_001003405.1	Try5	Mus musculus (Mouse)	246	Evidence at protein level
S1	Q9VP95	S01.A29;	NP_649270.1	Sems	Drosophila melanogaster (Fruit fly)	275	Evidence at protein level
S1	Q9VWU1	S01.421;	NP_573297.1	psh	Drosophila melanogaster (Fruit fly)	394	Evidence at protein level
S1	Q9VZH2	S01.024;	NP_001261408.1	mas	Drosophila melanogaster (Fruit fly)	1047	Evidence at protein level
S1	Q9Z0M1	S01.251;	NP_064312.1	Klk4	Mus musculus (Mouse)	255	Evidence at protein level
S1	A0A1S4HE51			SPCLIP1	Anopheles gambiae (African malaria mosquito)	416	Evidence at protein level
S1	P00752				Sus scrofa (Pig)	246	Evidence at protein level
S1	P00772	S01.153;	NP_998988.1	CELA1	Sus scrofa (Pig)	266	Evidence at protein level
S1	P06867	S01.233;	NP_001038055.1	PLG	Sus scrofa (Pig)	809	Evidence at protein level
S1	P16293	S01.214;		F9	Sus scrofa (Pig)	409	Evidence at protein level
S1	P19006	S01.972;		HP	Canis lupus familiaris (Dog) (Canis familiaris)	329	Evidence at protein level
S1	Q28661	S01.218;		PROC	Oryctolagus cuniculus (Rabbit)	458	Evidence at transcript level
S1	Q2F9P2	S01.215;		F7	Pan troglodytes (Chimpanzee)	466	Inferred from homology
S1	Q2VG86	S01.507;	NP_001036844.1		Bombyx mori (Silk moth)	369	Evidence at protein level
S1	Q5R8X6	S01.233;	NP_001126035.1	PLG	Pongo abelii (Sumatran orangutan) (Pongo pygmaeus abelii)	810	Evidence at transcript level
S1	Q7QBP4	S01.203;		CLIPB10	Anopheles gambiae (African malaria mosquito)	362	Evidence at protein level
S1	Q7SIG3				Salmo salar (Atlantic salmon)	236	Evidence at protein level
S1	Q804X6	S01.214;		F9	Gallus gallus (Chicken)	471	Evidence at transcript level
S1	Q863A0	S01.194;		C2	Gorilla gorilla gorilla (Western lowland gorilla)	752	Inferred from homology
S1	Q9GLP2	S01.218;	NP_999083.1	PROC	Sus scrofa (Pig)	459	Evidence at transcript level
S1	A0A1S4H5M5			CLIPA28	Anopheles gambiae (African malaria mosquito)	376	Evidence at protein level
S1	O46644	S01.153;	XP_045221205.1	CELA1	Macaca fascicularis (Crab-eating macaque) (Cynomolgus monkey)	266	Evidence at transcript level
S1	P16291	S01.214;		F9	Ovis aries (Sheep)	462	Evidence at transcript level
S1	P19236	S01.145;	NP_001005260.1		Canis lupus familiaris (Dog) (Canis familiaris)	280	Evidence at protein level
S1	P19540	S01.214;	NP_001003323.1	F9	Canis lupus familiaris (Dog) (Canis familiaris)	452	Evidence at protein level
S1	P79953	S01.240;	NP_001081896.1	ovch2	Xenopus laevis (African clawed frog)	1004	Evidence at protein level
S1	P98074	S01.156;	NP_001001259.1	TMPRSS15	Sus scrofa (Pig)	1034	Evidence at protein level
S1	Q29485	S01.233;		PLG	Erinaceus europaeus (Western European hedgehog)	810	Evidence at transcript level
S1	Q2UVH8	S01.223;		ACR	Meleagris gallopavo (Wild turkey)	346	Evidence at protein level
S1	Q6SA95	S01.214;	NP_001009377.1	F9	Felis catus (Cat) (Felis silvestris catus)	466	Inferred from homology
S1	Q8SPS7	S01.972;	NP_999165.1	HP	Sus scrofa (Pig)	347	Evidence at protein level
S1	Q9GL10	S01.223;		ACR	Ovis aries (Sheep)	329	Evidence at protein level
S1	Q9NAS8	S01.448;		CLIPB14	Anopheles gambiae (African malaria mosquito)	375	Evidence at protein level
S1	O19045	S01.216;	NP_001075485.1	F10	Oryctolagus cuniculus (Rabbit)	490	Evidence at transcript level
S1	P00761				Sus scrofa (Pig)	231	Evidence at protein level
S1	P08001	S01.223;	NP_999198.1	ACR	Sus scrofa (Pig)	415	Evidence at protein level
S1	P16292	S01.214;	NP_001182654.1	F9	Oryctolagus cuniculus (Rabbit)	462	Evidence at transcript level
S1	P80015	S01.971;	XP_005661477.1	AZU1	Sus scrofa (Pig)	246	Evidence at protein level
S1	Q5R1W3	S01.192;	NP_001029292.1	C1R	Pan troglodytes (Chimpanzee)	705	Evidence at transcript level
S1	Q864W0	S01.196;	NP_001009169.1	CFB	Pan troglodytes (Chimpanzee)	764	Inferred from homology
S1	Q867B7	S01.976;	NP_001002964.1	HGF	Canis lupus familiaris (Dog) (Canis familiaris)	730	Evidence at transcript level
S1	Q8SQ74	S01.194;		C2	Pan troglodytes (Chimpanzee)	752	Inferred from homology
S1	Q95ND7	S01.214;	NP_001129063.1	F9	Pan troglodytes (Chimpanzee)	461	Inferred from homology
S1	Q9NAS9	S01.449;		CLIPB15	Anopheles gambiae (African malaria mosquito)	364	Evidence at protein level
S1	Q9XXV0	S01.305;	NP_001036832.1	PPAE	Bombyx mori (Silk moth)	441	Evidence at protein level
S1	A0A1S4GMJ4			CLIPC9	Anopheles gambiae (African malaria mosquito)	356	Evidence at protein level
S1	A0A1S4H5S2			CLIPA8	Anopheles gambiae (African malaria mosquito)	363	Evidence at protein level
S1	F5HKX0	S01.203;		CLIPB9	Anopheles gambiae (African malaria mosquito)	401	Evidence at protein level
S1	P25155	S01.216;	NP_990353.1	F10	Gallus gallus (Chicken)	475	Evidence at protein level
S1	Q03710	S01.196;	XP_020953515.1	CFB	Sus scrofa (Pig)	765	Inferred from homology
S1	Q28278	S01.218;	NP_001013871.1	PROC	Canis lupus familiaris (Dog) (Canis familiaris)	456	Evidence at transcript level
S1	Q28380	S01.218;	XP_023478439.1	PROC	Equus caballus (Horse)	457	Evidence at transcript level
S1	Q2F9P4	S01.215;		F7	Pan paniscus (Pygmy chimpanzee) (Bonobo)	466	Inferred from homology
S1	Q49QW1	S01.427;		PPAE1	Spodoptera litura (Asian cotton leafworm)	374	Evidence at protein level
S1	Q56VR3	S01.446;			Pseudonaja textilis (Eastern brown snake)	467	Evidence at protein level
S1	Q5R544	S01.192;	NP_001126847.1	C1R	Pongo abelii (Sumatran orangutan) (Pongo pygmaeus abelii)	705	Evidence at transcript level
S1	Q5R5E8	S01.224;	NP_001126784.1	HPN	Pongo abelii (Sumatran orangutan) (Pongo pygmaeus abelii)	417	Evidence at transcript level
S1	Q7PPZ8	S01.166;			Anopheles gambiae (African malaria mosquito)	272	Evidence at protein level
S1	Q8MZM7	S01.507;		CLIPB8	Anopheles gambiae (African malaria mosquito)	405	Evidence at protein level
S1	P08419	S01.155;	NP_999274.1	CELA2A	Sus scrofa (Pig)	269	Evidence at protein level
S1	P12545	S01.233;	NP_001036540.1	PLG	Macaca mulatta (Rhesus macaque)	810	Evidence at transcript level
S1	Q28315	S01.218;	XP_017921301.1	PROC	Capra hircus (Goat)	458	Evidence at transcript level
S1	Q4R577	S01.192;		C1R	Macaca fascicularis (Crab-eating macaque) (Cynomolgus monkey)	705	Evidence at transcript level
S1	Q7PEV7	S01.201;		CLIPB4	Anopheles gambiae (African malaria mosquito)	360	Evidence at protein level
S1	Q864V9	S01.196;		CFB	Gorilla gorilla gorilla (Western lowland gorilla)	764	Inferred from homology
S1	Q8MHY7	S01.231;	NP_001075480.1	PLAU	Oryctolagus cuniculus (Rabbit)	433	Evidence at transcript level
S1	P09093	S01.154;	NP_005738.4	CELA3A	Homo sapiens (Human)	270	Evidence at protein level
S1	Q7RTY7	S01.078;S01.322;	NP_001340108.1	OVCH1	Homo sapiens (Human)	1134	Evidence at protein level
S1	Q9BQR3	S01.074;	NP_001305324.1	PRSS27	Homo sapiens (Human)	290	Evidence at protein level
S1	O95084	S01.309;	NP_001280108.1	PRSS23	Homo sapiens (Human)	383	Evidence at protein level
S1	P40313	S01.256;	NP_001898.1	CTRL	Homo sapiens (Human)	264	Evidence at protein level
S1	Q2L4Q9	S01.375;	NP_001034592.1	PRSS53	Homo sapiens (Human)	553	Evidence at protein level
S1	Q6UXH9	S01.998;	NP_001001991.1	PAMR1	Homo sapiens (Human)	720	Evidence at protein level
S1	Q8NHM4	S01.298;		PRSS3P2	Homo sapiens (Human)	247	Uncertain
S1	Q9UKR3	S01.306;	NP_001335107.1	KLK13	Homo sapiens (Human)	277	Evidence at protein level
S1	Q7RTY5	S01.325;	NP_899231.4	PRSS48	Homo sapiens (Human)	328	Evidence at protein level
S1	Q7Z5A4	S01.362;		PRSS42P	Homo sapiens (Human)	293	Uncertain
S1	Q8NF86	S01.075;	NP_001372391.1	PRSS33	Homo sapiens (Human)	280	Evidence at protein level
S1	P17538	S01.152;	NP_001316119.1	CTRB1	Homo sapiens (Human)	263	Evidence at protein level
S1	Q6ZWK6	S01.321;	NP_997290.2	TMPRSS11F	Homo sapiens (Human)	438	Evidence at protein level
S1	Q7RTY8	S01.072;	NP_001036040.2	TMPRSS7	Homo sapiens (Human)	843	Evidence at protein level
S1	Q7RTY9	S01.327;	NP_001341515.2	PRSS41	Homo sapiens (Human)	318	Evidence at protein level
S1	P04071	S01.163;	NP_032480.1	Klk1b16	Mus musculus (Mouse)	261	Evidence at protein level
S1	P36374	S01.288;		Klk6	Rattus norvegicus (Rat)	261	Inferred from homology
S1	Q03238	S01.139;		Gzmm	Rattus norvegicus (Rat)	258	Evidence at protein level
S1	Q2KJ63	S01.212;	NP_001039817.1	KLKB1	Bos taurus (Bovine)	636	Evidence at transcript level
S1	Q3UQ41	S01.292;	NP_001028405.1	Tmprss11a	Mus musculus (Mouse)	389	Evidence at transcript level
S1	Q5NTB3	S01.213;	NP_001008665.1	F11	Bos taurus (Bovine)	625	Evidence at protein level
S1	Q7YRZ7	S01.135;	NP_001001142.1	GZMA	Bos taurus (Bovine)	258	Evidence at transcript level
S1	Q80WM7	S01.075;	NP_001074868.2	Prss33	Mus musculus (Mouse)	277	Evidence at transcript level
S1	Q9CQW3	S01.996;	NP_080110.1	Proz	Mus musculus (Mouse)	399	Evidence at protein level
S1	P00774	S01.155;	NP_036685.1	Cela2a	Rattus norvegicus (Rat)	271	Evidence at transcript level
S1	P17207	S01.B24;	NP_524555.1	Jon99Ci	Drosophila melanogaster (Fruit fly)	272	Evidence at transcript level
S1	P50343	S01.025;	NP_062053.2	Tpsb2	Rattus norvegicus (Rat)	274	Evidence at transcript level
S1	P97592	S01.005;	NP_062194.1	Mcpt4	Rattus norvegicus (Rat)	246	Evidence at transcript level
S1	P98140	S01.211;	NP_001068587.1	F12	Bos taurus (Bovine)	612	Evidence at protein level
S1	Q29461	S01.155;	NP_777139.1	CELA2A	Bos taurus (Bovine)	269	Evidence at transcript level
S1	Q5E9Z2	S01.033;	NP_001014868.1	HABP2	Bos taurus (Bovine)	558	Evidence at transcript level
S1	Q5K2P8	S01.414;		Prss36	Mus musculus (Mouse)	849	Evidence at transcript level
S1	Q9CQ52	S01.983;	NP_080695.1	Cela3b	Mus musculus (Mouse)	269	Evidence at protein level
S1	Q9CR35	S01.152;	NP_079859.2	Ctrb1	Mus musculus (Mouse)	263	Evidence at protein level
S1	Q9ER04	S01.313;	NP_001346389.1	Tmprss5	Mus musculus (Mouse)	455	Evidence at transcript level
S1	P00744	S01.979;		PROZ	Bos taurus (Bovine)	396	Evidence at protein level
S1	P05805				Bos taurus (Bovine)	253	Evidence at protein level
S1	P11034	S01.458;	NP_032596.1	Mcpt1	Mus musculus (Mouse)	246	Evidence at protein level
S1	P13366	S01.402;	NP_034505.1	Gzmg	Mus musculus (Mouse)	248	Evidence at protein level
S1	P15950	S01.411;		Klk3	Rattus norvegicus (Rat)	188	Evidence at transcript level
S1	P36376	S01.287;		Klk12	Rattus norvegicus (Rat)	259	Evidence at transcript level
S1	Q14B24	S01.368;	NP_001036175.1	Prss57	Mus musculus (Mouse)	284	Evidence at transcript level
S1	Q2TBU0	S01.972;	NP_001035560.1	HP	Bos taurus (Bovine)	401	Evidence at transcript level
S1	Q5K2P9	S01.414;		Prss36	Rattus norvegicus (Rat)	875	Evidence at transcript level
S1	Q76BS1	S01.976;	NP_001026921.1	HGF	Bos taurus (Bovine)	730	Evidence at transcript level
S1	Q8BLH5	S01.993;	NP_666339.2	Prss50	Mus musculus (Mouse)	439	Evidence at protein level
S1	Q8K0D2	S01.033;	NP_666213.1	Habp2	Mus musculus (Mouse)	558	Evidence at transcript level
S1	Q9QYZ9	S01.042;	NP_038949.2	Prss30	Mus musculus (Mouse)	310	Evidence at transcript level
S1	Q9WUW3	S01.199;	NP_077071.1	Cfi	Rattus norvegicus (Rat)	604	Evidence at transcript level
S1	A6H6T1	S01.045;	NP_033382.2	Prss40	Mus musculus (Mouse)	365	Evidence at transcript level
S1	P09650	S01.149;	NP_001264597.1	Mcpt1	Rattus norvegicus (Rat)	260	Evidence at protein level
S1	P69525			Tmprss9	Mus musculus (Mouse)	1065	Inferred from homology
S1	P69526	S01.969;		Tmprss9	Rattus norvegicus (Rat)	1061	Inferred from homology
S1	P97435	S01.156;	NP_032967.1	Tmprss15	Mus musculus (Mouse)	1069	Evidence at transcript level
S1	Q06606	S01.008;	NP_058842.3	Mcpt10	Rattus norvegicus (Rat)	248	Evidence at transcript level
S1	Q5QSK2	S01.436;	NP_001008554.1	Tmprss11g	Rattus norvegicus (Rat)	417	Evidence at transcript level
S1	P00766	S01.001;			Bos taurus (Bovine)	245	Evidence at protein level
S1	P00770	S01.141;		Mcpt2	Rattus norvegicus (Rat)	247	Evidence at protein level
S1	P11033	S01.398;	NP_034502.2	Gzmd	Mus musculus (Mouse)	252	Evidence at protein level
S1	P12788	S01.183;	NP_775423.1	Try4	Rattus norvegicus (Rat)	247	Evidence at protein level
S1	P86091			Tmprss7	Rattus norvegicus (Rat)	833	Inferred from homology
S1	Q0IIH7	S01.302;	NP_001070006.1	ST14	Bos taurus (Bovine)	855	Evidence at transcript level
S1	Q14C59	S01.207;	NP_795998.2	Tmprss11b	Mus musculus (Mouse)	416	Evidence at transcript level
S1	Q29463	S01.120;			Bos taurus (Bovine)	247	Evidence at transcript level
S1	Q3T0A3	S01.191;	NP_001029427.1	CFD	Bos taurus (Bovine)	259	Evidence at transcript level
S1	Q61754	S01.069;	NP_034773.1	Klk1b24	Mus musculus (Mouse)	263	Evidence at transcript level
S1	Q6IE14	S01.321;		Tmprss11bnl	Rattus norvegicus (Rat)	420	Evidence at transcript level
S1	Q6IE59	S01.368;	NP_001003956.1	Prss57	Rattus norvegicus (Rat)	278	Evidence at transcript level
S1	Q6L711	S01.033;		Habp2	Rattus norvegicus (Rat)	558	Evidence at transcript level
S1	Q7M3E1	S01.157;	NP_001092435.1	CTRC	Bos taurus (Bovine)	268	Evidence at protein level
S1	Q8CGR5	S01.029;	NP_777355.1	Klk14	Mus musculus (Mouse)	250	Evidence at transcript level
S1	Q920S2	S01.417;	NP_001405694.1	Prss41	Mus musculus (Mouse)	322	Evidence at protein level
S1	Q9QYN3	S01.257;	NP_001170844.1	Klk11	Mus musculus (Mouse)	276	Evidence at protein level
S1	P06871	S01.151;		PRSS1	Canis lupus familiaris (Dog) (Canis familiaris)	246	Evidence at transcript level
S1	P10626	S01.223;		ACR	Capra hircus (Goat)	60	Evidence at protein level
S1	P12323				Cavia porcellus (Guinea pig)	239	Evidence at protein level
S1	P14417	S01.999;		LPA	Macaca mulatta (Rhesus macaque)	1420	Evidence at transcript level
S1	P15120	S01.231;	NP_990774.3	PLAU	Gallus gallus (Chicken)	434	Evidence at transcript level
S1	P35035	S01.130;		TRYP1	Anopheles gambiae (African malaria mosquito)	274	Evidence at transcript level
S1	P35040	S01.130;		TRYP6	Anopheles gambiae (African malaria mosquito)	273	Evidence at transcript level
S1	P35041	S01.130;		TRYP7	Anopheles gambiae (African malaria mosquito)	267	Evidence at transcript level
S1	P39675	S01.031;		DERP3	Dermatophagoides pteronyssinus (European house dust mite)	261	Evidence at protein level
S1	P48038	S01.223;	NP_001075805.1	ACR	Oryctolagus cuniculus (Rabbit)	431	Evidence at transcript level
S1	P80009	S01.233;		PLG	Canis lupus familiaris (Dog) (Canis familiaris)	333	Evidence at protein level
S1	Q5G267	S01.237;		PRSS12	Macaca mulatta (Rhesus macaque)	875	Inferred from homology
S1	Q5R5A4	S01.199;		CFI	Pongo abelii (Sumatran orangutan) (Pongo pygmaeus abelii)	583	Evidence at transcript level
S1	Q6DT45			KLK3	Macaca fascicularis (Crab-eating macaque) (Cynomolgus monkey)	261	Evidence at transcript level
S1	Q9BH09	S01.976;	NP_001009830.1	HGF	Felis catus (Cat) (Felis silvestris catus)	728	Evidence at transcript level
S1	A7WPL7	S01.140;	NP_001166403.1	CMA1	Cavia porcellus (Guinea pig)	247	Evidence at protein level
S1	F1DQG5	S01.478;		ESP	Anopheles gambiae (African malaria mosquito)	268	Evidence at protein level
S1	P09582	S01.289;	NP_001003284.1		Canis lupus familiaris (Dog) (Canis familiaris)	260	Evidence at protein level
S1	P15156	S01.193;	NP_001268589.1		Mesocricetus auratus (Golden hamster)	695	Evidence at protein level
S1	Q28412	S01.218;		PROC	Felis catus (Cat) (Felis silvestris catus)	157	Evidence at transcript level
S1	Q5R8J0	S01.232;	NP_001126112.1	PLAT	Pongo abelii (Sumatran orangutan) (Pongo pygmaeus abelii)	562	Evidence at transcript level
S1	P29786	S01.130;	XP_001652943.1		Aedes aegypti (Yellowfever mosquito) (Culex aegypti)	254	Evidence at transcript level
S1	P29787	S01.130;			Aedes aegypti (Yellowfever mosquito) (Culex aegypti)	266	Evidence at transcript level
S1	P33619	S01.162;	NP_001036241.1	KLK3	Macaca mulatta (Rhesus macaque)	261	Evidence at transcript level
S1	P35031	S01.125;	NP_001117183.1		Salmo salar (Atlantic salmon)	242	Evidence at protein level
S1	P35037	S01.130;		TRYP3	Anopheles gambiae (African malaria mosquito)	275	Evidence at transcript level
S1	P81286	S01.233;		PLG	Ovis aries (Sheep)	343	Evidence at protein level
S1	Q04962	S01.211;		F12	Cavia porcellus (Guinea pig)	603	Evidence at protein level
S1	Q19AZ8	S01.217;	NP_001116457.1	F2	Sus scrofa (Pig)	623	Evidence at transcript level
S1	Q5RF29	S01.231;	NP_001124729.1	PLAU	Pongo abelii (Sumatran orangutan) (Pongo pygmaeus abelii)	431	Evidence at transcript level
S1	Q69DK8	S01.193;	NP_001005349.1		Sus scrofa (Pig)	687	Evidence at transcript level
S1	Q6H321	S01.171;	NP_001075362.3	KLK1E2	Equus caballus (Horse)	261	Evidence at protein level
S1	Q6QNF4	S01.228;	NP_001026985.1	HGFAC	Canis lupus familiaris (Dog) (Canis familiaris)	654	Evidence at transcript level
S1	Q8SQ23	S01.232;	NP_999219.1	PLAT	Sus scrofa (Pig)	562	Evidence at transcript level
S1	P16295	S01.214;		F9	Cavia porcellus (Guinea pig)	285	Evidence at transcript level
S1	P35033	S01.126;			Salmo salar (Atlantic salmon)	238	Evidence at protein level
S1	P35036	S01.130;		TRYP2	Anopheles gambiae (African malaria mosquito)	277	Evidence at transcript level
S1	P35039	S01.130;		TRYP5	Anopheles gambiae (African malaria mosquito)	274	Evidence at transcript level
S1	P51779	S01.191;	NP_001233173.1	CFD	Sus scrofa (Pig)	259	Evidence at transcript level
S1	P80010	S01.233;		PLG	Equus caballus (Horse)	338	Evidence at protein level
S1	P80931	S01.142;	NP_001009472.1		Ovis aries (Sheep)	245	Evidence at protein level
S1	P98139		NP_001076148.1	F7	Oryctolagus cuniculus (Rabbit)	444	Evidence at transcript level
S1	Q27289	S01.166;		CHYM1	Anopheles gambiae (African malaria mosquito)	259	Evidence at protein level
S1	Q28506	S01.218;		PROC	Macaca mulatta (Rhesus macaque)	161	Evidence at transcript level
S1	Q5G268	S01.237;		PRSS12	Nomascus leucogenys (Northern white-cheeked gibbon) (Hylobates leucogenys)	875	Inferred from homology
S1	Q9N2D1	S01.118;	NP_999356.1	MCT7	Sus scrofa (Pig)	275	Evidence at transcript level
S1	A0A6I8TBG6		XP_021707806.1		Aedes aegypti (Yellowfever mosquito) (Culex aegypti)	472	Evidence at transcript level
S1	O97507	S01.211;	NP_999407.1	F12	Sus scrofa (Pig)	616	Evidence at transcript level
S1	P04185	S01.231;	NP_999110.1	PLAU	Sus scrofa (Pig)	442	Evidence at transcript level
S1	P15944	S01.118;	NP_001091024.1		Canis lupus familiaris (Dog) (Canis familiaris)	275	Inferred from homology
S1	P19007	S01.972;	NP_001075579.1	HP	Oryctolagus cuniculus (Rabbit)	347	Evidence at protein level
S1	P21842	S01.140;	NP_001013442.1	CMA1	Canis lupus familiaris (Dog) (Canis familiaris)	249	Evidence at protein level
S1	P35038	S01.130;		TRYP4	Anopheles gambiae (African malaria mosquito)	275	Evidence at transcript level
S1	Q1L658	S01.446;		F10	Pseudonaja textilis (Eastern brown snake)	463	Evidence at protein level
S1	Q1L659	S01.396;		F10	Pseudonaja textilis (Eastern brown snake)	483	Evidence at transcript level
S1	Q5G270	S01.237;	XP_004040363.3	PRSS12	Gorilla gorilla gorilla (Western lowland gorilla)	876	Inferred from homology
S1	Q5G271	S01.237;	NP_001065275.1	PRSS12	Pan troglodytes (Chimpanzee)	875	Inferred from homology
S1	Q5R537	S01.217;	NP_001126851.1	F2	Pongo abelii (Sumatran orangutan) (Pongo pygmaeus abelii)	623	Evidence at transcript level
S1	A6NIE9			PRSS29P	Homo sapiens (Human)	313	Uncertain
S1	A8MTI9			PRSS47P	Homo sapiens (Human)	375	Uncertain
S1	Q8IYP2	S01.085;	NP_001001317.1	PRSS58	Homo sapiens (Human)	241	Evidence at protein level
S1	Q2TV78	S01.933;S01.975;		MST1L	Homo sapiens (Human)	715	Evidence at protein level
S1	A0A1B0GVH4			PRSS51	Homo sapiens (Human)	220	Inferred from homology
S1	A1L453	S01.318;	NP_898885.1	PRSS38	Homo sapiens (Human)	326	Evidence at protein level
S1	Q6GPI1	S01.152;	NP_001020371.3	CTRB2	Homo sapiens (Human)	263	Evidence at protein level
S1	Q7RTY3	S01.326;		PRSS45P	Homo sapiens (Human)	260	Uncertain
S1	Q6PEW0	S01.992;	NP_001073961.1	PRSS54	Homo sapiens (Human)	395	Evidence at protein level
S1	Q8N3Z0	S01.994;	NP_001163894.1	PRSS35	Homo sapiens (Human)	413	Evidence at protein level
S1	Q9UKQ9	S01.307;	NP_036447.1	KLK9	Homo sapiens (Human)	250	Evidence at protein level
S1	C0HKF8		NP_001287598.1	Jon99Ciii	Drosophila melanogaster (Fruit fly)	265	Evidence at transcript level
S1	O70169	S01.985;	NP_033381.1	Prss39	Mus musculus (Mouse)	367	Evidence at transcript level
S1	P04814	S01.110;	NP_476771.1	alphaTry	Drosophila melanogaster (Fruit fly)	256	Evidence at transcript level
S1	Q14B25	S01.325;	NP_001001650.1	Prss48	Mus musculus (Mouse)	312	Evidence at transcript level
S1	Q24K22	S01.975;	NP_001069145.1	MST1	Bos taurus (Bovine)	712	Evidence at transcript level
S1	Q5E9P5	S01.998;	NP_001015591.1	PAMR1	Bos taurus (Bovine)	720	Evidence at transcript level
S1	Q6AY28	S01.992;	NP_001013910.1	Prss54	Rattus norvegicus (Rat)	382	Evidence at protein level
S1	Q6IE06	S01.984;	NP_001009174.1	Prss58	Rattus norvegicus (Rat)	240	Evidence at transcript level
S1	Q7M756	S01.992;		Prss54	Mus musculus (Mouse)	383	Evidence at transcript level
S1	Q8BJR6	S01.074;	NP_780649.1	Prss27	Mus musculus (Mouse)	328	Evidence at transcript level
S1	A2VE36	S01.326;	NP_001075924.1	PRSS45	Bos taurus (Bovine)	316	Evidence at transcript level
S1	C0HKF7		NP_524554.1	Jon99Cii	Drosophila melanogaster (Fruit fly)	265	Evidence at transcript level
S1	P35004	S01.A83;	NP_001286314.1	betaTry	Drosophila melanogaster (Fruit fly)	253	Evidence at transcript level
S1	P42279	S01.117;	NP_523692.1	etaTry	Drosophila melanogaster (Fruit fly)	262	Evidence at transcript level
S1	P42280	S01.116;	NP_523691.1	zetaTry	Drosophila melanogaster (Fruit fly)	280	Evidence at transcript level
S1	P43430	S01.254;	NP_032598.1	Mcpt8	Mus musculus (Mouse)	247	Evidence at transcript level
S1	Q571E5	S01.374;	NP_001074737.1	Prss53	Mus musculus (Mouse)	552	Evidence at transcript level
S1	Q5M8S2	S01.250;	NP_898926.2	Prss46	Mus musculus (Mouse)	314	Evidence at protein level
S1	Q6AXZ6	S01.985;	NP_001013244.1	Prss40	Rattus norvegicus (Rat)	369	Evidence at transcript level
S1	Q6BEA2	S01.074;	NP_891994.3	Prss27	Rattus norvegicus (Rat)	328	Evidence at transcript level
S1	Q6IE63	S01.250;	NP_001008865.2	Prss46	Rattus norvegicus (Rat)	314	Evidence at transcript level
S1	Q8BW11	S01.984;	NP_778185.1	Prss58	Mus musculus (Mouse)	241	Evidence at transcript level
S1	Q8K4I7	S01.968;	NP_694812.1	Prss45	Mus musculus (Mouse)	317	Evidence at transcript level
S1	Q9ER10	S01.252;	NP_598492.2	Prss22	Mus musculus (Mouse)	307	Evidence at transcript level
S1	C0HKA3		NP_725034.1	gammaTry	Drosophila melanogaster (Fruit fly)	253	Evidence at transcript level
S1	O35164	S01.304;	NP_034912.3	Mcpt9	Mus musculus (Mouse)	246	Evidence at transcript level
S1	P35005	S01.A82;	NP_525112.1	epsilonTry	Drosophila melanogaster (Fruit fly)	256	Evidence at transcript level
S1	Q32KU2		NP_001035659.1	PRSS37	Bos taurus (Bovine)	235	Evidence at transcript level
S1	Q3UKY7	S01.324;	NP_001038986.1	Prss38	Mus musculus (Mouse)	322	Evidence at transcript level
S1	Q3UZ09	S01.189;	NP_851989.3	C1rl	Mus musculus (Mouse)	482	Evidence at protein level
S1	Q8C0F9	S01.994;	NP_848853.2	Prss35	Mus musculus (Mouse)	409	Evidence at transcript level
S1	Q9D9M0	S01.419;	NP_082801.2	Prss52	Mus musculus (Mouse)	321	Evidence at transcript level
S1	C0HKA2	S01.A84;	NP_523694.2	deltaTry	Drosophila melanogaster (Fruit fly)	253	Evidence at transcript level
S1	P08426	S01.151;	NP_775150.1	Try3	Rattus norvegicus (Rat)	247	Evidence at transcript level
S1	P15119	S01.003;	NP_032597.1	Mcpt2	Mus musculus (Mouse)	244	Evidence at transcript level
S1	P32821	S01.092;	NP_001101326.1		Rattus norvegicus (Rat)	246	Evidence at transcript level
S1	P32822	S01.093;			Rattus norvegicus (Rat)	246	Evidence at transcript level
S1	P42278	S01.114;	NP_523693.1	thetaTry	Drosophila melanogaster (Fruit fly)	262	Evidence at transcript level
S1	P52905	S01.115;	NP_523695.1	iotaTry	Drosophila melanogaster (Fruit fly)	252	Evidence at transcript level
S1	P55091	S01.157;	NP_001071117.1	Ctrc	Rattus norvegicus (Rat)	268	Evidence at protein level
S1	P97594	S01.009;	NP_058842.3	Mcpt8	Rattus norvegicus (Rat)	248	Evidence at transcript level
S1	Q32LI2	S01.085;	NP_001035599.1	PRSS58	Bos taurus (Bovine)	242	Evidence at transcript level
S1	Q8BHM9	S01.321;	NP_848845.1	Tmprss11f	Mus musculus (Mouse)	439	Evidence at transcript level
S1	Q8BZ10	S01.436;	NP_796136.2	Tmprss11g	Mus musculus (Mouse)	417	Evidence at transcript level
S1	Q9D6X6		NP_001347681.2	Prss23	Mus musculus (Mouse)	382	Evidence at transcript level
S1	P00767	S01.152;			Bos taurus (Bovine)	245	Evidence at protein level
S1	Q00356	S01.304;		Mcptl	Mus musculus (Mouse)	246	Inferred from homology
S1	Q3SYP2	S01.157;	NP_001029047.1	Ctrc	Mus musculus (Mouse)	268	Evidence at protein level
S8	O14773	S53.003;	NP_000382.3	TPP1	Homo sapiens (Human)	563	Evidence at protein level
S8	P29120	S08.072;	NP_000430.3	PCSK1	Homo sapiens (Human)	753	Evidence at protein level
S8	P29122	S08.075;	NP_001278238.1	PCSK6	Homo sapiens (Human)	969	Evidence at protein level
S8	Q16549	S08.077;	NP_004707.2	PCSK7	Homo sapiens (Human)	785	Evidence at protein level
S8	Q6UW60	S08.074;	NP_060043.2	PCSK4	Homo sapiens (Human)	755	Evidence at protein level
S8	P09958	S08.071;	NP_001276752.1	FURIN	Homo sapiens (Human)	794	Evidence at protein level
S8	Q14703	S08.063;	NP_003782.1	MBTPS1	Homo sapiens (Human)	1052	Evidence at protein level
S8	P29144	S08.A56;	NP_001317517.1	TPP2	Homo sapiens (Human)	1249	Evidence at protein level
S8	Q8NBP7	S08.039;	NP_777596.2	PCSK9	Homo sapiens (Human)	692	Evidence at protein level
S8	Q92824	S08.076;	NP_001177411.1	PCSK5	Homo sapiens (Human)	1860	Evidence at protein level
S8	P16519	S08.073;	NP_001188457.1	PCSK2	Homo sapiens (Human)	638	Evidence at protein level
S8	F4JVN6	S08.A56;	NP_193817.2	TPP2	Arabidopsis thaliana (Mouse-ear cress)	1380	Evidence at protein level
S8	F8W2M8	S53.008;	NP_001122270.1	tpp1	Danio rerio (Zebrafish) (Brachydanio rerio)	557	Evidence at protein level
S8	O65351	S08.112;	NP_569048.1	SBT1.7	Arabidopsis thaliana (Mouse-ear cress)	757	Evidence at protein level
S8	P09232	S08.052;	NP_010854.1	PRB1	Saccharomyces cerevisiae (strain ATCC 204508 / S288c) (Baker's yeast)	635	Evidence at protein level
S8	P28841	S08.073;	NP_036878.1	Pcsk2	Rattus norvegicus (Rat)	637	Evidence at protein level
S8	P29121	S08.074;	NP_032819.1	Pcsk4	Mus musculus (Mouse)	655	Evidence at transcript level
S8	P30430	S08.048;	NP_733102.1	Fur1	Drosophila melanogaster (Fruit fly)	1101	Evidence at transcript level
S8	P51559	S08.031;	NP_001021540.1	bli-4	Caenorhabditis elegans	942	Evidence at protein level
S8	P91863	S08.132;	NP_493594.1	aex-5	Caenorhabditis elegans	537	Evidence at protein level
S8	Q04592		NP_001156616.1	Pcsk5	Mus musculus (Mouse)	1877	Evidence at protein level
S8	Q9WTZ2	S08.063;	NP_001161382.1	Mbtps1	Mus musculus (Mouse)	1052	Evidence at protein level
S8	O64495	S08.084;	NP_563701.1	SBT1.2	Arabidopsis thaliana (Mouse-ear cress)	775	Evidence at transcript level
S8	O89023	S53.003;	NP_034036.1	Tpp1	Mus musculus (Mouse)	562	Evidence at protein level
S8	P23188	S08.071;	NP_001074923.1	Furin	Mus musculus (Mouse)	793	Evidence at protein level
S8	P28840	S08.072;	NP_058787.1	Pcsk1	Rattus norvegicus (Rat)	752	Evidence at transcript level
S8	P54683	S08.A57;	XP_637865.1	tagB	Dictyostelium discoideum (Social amoeba)	1906	Inferred from homology
S8	Q62849	S08.077;	NP_062119.1	Pcsk7	Rattus norvegicus (Rat)	783	Evidence at protein level
S8	G5ECN9	S08.109;	NP_001023732.1	egl-3	Caenorhabditis elegans	652	Evidence at protein level
S8	O17798	S08.047;	NP_492974.2	kpc-1	Caenorhabditis elegans	692	Evidence at protein level
S8	P13134	S08.070;	NP_014161.1	KEX2	Saccharomyces cerevisiae (strain ATCC 204508 / S288c) (Baker's yeast)	814	Evidence at protein level
S8	P26016	S08.048;	NP_524885.1	Fur1	Drosophila melanogaster (Fruit fly)	1269	Evidence at transcript level
S8	Q0WUG6	S08.063;	NP_197467.1	SBT6.1	Arabidopsis thaliana (Mouse-ear cress)	1038	Evidence at protein level
S8	Q23868	S08.127;	XP_637864.1	tagC	Dictyostelium discoideum (Social amoeba)	1741	Evidence at transcript level
S8	Q9LNU1	S08.A22;	NP_001031070.1	CRSP	Arabidopsis thaliana (Mouse-ear cress)	769	Evidence at transcript level
S8	Q9VBC7		NP_477318.1	amon	Drosophila melanogaster (Fruit fly)	654	Evidence at protein level
S8	P30432	S08.049;	NP_523368.2	Fur2	Drosophila melanogaster (Fruit fly)	1679	Evidence at transcript level
S8	Q0V8B6	S53.003;	NP_001069186.1	TPP1	Bos taurus (Bovine)	563	Evidence at transcript level
S8	Q28193	S08.071;	NP_776561.1	FURIN	Bos taurus (Bovine)	797	Evidence at protein level
S8	Q55CT0	S53.003;	XP_646401.1	tpp1	Dictyostelium discoideum (Social amoeba)	600	Inferred from homology
S8	Q78EH2	S08.074;	NP_598243.1	Pcsk4	Rattus norvegicus (Rat)	678	Evidence at transcript level
S8	Q9EQV6	S53.003;	NP_112647.2	Tpp1	Rattus norvegicus (Rat)	563	Evidence at protein level
S8	P21661	S08.073;	NP_032818.1	Pcsk2	Mus musculus (Mouse)	637	Evidence at protein level
S8	P23377	S08.071;	NP_062204.2	Furin	Rattus norvegicus (Rat)	793	Evidence at protein level
S8	P41413	S08.076;	NP_446275.1	Pcsk5	Rattus norvegicus (Rat)	1809	Evidence at transcript level
S8	P59996	S08.039;	NP_954862.2	Pcsk9	Rattus norvegicus (Rat)	691	Evidence at protein level
S8	P63239	S08.072;	NP_001413214.1	Pcsk1	Mus musculus (Mouse)	753	Evidence at protein level
S8	Q61139	S08.077;	NP_001268863.1	Pcsk7	Mus musculus (Mouse)	770	Evidence at transcript level
S8	Q63415	S08.075;		Pcsk6	Rattus norvegicus (Rat)	937	Evidence at protein level
S8	Q64514	S08.A56;	NP_001297469.1	Tpp2	Mus musculus (Mouse)	1262	Evidence at protein level
S8	Q64560	S08.A56;	NP_112399.1	Tpp2	Rattus norvegicus (Rat)	1249	Evidence at transcript level
S8	Q80W65	S08.039;	NP_705793.1	Pcsk9	Mus musculus (Mouse)	694	Evidence at protein level
S8	Q9GTN7	S08.128;	XP_629328.1	tagA	Dictyostelium discoideum (Social amoeba)	1752	Evidence at protein level
S8	Q9MAP5	S08.A35;	NP_564414.2	SBT3.3	Arabidopsis thaliana (Mouse-ear cress)	777	Evidence at transcript level
S8	Q9V6K1	S08.090;	NP_001286376.1	TppII	Drosophila melanogaster (Fruit fly)	1441	Evidence at protein level
S8	Q9WTZ3	S08.063;	NP_446021.2	Mbtps1	Rattus norvegicus (Rat)	1052	Evidence at protein level
S8	A8T650			PCSK9	Gorilla gorilla gorilla (Western lowland gorilla)	690	Evidence at transcript level
S8	A8T688	S08.039;	NP_001254682.1	PCSK9	Callithrix jacchus (White-tufted-ear marmoset) (Simia Jacchus)	690	Evidence at transcript level
S8	O82777	S08.151;	NP_001234774.1	sbt3	Solanum lycopersicum (Tomato) (Lycopersicon esculentum)	761	Evidence at protein level
S8	P12547	S08.053;	XP_001820144.1	alp1	Aspergillus oryzae (strain ATCC 42149 / RIB 40) (Yellow koji mold)	403	Evidence at protein level
S8	P29119	S08.071;		furin	Xenopus laevis (African clawed frog)	783	Evidence at transcript level
S8	A8T644	S08.039;	NP_001104592.1	PCSK9	Pan troglodytes (Chimpanzee)	692	Evidence at transcript level
S8	A8T662			PCSK9	Macaca nemestrina (Pig-tailed macaque)	692	Evidence at transcript level
S8	P28296	S08.053;	XP_751651.1	alp1	Aspergillus fumigatus (strain ATCC MYA-4609 / CBS 101355 / FGSC A1100 / Af293) (Neosartorya fumigata)	403	Evidence at protein level
S8	Q39547	S08.092;	NP_001412405.1		Cucumis melo (Muskmelon)	731	Evidence at protein level
S8	A8T655			PCSK9	Pan paniscus (Pygmy chimpanzee) (Bonobo)	692	Evidence at transcript level
S8	A8T695		NP_001266928.1	PCSK9	Saimiri boliviensis boliviensis (Bolivian squirrel monkey)	691	Evidence at transcript level
S8	Q5IS74	S53.003;	NP_001013025.1	TPP1	Pan troglodytes (Chimpanzee)	563	Evidence at transcript level
S8	Q5RFL1	S53.003;	NP_001124619.1	TPP1	Pongo abelii (Sumatran orangutan) (Pongo pygmaeus abelii)	564	Evidence at transcript level
S8	Q60HH1	S53.003;		TPP1	Macaca fascicularis (Crab-eating macaque) (Cynomolgus monkey)	563	Evidence at transcript level
S8	Q70J59	S53.010;	XP_746536.1	sed2	Aspergillus fumigatus (strain ATCC MYA-4609 / CBS 101355 / FGSC A1100 / Af293) (Neosartorya fumigata)	602	Evidence at protein level
S8	Q9Z2A8	S08.063;	NP_001233611.1	MBTPS1	Cricetulus griseus (Chinese hamster) (Cricetulus barabensis griseus)	1052	Evidence at protein level
S8	P09230	S08.055;		XPR2	Yarrowia lipolytica (strain CLIB 122 / E 150) (Yeast) (Candida lipolytica)	454	Evidence at protein level
S8	Q9XSB8	S53.003;	NP_001013869.1	TPP1	Canis lupus familiaris (Dog) (Canis familiaris)	563	Inferred from homology
S8	A0A044RE18	S08.031;		Bli	Onchocerca volvulus	693	Evidence at protein level
S8	A0A509AM03			SUB1	Plasmodium berghei (strain Anka)	599	Evidence at protein level
S8	A8T666	S08.039;	NP_001106130.1	PCSK9	Macaca mulatta (Rhesus macaque)	692	Evidence at transcript level
S8	Q00208	S08.053;	XP_663162.1	alp1	Emericella nidulans (strain FGSC A4 / ATCC 38163 / CBS 112.46 / NRRL 194 / M139) (Aspergillus nidulans)	403	Evidence at transcript level
S8	Q09175	S08.A55;	NP_594835.1	krp1	Schizosaccharomyces pombe (strain 972 / ATCC 24843) (Fission yeast)	709	Evidence at protein level
S8	Q8I0V0	S08.012;	XP_001351633.1	SUB1	Plasmodium falciparum (isolate 3D7)	688	Evidence at protein level
S8	Q8IHZ5	S08.013;	XP_001348051.1	SUB2	Plasmodium falciparum (isolate 3D7)	1341	Evidence at protein level
S8	W7K9M0	S08.012;		SUB1	Plasmodium falciparum (isolate NF54)	688	Evidence at protein level
S8	F4JXC5	S08.A26;	NP_200789.2	SBT5.4	Arabidopsis thaliana (Mouse-ear cress)	778	Evidence at protein level
S8	P25381	S08.A50;	NP_009974.1	RRT12	Saccharomyces cerevisiae (strain ATCC 204508 / S288c) (Baker's yeast)	491	Evidence at protein level
S8	Q09541	S08.A56;	NP_495221.1	tpp-2	Caenorhabditis elegans	1374	Evidence at transcript level
S8	Q84WS0	S08.155;	NP_563639.2	SBTI1.1	Arabidopsis thaliana (Mouse-ear cress)	774	Evidence at protein level
S8	Q9GLR0	S08.073;	NP_776838.1	PCSK2	Bos taurus (Bovine)	638	Evidence at transcript level
S8	Q9MAP7	S08.A36;	NP_564412.1	SBT3.5	Arabidopsis thaliana (Mouse-ear cress)	774	Evidence at protein level
S8	Q9ZSP5	S08.119;	NP_565309.2	AIR3	Arabidopsis thaliana (Mouse-ear cress)	772	Evidence at transcript level
S8	Q9ZUF6	S08.A24;	NP_565330.1	SBT1.8	Arabidopsis thaliana (Mouse-ear cress)	754	Evidence at protein level
S8	Q8L7D2	S08.A20;	NP_568895.1	SBT4.12	Arabidopsis thaliana (Mouse-ear cress)	736	Evidence at transcript level
S8	A5PK39	S08.A56;	NP_001092504.1	TPP2	Bos taurus (Bovine)	1249	Evidence at transcript level
S8	Q9LVJ1	S08.A28;	NP_566473.2	SBT1.4	Arabidopsis thaliana (Mouse-ear cress)	777	Evidence at transcript level
S8	F4HYR6	S08.014;	NP_564793.2	SBT2.4	Arabidopsis thaliana (Mouse-ear cress)	832	Evidence at protein level
S8	Q8T9W1	S08.A57;	XP_637863.1	tagD	Dictyostelium discoideum (Social amoeba)	1825	Inferred from homology
S8	Q9GLR1	S08.072;	NP_776837.1	PCSK1	Bos taurus (Bovine)	753	Evidence at transcript level
S8	A1CWF3	S08.053;	XP_001266852.1	alp1	Neosartorya fischeri (strain ATCC 1020 / DSM 3700 / CBS 544.65 / FGSC A1164 / JCM 1740 / NRRL 181 / WB 181) (Aspergillus fischerianus)	403	Evidence at transcript level
S8	O13359			KEX2	Candida albicans (strain WO-1) (Yeast)	938	Inferred from homology
S8	Q8I430	S08.122;	XP_001351630.1	SUB3	Plasmodium falciparum (isolate 3D7)	769	Evidence at protein level
S8	G1X8P8	S08.120;	XP_011120860.1		Arthrobotrys oligospora (strain ATCC 24927 / CBS 115.81 / DSM 1491) (Nematode-trapping fungus) (Didymozoophaga oligospora)	409	Evidence at protein level
S8	L8FSM5			SP2	Pseudogymnoascus destructans (strain ATCC MYA-4855 / 20631-21) (Bat white-nose syndrome fungus) (Geomyces destructans)	400	Evidence at protein level
S8	P87184		XP_753718.1	alp2	Aspergillus fumigatus (strain ATCC MYA-4609 / CBS 101355 / FGSC A1100 / Af293) (Neosartorya fumigata)	495	Evidence at protein level
S8	Q03333	S08.073;	NP_001004044.1	PCSK2	Sus scrofa (Pig)	638	Evidence at transcript level
S8	Q70GH4	S53.010;	XP_754723.2	sed3	Aspergillus fumigatus (strain ATCC MYA-4609 / CBS 101355 / FGSC A1100 / Af293) (Neosartorya fumigata)	596	Evidence at protein level
S8	P09231			KEX1	Kluyveromyces lactis (strain ATCC 8585 / CBS 2359 / DSM 70799 / NBRC 1267 / NRRL Y-1140 / WM37) (Yeast) (Candida sphaerica)	756	Inferred from homology
S8	P40903	S08.A54;	NP_593815.1	isp6	Schizosaccharomyces pombe (strain 972 / ATCC 24843) (Fission yeast)	467	Evidence at transcript level
S8	Q4WQU0	S53.010;	XP_751432.1	sed4	Aspergillus fumigatus (strain ATCC MYA-4609 / CBS 101355 / FGSC A1100 / Af293) (Neosartorya fumigata)	594	Evidence at protein level
S8	Q5REC2	S08.073;	NP_001124879.1	PCSK2	Pongo abelii (Sumatran orangutan) (Pongo pygmaeus abelii)	638	Evidence at transcript level
S8	F4JA91	S08.A18;	NP_566887.2	SBT4.5	Arabidopsis thaliana (Mouse-ear cress)	738	Inferred from homology
S8	F4KEL0	S08.A05;	NP_199377.2	SBT5.5	Arabidopsis thaliana (Mouse-ear cress)	803	Inferred from homology
S8	F4KGD4	S08.A11;	NP_568888.1	SBT4.7	Arabidopsis thaliana (Mouse-ear cress)	703	Inferred from homology
S8	Q8GWX9	S08.A34;	NP_564868.2	SBT3.16	Arabidopsis thaliana (Mouse-ear cress)	759	Evidence at transcript level
S8	Q9FHA4	S08.A16;	NP_569044.1	SBT1.9	Arabidopsis thaliana (Mouse-ear cress)	736	Evidence at transcript level
S8	Q9FI12	S08.A04;	NP_568634.1	SBT2.3	Arabidopsis thaliana (Mouse-ear cress)	840	Evidence at transcript level
S8	Q9FIM8	S08.A10;		SBT4.10	Arabidopsis thaliana (Mouse-ear cress)	693	Uncertain
S8	Q9FLI4	S08.A25;	NP_568765.1	SBT1.3	Arabidopsis thaliana (Mouse-ear cress)	780	Evidence at transcript level
S8	Q9LUM3	S08.A44;	NP_566483.1	SBT1.5	Arabidopsis thaliana (Mouse-ear cress)	775	Evidence at transcript level
S8	Q9SA75	S08.A03;	NP_174348.1	SBT2.1	Arabidopsis thaliana (Mouse-ear cress)	832	Evidence at transcript level
S8	Q9STF7	S08.A06;	NP_566888.2	SBT4.6	Arabidopsis thaliana (Mouse-ear cress)	736	Inferred from homology
S8	F4HPF1	S08.A27;	NP_564413.2	SBT3.4	Arabidopsis thaliana (Mouse-ear cress)	773	Inferred from homology
S8	O64481	S08.A02;	NP_001324171.1	SBT2.5	Arabidopsis thaliana (Mouse-ear cress)	815	Evidence at transcript level
S8	Q8L7I2	S08.A43;	NP_001078370.1	SBT3.6	Arabidopsis thaliana (Mouse-ear cress)	778	Evidence at transcript level
S8	Q9C7U8	S08.A33;	NP_564869.1	SBT3.17	Arabidopsis thaliana (Mouse-ear cress)	753	Inferred from homology
S8	Q9FIM6	S08.A12;	NP_001318833.1	SBT4.8	Arabidopsis thaliana (Mouse-ear cress)	710	Inferred from homology
S8	Q9STQ2	S08.A40;	NP_567744.1	SBT3.18	Arabidopsis thaliana (Mouse-ear cress)	779	Inferred from homology
S8	Q9SZY3	S08.A45;	NP_567361.1	SBT3.8	Arabidopsis thaliana (Mouse-ear cress)	775	Inferred from homology
S8	F4HSQ2	S08.A23;	NP_564106.1	SBT5.1	Arabidopsis thaliana (Mouse-ear cress)	780	Inferred from homology
S8	F4IG09	S08.A46;	NP_565915.2	SBT4.1	Arabidopsis thaliana (Mouse-ear cress)	775	Inferred from homology
S8	O49607	S08.A39;	NP_567972.1	SBT1.6	Arabidopsis thaliana (Mouse-ear cress)	764	Evidence at transcript level
S8	P25036	S08.A51;	NP_014645.1	YSP3	Saccharomyces cerevisiae (strain ATCC 204508 / S288c) (Baker's yeast)	478	Evidence at transcript level
S8	Q9MAP4	S08.A41;	NP_174573.1	SBT3.2	Arabidopsis thaliana (Mouse-ear cress)	734	Evidence at transcript level
S8	Q9SVT4	S08.A47;	NP_001320025.1	SBT3.14	Arabidopsis thaliana (Mouse-ear cress)	759	Inferred from homology
S8	Q9ZSB1	S08.A38;	NP_567360.1	SBT3.10	Arabidopsis thaliana (Mouse-ear cress)	759	Inferred from homology
S8	O23357	S08.A17;	NP_001319943.1	SBT4.2	Arabidopsis thaliana (Mouse-ear cress)	725	Inferred from homology
S8	Q1PDX5	S08.A37;	NP_568255.1	SBT3.11	Arabidopsis thaliana (Mouse-ear cress)	762	Evidence at transcript level
S8	Q6ESI7	S08.A56;		TPP2	Oryza sativa subsp. japonica (Rice)	1359	Evidence at transcript level
S8	Q9FGU3	S08.A19;	NP_568896.1	SBT4.4	Arabidopsis thaliana (Mouse-ear cress)	741	Evidence at transcript level
S8	Q9FIF8	S08.A09;	NP_568901.1	SBT4.3	Arabidopsis thaliana (Mouse-ear cress)	729	Inferred from homology
S8	Q9FIG1	S08.A15;	NP_001330156.1	SBT4.11	Arabidopsis thaliana (Mouse-ear cress)	736	Evidence at transcript level
S8	Q9FIM5	S08.A07;	NP_568890.2	SBT4.9	Arabidopsis thaliana (Mouse-ear cress)	713	Evidence at transcript level
S8	Q9FK76	S08.082;	NP_001318744.1	SBT5.6	Arabidopsis thaliana (Mouse-ear cress)	791	Evidence at transcript level
S8	Q9LLL8	S08.A14;	NP_567155.1	SBT4.14	Arabidopsis thaliana (Mouse-ear cress)	749	Evidence at transcript level
S8	Q9LZS6	S08.A13;	NP_568124.1	SBT4.15	Arabidopsis thaliana (Mouse-ear cress)	766	Inferred from homology
S8	Q9ZSB0	S08.A38;	NP_567359.1	SBT3.9	Arabidopsis thaliana (Mouse-ear cress)	756	Inferred from homology
S8	F4JJH4	S08.A32;	NP_567624.1	SBT3.1	Arabidopsis thaliana (Mouse-ear cress)	764	Inferred from homology
S8	F4JJH5	S08.A30;S08.A32;		SBT3.12	Arabidopsis thaliana (Mouse-ear cress)	754	Inferred from homology
S8	F4JJL8	S08.A42;	NP_193895.2	SBT3.15	Arabidopsis thaliana (Mouse-ear cress)	761	Evidence at transcript level
S8	Q8GUK4	S08.A48;	NP_567633.2	SBT3.13	Arabidopsis thaliana (Mouse-ear cress)	766	Evidence at transcript level
S8	Q9FIG2	S08.A21;	NP_568898.2	SBT4.13	Arabidopsis thaliana (Mouse-ear cress)	732	Evidence at transcript level
S8	Q9SUN6	S08.A01;	NP_001190781.1	SBT2.2	Arabidopsis thaliana (Mouse-ear cress)	856	Inferred from homology
S8	Q9SZV5	S08.A02;	NP_001328423.1	SBT2.6	Arabidopsis thaliana (Mouse-ear cress)	816	Evidence at transcript level
S8	Q9SZY2	S08.A49;	NP_001328158.1	SBT3.7	Arabidopsis thaliana (Mouse-ear cress)	777	Inferred from homology
S8	C5FII2		XP_002849136.1	SUB8	Arthroderma otae (strain ATCC MYA-4605 / CBS 113480) (Microsporum canis)	490	Inferred from homology
S8	C5FMY5		XP_002846303.1	SUB3	Arthroderma otae (strain ATCC MYA-4605 / CBS 113480) (Microsporum canis)	397	Inferred from homology
S8	C5FTQ5	S53.010;	XP_002846208.1	SED3	Arthroderma otae (strain ATCC MYA-4605 / CBS 113480) (Microsporum canis)	595	Inferred from homology
S8	C5FZ39		XP_002842878.1	SUB11	Arthroderma otae (strain ATCC MYA-4605 / CBS 113480) (Microsporum canis)	400	Inferred from homology
S8	D4APE3		XP_003015799.1	SUB11	Arthroderma benhamiae (strain ATCC MYA-4681 / CBS 112371) (Trichophyton mentagrophytes)	400	Inferred from homology
S8	D4B5N1		XP_003015507.1	SUB9	Arthroderma benhamiae (strain ATCC MYA-4681 / CBS 112371) (Trichophyton mentagrophytes)	402	Inferred from homology
S8	D4CZ60		XP_003025726.1	SUB11	Trichophyton verrucosum (strain HKI 0517)	400	Inferred from homology
S8	D4CZQ4		XP_003025534.1	SUB7	Trichophyton verrucosum (strain HKI 0517)	420	Inferred from homology
S8	D4D674	S08.115;	XP_003023263.1	SUB9	Trichophyton verrucosum (strain HKI 0517)	397	Inferred from homology
S8	D4D9U2		XP_003021991.1	SED4	Trichophyton verrucosum (strain HKI 0517)	600	Inferred from homology
S8	E4UY04		XP_003172408.1	SUB12	Arthroderma gypseum (strain ATCC MYA-4604 / CBS 118893) (Microsporum gypseum)	397	Inferred from homology
S8	E4V4J8		XP_003169757.1	SUB6	Arthroderma gypseum (strain ATCC MYA-4604 / CBS 118893) (Microsporum gypseum)	408	Inferred from homology
S8	G7KEU7			SBT	Medicago truncatula (Barrel medic) (Medicago tribuloides)	748	Evidence at transcript level
S8	J9VDC2		XP_012046191.1	PQP1	Cryptococcus neoformans (strain H99 / ATCC 208821 / CBS 10515 / FGSC 9487) (Cryptococcus neoformans var. grubii serotype A)	951	Evidence at protein level
S8	A1CIA7	S08.053;	XP_001272038.1	alp1	Aspergillus clavatus (strain ATCC 1007 / CBS 513.65 / DSM 816 / NCTC 3887 / NRRL 1 / QM 1276 / 107)	403	Inferred from homology
S8	B0Y473			alp2	Aspergillus fumigatus (strain CBS 144.89 / FGSC A1163 / CEA10) (Neosartorya fumigata)	495	Inferred from homology
S8	B0Y708	S08.053;		alp1	Aspergillus fumigatus (strain CBS 144.89 / FGSC A1163 / CEA10) (Neosartorya fumigata)	403	Inferred from homology
S8	D4AKU9		XP_003016653.1	SUB1	Arthroderma benhamiae (strain ATCC MYA-4681 / CBS 112371) (Trichophyton mentagrophytes)	533	Evidence at transcript level
S8	D4AQG0		XP_003015344.1	SUB10	Arthroderma benhamiae (strain ATCC MYA-4681 / CBS 112371) (Trichophyton mentagrophytes)	522	Inferred from homology
S8	D4D0F5		XP_003025273.1	SUB5	Trichophyton verrucosum (strain HKI 0517)	396	Inferred from homology
S8	D4DBH6		XP_003021402.1	SED2	Trichophyton verrucosum (strain HKI 0517)	596	Inferred from homology
S8	D4DIW9	S08.025;	XP_003018862.1	SUB1	Trichophyton verrucosum (strain HKI 0517)	518	Inferred from homology
S8	D4DLI5		XP_003017939.1	SUB2	Trichophyton verrucosum (strain HKI 0517)	421	Inferred from homology
S8	E4UWA4		XP_003172123.1	SUB4	Arthroderma gypseum (strain ATCC MYA-4604 / CBS 118893) (Microsporum gypseum)	399	Inferred from homology
S8	P42781			XPR6	Yarrowia lipolytica (strain CLIB 122 / E 150) (Yeast) (Candida lipolytica)	976	Inferred from homology
S8	C5FRX4		XP_002845577.1	SED4	Arthroderma otae (strain ATCC MYA-4605 / CBS 113480) (Microsporum canis)	601	Inferred from homology
S8	C5FX37		XP_002843913.1	SUB10	Arthroderma otae (strain ATCC MYA-4605 / CBS 113480) (Microsporum canis)	401	Inferred from homology
S8	C5G168		XP_002842859.1	SUB2	Arthroderma otae (strain ATCC MYA-4605 / CBS 113480) (Microsporum canis)	423	Inferred from homology
S8	D4AIK6		XP_003017224.1	SED4	Arthroderma benhamiae (strain ATCC MYA-4681 / CBS 112371) (Trichophyton mentagrophytes)	600	Evidence at protein level
S8	D4AK75		XP_003017793.1	SED3	Arthroderma benhamiae (strain ATCC MYA-4681 / CBS 112371) (Trichophyton mentagrophytes)	593	Inferred from homology
S8	D4B194		XP_003011669.1	SUB5	Arthroderma benhamiae (strain ATCC MYA-4681 / CBS 112371) (Trichophyton mentagrophytes)	396	Inferred from homology
S8	E4UTU7		XP_003174420.1	SUB9	Arthroderma gypseum (strain ATCC MYA-4604 / CBS 118893) (Microsporum gypseum)	402	Inferred from homology
S8	I1N462				Glycine max (Soybean) (Glycine hispida)	789	Evidence at protein level
S8	L8GD75			SP3	Pseudogymnoascus destructans (strain ATCC MYA-4855 / 20631-21) (Bat white-nose syndrome fungus) (Geomyces destructans)	404	Evidence at protein level
S8	Q8SQJ3	S08.032;		SPL1	Encephalitozoon cuniculi (strain GB-M1) (Microsporidian parasite)	465	Evidence at transcript level
S8	Q8SS86		NP_597627.1	SPL2	Encephalitozoon cuniculi (strain GB-M1) (Microsporidian parasite)	535	Evidence at transcript level
S8	Q9UTS0	S08.032;	NP_594848.1	psp3	Schizosaccharomyces pombe (strain 972 / ATCC 24843) (Fission yeast)	451	Evidence at transcript level
S8	C5FPS1	S08.062;	XP_002846758.1	SUB1	Arthroderma otae (strain ATCC MYA-4605 / CBS 113480) (Microsporum canis)	485	Inferred from homology
S8	C5FQI3		XP_002847218.1	SUB6	Arthroderma otae (strain ATCC MYA-4605 / CBS 113480) (Microsporum canis)	406	Inferred from homology
S8	C5G1D1		XP_002842613.1	SUB5	Arthroderma otae (strain ATCC MYA-4605 / CBS 113480) (Microsporum canis)	395	Inferred from homology
S8	D4ALV9		XP_003017013.1	SUB6	Arthroderma benhamiae (strain ATCC MYA-4681 / CBS 112371) (Trichophyton mentagrophytes)	412	Evidence at transcript level
S8	D4ANG0		XP_003016366.1	SED2	Arthroderma benhamiae (strain ATCC MYA-4681 / CBS 112371) (Trichophyton mentagrophytes)	596	Evidence at protein level
S8	D4D1U5		XP_003024765.1	SUB12	Trichophyton verrucosum (strain HKI 0517)	397	Inferred from homology
S8	D4D6Q4		XP_003023091.1	SUB4	Trichophyton verrucosum (strain HKI 0517)	399	Inferred from homology
S8	D4DKQ4		XP_003018203.1	SUB8	Trichophyton verrucosum (strain HKI 0517)	490	Inferred from homology
S8	D4DLA2		XP_003018013.1	SUB3	Trichophyton verrucosum (strain HKI 0517)	397	Inferred from homology
S8	E4UPZ4	S08.062;	XP_003174611.1	SUB1	Arthroderma gypseum (strain ATCC MYA-4604 / CBS 118893) (Microsporum gypseum)	481	Inferred from homology
S8	E4V5C5		XP_003170034.1	SUB11	Arthroderma gypseum (strain ATCC MYA-4604 / CBS 118893) (Microsporum gypseum)	400	Inferred from homology
S8	L8G6I7			SP1	Pseudogymnoascus destructans (strain ATCC MYA-4855 / 20631-21) (Bat white-nose syndrome fungus) (Geomyces destructans)	400	Evidence at protein level
S8	P58371	S08.052;	XP_003716216.1	SPM1	Pyricularia oryzae (strain 70-15 / ATCC MYA-4617 / FGSC 8958) (Rice blast fungus) (Magnaporthe oryzae)	536	Inferred from homology
S8	Q9UT05	S08.A56;		tpp2	Schizosaccharomyces pombe (strain 972 / ATCC 24843) (Fission yeast)	1218	Evidence at protein level
S8	C5FBW2		XP_002850080.1	SED2	Arthroderma otae (strain ATCC MYA-4605 / CBS 113480) (Microsporum canis)	596	Inferred from homology
S8	C5FH27	S08.115;	XP_002848542.1	SUB9	Arthroderma otae (strain ATCC MYA-4605 / CBS 113480) (Microsporum canis)	395	Inferred from homology
S8	C5FHK0		XP_002848625.1	SED1	Arthroderma otae (strain ATCC MYA-4605 / CBS 113480) (Microsporum canis)	670	Inferred from homology
S8	C5FJA5		XP_002849411.1	SUB7	Arthroderma otae (strain ATCC MYA-4605 / CBS 113480) (Microsporum canis)	400	Inferred from homology
S8	C5FXZ6	S08.115;	XP_002843430.1	SUB4	Arthroderma otae (strain ATCC MYA-4605 / CBS 113480) (Microsporum canis)	399	Inferred from homology
S8	D4APA9		XP_003015765.1	SUB7	Arthroderma benhamiae (strain ATCC MYA-4681 / CBS 112371) (Trichophyton mentagrophytes)	420	Evidence at protein level
S8	D4AQA9		XP_003015293.1	SUB12	Arthroderma benhamiae (strain ATCC MYA-4681 / CBS 112371) (Trichophyton mentagrophytes)	416	Inferred from homology
S8	D4AWY5		XP_003013156.1	SUB3	Arthroderma benhamiae (strain ATCC MYA-4681 / CBS 112371) (Trichophyton mentagrophytes)	397	Evidence at protein level
S8	D4AX50		XP_003012895.1	SUB8	Arthroderma benhamiae (strain ATCC MYA-4681 / CBS 112371) (Trichophyton mentagrophytes)	490	Inferred from homology
S8	D4AXW3		XP_003012781.1	SUB4	Arthroderma benhamiae (strain ATCC MYA-4681 / CBS 112371) (Trichophyton mentagrophytes)	399	Evidence at protein level
S8	D4AZ75		XP_003012235.1	SUB2	Arthroderma benhamiae (strain ATCC MYA-4681 / CBS 112371) (Trichophyton mentagrophytes)	421	Evidence at transcript level
S8	D4D5H3		XP_003023596.1	SUB6	Trichophyton verrucosum (strain HKI 0517)	412	Inferred from homology
S8	D4D7N6		XP_003022738.1	SED3	Trichophyton verrucosum (strain HKI 0517)	593	Inferred from homology
S8	D4DIS6		XP_003018895.1	SUB10	Trichophyton verrucosum (strain HKI 0517)	522	Inferred from homology
S8	E4UN97		XP_003175041.1	SUB3	Arthroderma gypseum (strain ATCC MYA-4604 / CBS 118893) (Microsporum gypseum)	397	Inferred from homology
S8	E4UZP9		XP_003172033.1	SUB2	Arthroderma gypseum (strain ATCC MYA-4604 / CBS 118893) (Microsporum gypseum)	422	Inferred from homology
S8	E4V2L6		XP_003171289.1	SUB5	Arthroderma gypseum (strain ATCC MYA-4604 / CBS 118893) (Microsporum gypseum)	396	Inferred from homology
S8	E4V2V9		XP_003170096.1	SUB7	Arthroderma gypseum (strain ATCC MYA-4604 / CBS 118893) (Microsporum gypseum)	400	Inferred from homology
S9	P42658	S09.973;	NP_570629.2	DPP6	Homo sapiens (Human)	865	Evidence at protein level
S9	P13798	S09.004;	NP_001631.3	APEH	Homo sapiens (Human)	732	Evidence at protein level
S9	Q86TI2	S09.019;	NP_001371540.1	DPP9	Homo sapiens (Human)	863	Evidence at protein level
S9	Q8N608	S09.974;	NP_001004360.3	DPP10	Homo sapiens (Human)	796	Evidence at protein level
S9	P27487	S09.003;	NP_001926.2	DPP4	Homo sapiens (Human)	766	Evidence at protein level
S9	Q4J6C6	S09.015;	NP_001035844.1	PREPL	Homo sapiens (Human)	727	Evidence at protein level
S9	Q6V1X1	S09.018;	NP_001307804.1	DPP8	Homo sapiens (Human)	898	Evidence at protein level
S9	P48147	S09.001;	NP_002717.3	PREP	Homo sapiens (Human)	710	Evidence at protein level
S9	Q12884	S09.007;	NP_001278736.1	FAP	Homo sapiens (Human)	760	Evidence at protein level
S9	P81425	S09.003;	NP_776464.1	DPP4	Bos taurus (Bovine)	765	Evidence at protein level
S9	Q6NXK7	S09.974;	NP_950186.3	Dpp10	Mus musculus (Mouse)	797	Evidence at protein level
S9	Q9QUR6	S09.001;	NP_035286.1	Prep	Mus musculus (Mouse)	710	Evidence at protein level
S9	O70196	S09.001;	NP_112614.2	Prep	Rattus norvegicus (Rat)	710	Evidence at protein level
S9	P13676		NP_036632.1	Apeh	Rattus norvegicus (Rat)	732	Evidence at protein level
S9	P14740	S09.003;	NP_036921.2	Dpp4	Rattus norvegicus (Rat)	767	Evidence at protein level
S9	P46101	S09.973;	NP_074041.2	Dpp6	Rattus norvegicus (Rat)	859	Evidence at protein level
S9	Q6Q629	S09.974;	NP_001012205.1	Dpp10	Rattus norvegicus (Rat)	796	Evidence at protein level
S9	Q86AS5	S09.B02;	XP_644295.1	prep	Dictyostelium discoideum (Social amoeba)	760	Evidence at protein level
S9	Q8BVG4	S09.019;	NP_766212.2	Dpp9	Mus musculus (Mouse)	862	Evidence at protein level
S9	Q8C167	S09.015;	NP_001157094.1	Prepl	Mus musculus (Mouse)	725	Evidence at protein level
S9	Q8R146	S09.004;	NP_001397427.1	Apeh	Mus musculus (Mouse)	732	Evidence at protein level
S9	Q84LM4			AARE	Arabidopsis thaliana (Mouse-ear cress)	764	Evidence at protein level
S9	A5D7B7	S09.007;	NP_001091470.1	FAP	Bos taurus (Bovine)	760	Evidence at protein level
S9	P28843	S09.003;	NP_001153015.1	Dpp4	Mus musculus (Mouse)	760	Evidence at protein level
S9	P80227	S09.004;	NP_001076900.1	APEH	Bos taurus (Bovine)	730	Evidence at protein level
S9	P97321	S09.007;	NP_032012.1	Fap	Mus musculus (Mouse)	761	Evidence at protein level
S9	Q9Z218	S09.973;	NP_034205.1	Dpp6	Mus musculus (Mouse)	804	Evidence at protein level
S9	P19205	S09.004;	NP_999088.1	APEH	Sus scrofa (Pig)	732	Evidence at protein level
S9	Q9N2I7	S09.003;	NP_001009838.1	DPP4	Felis catus (Cat) (Felis silvestris catus)	765	Evidence at transcript level
S9	H2E7Q8	S09.077;		POPB	Galerina marginata (strain CBS 339.88)	730	Evidence at protein level
S9	Q5AZ32		XP_664052.1	cicF	Emericella nidulans (strain FGSC A4 / ATCC 38163 / CBS 112.46 / NRRL 194 / M139) (Aspergillus nidulans)	2517	Evidence at protein level
S9	P22411	S09.003;	NP_999422.1	DPP4	Sus scrofa (Pig)	766	Evidence at protein level
S9	P25154	S09.004;		APEH	Oryctolagus cuniculus (Rabbit)	737	Evidence at protein level
S9	P33894	S09.005;	NP_014862.3	STE13	Saccharomyces cerevisiae (strain ATCC 204508 / S288c) (Baker's yeast)	931	Evidence at protein level
S9	P42659	S09.973;	NP_776465.1	DPP6	Bos taurus (Bovine)	863	Evidence at protein level
S9	Q5HZA6	S09.015;	NP_001010951.1	Prepl	Rattus norvegicus (Rat)	726	Evidence at protein level
S9	A0A2R8QP51		NP_001070781.2	dpp9	Danio rerio (Zebrafish) (Brachydanio rerio)	885	Inferred from homology
S9	Q8VZF3	S09.021;	NP_850473.1	GEP	Arabidopsis thaliana (Mouse-ear cress)	960	Evidence at transcript level
S9	Q80YA7	S09.018;	NP_001388065.1	Dpp8	Mus musculus (Mouse)	892	Evidence at protein level
S9	Q8RXP6	S09.A24;	NP_568395.1	WAV2	Arabidopsis thaliana (Mouse-ear cress)	308	Evidence at transcript level
S9	Q7JKY3	S09.A76;	NP_506850.1	dpf-1	Caenorhabditis elegans	799	Evidence at protein level
S9	A0A5N6TQS7			aveA	Aspergillus avenaceus	2197	Evidence at protein level
S9	C4JF72		XP_002542778.1	uncA	Uncinocarpus reesii (strain UAMH 1704)	2149	Evidence at protein level
S9	A0A0F7U103			ausA	Penicillium brasilianum	2475	Inferred from homology
S9	B0XRV0	S09.012;			Aspergillus fumigatus (strain CBS 144.89 / FGSC A1163 / CEA10) (Neosartorya fumigata)	721	Evidence at protein level
S9	P23687	S09.001;	NP_001004050.1	PREP	Sus scrofa (Pig)	710	Evidence at protein level
S9	B2D0J4		NP_001119715.2		Apis mellifera (Honeybee)	775	Evidence at protein level
S9	B6HV32			adrD	Penicillium rubens (strain ATCC 28089 / DSM 1075 / NRRL 1951 / Wisconsin 54-1255) (Penicillium chrysogenum)	2496	Evidence at protein level
S9	Q2UH35	S09.008;	XP_001821132.1	dpp4	Aspergillus oryzae (strain ATCC 42149 / RIB 40) (Yellow koji mold)	771	Evidence at protein level
S9	P18962	S09.006;	NP_011893.1	DAP2	Saccharomyces cerevisiae (strain ATCC 204508 / S288c) (Baker's yeast)	818	Evidence at protein level
S9	Q10MJ1	S09.021;		GEP	Oryza sativa subsp. japonica (Rice)	938	Evidence at transcript level
S9	Q9XTA2	S09.001;	NP_777197.1	PREP	Bos taurus (Bovine)	710	Evidence at transcript level
S9	Q18253	S09.A74;	NP_510461.1	dpf-2	Caenorhabditis elegans	829	Evidence at protein level
S9	P34422	S09.A77;	NP_001370390.1	dpf-6	Caenorhabditis elegans	740	Inferred from homology
S9	A0A0E1RWJ5		XP_001243721.2	cocB	Coccidioides immitis (strain RS) (Valley fever fungus)	2211	Evidence at protein level
S9	B6QVW4	S09.006;		dapB	Talaromyces marneffei (strain ATCC 18224 / CBS 334.59 / QM 7333) (Penicillium marneffei)	899	Inferred from homology
S9	C5FH88	S09.012;	XP_002848692.1	DPP5	Arthroderma otae (strain ATCC MYA-4605 / CBS 113480) (Microsporum canis)	726	Inferred from homology
S9	C5JC30	S09.006;	XP_002628849.1	DAPB	Blastomyces gilchristii (strain SLH14081) (Blastomyces dermatitidis)	915	Inferred from homology
S9	C7YYG9		XP_003048718.1	DAPB	Fusarium vanettenii (strain ATCC MYA-4622 / CBS 123669 / FGSC 9596 / NRRL 45880 / 77-13-4) (Fusarium solani subsp. pisi)	912	Inferred from homology
S9	D5GM60	S09.006;	XP_002841412.1	DAPB	Tuber melanosporum (strain Mel28) (Perigord black truffle)	907	Inferred from homology
S9	E3QKD2		XP_008095340.1	DAPB	Colletotrichum graminicola (strain M1.001 / M2 / FGSC 10212) (Maize anthracnose fungus) (Glomerella graminicola)	921	Inferred from homology
S9	E3S9K3			dapB	Pyrenophora teres f. teres (strain 0-1) (Barley net blotch fungus) (Drechslera teres f. teres)	907	Inferred from homology
S9	E4UYL6		XP_003172590.1	DAPB	Arthroderma gypseum (strain ATCC MYA-4604 / CBS 118893) (Microsporum gypseum)	917	Inferred from homology
S9	E9CUF4			DAPB	Coccidioides posadasii (strain RMSCC 757 / Silveira) (Valley fever fungus)	917	Inferred from homology
S9	O14073	S09.006;			Schizosaccharomyces pombe (strain 972 / ATCC 24843) (Fission yeast)	793	Inferred from homology
S9	Q2HF90		XP_001220335.1	DAPB	Chaetomium globosum (strain ATCC 6205 / CBS 148.51 / DSM 1962 / NBRC 6347 / NRRL 1970) (Soil fungus)	925	Inferred from homology
S9	Q2UPW4	S09.006;		dapB	Aspergillus oryzae (strain ATCC 42149 / RIB 40) (Yellow koji mold)	902	Inferred from homology
S9	A0A1Q3EPF5			ledP	Lentinula edodes (Shiitake mushroom) (Lentinus edodes)	744	Evidence at protein level
S9	A1CHP1	S09.008;	XP_001271822.1	dpp4	Aspergillus clavatus (strain ATCC 1007 / CBS 513.65 / DSM 816 / NCTC 3887 / NRRL 1 / QM 1276 / 107)	768	Inferred from homology
S9	A1D7R6	S09.006;	XP_001263657.1	dapB	Neosartorya fischeri (strain ATCC 1020 / DSM 3700 / CBS 544.65 / FGSC A1164 / JCM 1740 / NRRL 181 / WB 181) (Aspergillus fischerianus)	919	Inferred from homology
S9	A2QEK7	S09.006;		dapB	Aspergillus niger (strain ATCC MYA-4892 / CBS 513.88 / FGSC A1513)	901	Inferred from homology
S9	A4QYQ5	S09.006;	XP_003712956.1	DAPB	Pyricularia oryzae (strain 70-15 / ATCC MYA-4617 / FGSC 8958) (Rice blast fungus) (Magnaporthe oryzae)	938	Inferred from homology
S9	A5LFV8	S09.015;		PREPL	Macaca fascicularis (Crab-eating macaque) (Cynomolgus monkey)	727	Evidence at transcript level
S9	A6SL49	S09.006;	XP_001547950.1	dapB	Botryotinia fuckeliana (strain B05.10) (Noble rot fungus) (Botrytis cinerea)	921	Inferred from homology
S9	C5GVF3			DAPB	Ajellomyces dermatitidis (strain ER-3 / ATCC MYA-2586) (Blastomyces dermatitidis)	915	Inferred from homology
S9	D4ARB1		XP_003014894.1	DPP5	Arthroderma benhamiae (strain ATCC MYA-4681 / CBS 112371) (Trichophyton mentagrophytes)	726	Evidence at protein level
S9	Q4WPH9	S09.008;		dpp4	Aspergillus fumigatus (strain ATCC MYA-4609 / CBS 101355 / FGSC A1100 / Af293) (Neosartorya fumigata)	765	Inferred from homology
S9	Q5AZ42	S09.008;	XP_664042.1	dpp4	Emericella nidulans (strain FGSC A4 / ATCC 38163 / CBS 112.46 / NRRL 194 / M139) (Aspergillus nidulans)	773	Inferred from homology
S9	Q5RAK4	S09.015;	NP_001124991.2	PREPL	Pongo abelii (Sumatran orangutan) (Pongo pygmaeus abelii)	727	Evidence at transcript level
S9	A0A1L7U5Y7			FMN3	Fusarium mangiferae (Mango malformation disease fungus)	289	Evidence at transcript level
S9	B0XYK8	S09.006;		dapB	Aspergillus fumigatus (strain CBS 144.89 / FGSC A1163 / CEA10) (Neosartorya fumigata)	919	Inferred from homology
S9	D4D5P5		XP_003023434.1	DPP5	Trichophyton verrucosum (strain HKI 0517)	726	Inferred from homology
S9	E9ED72			DAPB	Metarhizium acridum (strain CQMa 102)	934	Inferred from homology
S9	Q4WX13	S09.006;	XP_754828.2	dapB	Aspergillus fumigatus (strain ATCC MYA-4609 / CBS 101355 / FGSC A1100 / Af293) (Neosartorya fumigata)	919	Inferred from homology
S9	Q7SHU8	S09.006;	XP_965646.2	dapB	Neurospora crassa (strain ATCC 24698 / 74-OR23-1A / CBS 708.71 / DSM 1257 / FGSC 987)	924	Inferred from homology
S9	Q9P7E9	S09.A93;	NP_594920.2		Schizosaccharomyces pombe (strain 972 / ATCC 24843) (Fission yeast)	853	Inferred from homology
S9	A0A4S8L6U5			dbiP	Dendrothele bispora (strain CBS 962.96)	736	Evidence at protein level
S9	A1CJQ1	S09.006;	XP_001270801.1	dapB	Aspergillus clavatus (strain ATCC 1007 / CBS 513.65 / DSM 816 / NCTC 3887 / NRRL 1 / QM 1276 / 107)	914	Inferred from homology
S9	A7EQZ1	S09.006;	XP_001591119.1	dapB	Sclerotinia sclerotiorum (strain ATCC 18683 / 1980 / Ss-1) (White mold) (Whetzelinia sclerotiorum)	921	Inferred from homology
S9	B8MTH6	S09.006;	XP_002487962.1	dapB	Talaromyces stipitatus (strain ATCC 10500 / CBS 375.48 / QM 6759 / NRRL 1006) (Penicillium stipitatum)	900	Inferred from homology
S9	C0NUQ8	S09.006;		DAPB	Ajellomyces capsulatus (strain G186AR / H82 / ATCC MYA-2454 / RMSCC 2432) (Darling's disease fungus) (Histoplasma capsulatum)	923	Inferred from homology
S9	C1GT79	S09.006;	XP_002796716.1	DAPB	Paracoccidioides lutzii (strain ATCC MYA-826 / Pb01) (Paracoccidioides brasiliensis)	912	Inferred from homology
S9	C4JHY5	S09.006;	XP_002541894.1	DAPB	Uncinocarpus reesii (strain UAMH 1704)	914	Inferred from homology
S9	C5FJE3	S09.008;	XP_002849449.1	DPP4	Arthroderma otae (strain ATCC MYA-4605 / CBS 113480) (Microsporum canis)	775	Inferred from homology
S9	D1Z9B4		XP_003351079.1	DAPB	Sordaria macrospora (strain ATCC MYA-333 / DSM 997 / K(L3346) / K-hell)	924	Inferred from homology
S9	D4AQT0		XP_003015464.1	DAPB	Arthroderma benhamiae (strain ATCC MYA-4681 / CBS 112371) (Trichophyton mentagrophytes)	909	Inferred from homology
S9	E9ETL5		XP_007819553.2	DAPB	Metarhizium robertsii (strain ARSEF 23 / ATCC MYA-3075) (Metarhizium anisopliae (strain ARSEF 23))	915	Inferred from homology
S9	F0XS04		XP_014168877.1	DAPB	Grosmannia clavigera (strain kw1407 / UAMH 11150) (Blue stain fungus) (Graphiocladiella clavigera)	975	Inferred from homology
S9	Q5IS50	S09.973;	NP_001029333.1	DPP6	Pan troglodytes (Chimpanzee)	803	Evidence at transcript level
S9	Q9P778				Schizosaccharomyces pombe (strain 972 / ATCC 24843) (Fission yeast)	683	Inferred from homology
S9	A1CX29	S09.008;	XP_001267078.1	dpp4	Neosartorya fischeri (strain ATCC 1020 / DSM 3700 / CBS 544.65 / FGSC A1164 / JCM 1740 / NRRL 181 / WB 181) (Aspergillus fischerianus)	765	Inferred from homology
S9	B0Y6C5	S09.008;		dpp4	Aspergillus fumigatus (strain CBS 144.89 / FGSC A1163 / CEA10) (Neosartorya fumigata)	765	Evidence at protein level
S9	B2A951		XP_001913070.1	DAPB	Podospora anserina (strain S / ATCC MYA-4624 / DSM 980 / FGSC 10383) (Pleurage anserina)	927	Inferred from homology
S9	B6HFS8	S09.006;	XP_002563136.1	dapB	Penicillium rubens (strain ATCC 28089 / DSM 1075 / NRRL 1951 / Wisconsin 54-1255) (Penicillium chrysogenum)	903	Inferred from homology
S9	C1FZL3	S09.006;	XP_010756181.1	DAPB	Paracoccidioides brasiliensis (strain Pb18)	912	Inferred from homology
S9	C4JF79	S09.057;	XP_002542785.1	uncH	Uncinocarpus reesii (strain UAMH 1704)	619	Evidence at protein level
S9	C5FYZ3	S09.006;	XP_002843777.1	DAPB	Arthroderma otae (strain ATCC MYA-4605 / CBS 113480) (Microsporum canis)	919	Inferred from homology
S9	C9SJ15		XP_003005441.1	DAPB	Verticillium alfalfae (strain VaMs.102 / ATCC MYA-4576 / FGSC 10136) (Verticillium wilt of alfalfa) (Verticillium albo-atrum)	875	Inferred from homology
S9	D4APE2		XP_003015798.1	DPP4	Arthroderma benhamiae (strain ATCC MYA-4681 / CBS 112371) (Trichophyton mentagrophytes)	778	Evidence at protein level
S9	D4CZ59		XP_003025725.1	DPP4	Trichophyton verrucosum (strain HKI 0517)	753	Inferred from homology
S9	D4DCG0		XP_003021100.1	DAPB	Trichophyton verrucosum (strain HKI 0517)	899	Inferred from homology
S9	P0C959	S09.012;			Aspergillus fumigatus (strain ATCC MYA-4609 / CBS 101355 / FGSC A1100 / Af293) (Neosartorya fumigata)	721	Evidence at transcript level
S9	Q5B934			dapB	Emericella nidulans (strain FGSC A4 / ATCC 38163 / CBS 112.46 / NRRL 194 / M139) (Aspergillus nidulans)	906	Inferred from homology
S9	Q338C0	S09.004;			Oryza sativa subsp. japonica (Rice)	772	Inferred from homology
S9	Q0IXP9				Oryza sativa subsp. japonica (Rice)	775	Inferred from homology
S9	A2QZF1	S09.012;	XP_001395540.1	dpp5	Aspergillus niger (strain ATCC MYA-4892 / CBS 513.88 / FGSC A1513)	726	Inferred from homology
S9	Q32N48	S09.015;	NP_001167499.1	prepl	Xenopus laevis (African clawed frog)	707	Evidence at transcript level
S9	Q5BA58		XP_660176.1	dpp5	Emericella nidulans (strain FGSC A4 / ATCC 38163 / CBS 112.46 / NRRL 194 / M139) (Aspergillus nidulans)	722	Evidence at protein level
S9	Q9Y8E3	S09.012;			Aspergillus oryzae (strain ATCC 42149 / RIB 40) (Yellow koji mold)	725	Inferred from homology
S9	A1CSW4	S09.012;	XP_001267827.1	dpp5	Aspergillus clavatus (strain ATCC 1007 / CBS 513.65 / DSM 816 / NCTC 3887 / NRRL 1 / QM 1276 / 107)	724	Inferred from homology
S9	D4AR77		XP_003015146.1		Arthroderma benhamiae (strain ATCC MYA-4681 / CBS 112371) (Trichophyton mentagrophytes)	930	Evidence at protein level
S9	H2E7Q7			POPA	Galerina marginata (strain CBS 339.88)	738	Evidence at transcript level
S9	Q5ZKL5	S09.015;	NP_001026224.1	PREPL	Gallus gallus (Chicken)	732	Evidence at transcript level
S10	P10619	S10.002;	NP_000299.3	CTSA	Homo sapiens (Human)	480	Evidence at protein level
S10	P09620	S10.007;	NP_011312.1	KEX1	Saccharomyces cerevisiae (strain ATCC 204508 / S288c) (Baker's yeast)	729	Evidence at protein level
S10	P16675	S10.002;	NP_001033581.1	Ctsa	Mus musculus (Mouse)	474	Evidence at protein level
S10	P38109	S10.A49;	NP_009697.3	ATG42	Saccharomyces cerevisiae (strain ATCC 204508 / S288c) (Baker's yeast)	508	Evidence at protein level
S10	Q8RUW5	S10.A14;	NP_850034.1	SCPL8	Arabidopsis thaliana (Mouse-ear cress)	433	Evidence at protein level
S10	P00729	S10.001;	NP_014026.1	PRC1	Saccharomyces cerevisiae (strain ATCC 204508 / S288c) (Baker's yeast)	532	Evidence at protein level
S10	Q9M099	S10.015;	NP_194790.1	SCPL24	Arabidopsis thaliana (Mouse-ear cress)	465	Evidence at protein level
S10	Q8VZU3	S10.A18;	NP_568215.2	SCPL19	Arabidopsis thaliana (Mouse-ear cress)	465	Evidence at protein level
S10	O13849	S10.A66;	NP_594425.1	cpy1	Schizosaccharomyces pombe (strain 972 / ATCC 24843) (Fission yeast)	1002	Evidence at protein level
S10	P32825	S10.012;	NP_593043.1	sxa2	Schizosaccharomyces pombe (strain 972 / ATCC 24843) (Fission yeast)	507	Evidence at transcript level
S10	A0A0C3VJP4	S10.A41;		SCP1	Medicago truncatula (Barrel medic) (Medicago tribuloides)	495	Evidence at protein level
S10	P08819	S10.005;S10.A43;		CBP2	Triticum aestivum (Wheat)	444	Evidence at protein level
S10	Q9H3G5	S10.003;	NP_001334981.1	CPVL	Homo sapiens (Human)	476	Evidence at protein level
S10	Q9HB40	S10.013;	NP_067639.1	SCPEP1	Homo sapiens (Human)	452	Evidence at protein level
S10	Q8H780	S10.004;	NP_001031402.1	SCPL13	Arabidopsis thaliana (Mouse-ear cress)	430	Evidence at transcript level
S10	Q920A5	S10.013;	NP_083299.3	Scpep1	Mus musculus (Mouse)	452	Evidence at protein level
S10	O64810	S10.A13;	NP_001324624.1	SCPL10	Arabidopsis thaliana (Mouse-ear cress)	437	Evidence at transcript level
S10	Q920A6	S10.013;	NP_596874.1	Scpep1	Rattus norvegicus (Rat)	452	Evidence at transcript level
S10	O64811	S10.A12;	NP_179884.1	SCPL9	Arabidopsis thaliana (Mouse-ear cress)	437	Evidence at transcript level
S10	D4AIF1	S10.016;	XP_003017169.1	SCPA	Arthroderma benhamiae (strain ATCC MYA-4681 / CBS 112371) (Trichophyton mentagrophytes)	652	Inferred from homology
S10	D4DD24	S10.016;	XP_003020871.1	SCPA	Trichophyton verrucosum (strain HKI 0517)	652	Inferred from homology
S10	Q2UPI1	S10.007;	XP_001818536.1	kex1	Aspergillus oryzae (strain ATCC 42149 / RIB 40) (Yellow koji mold)	625	Inferred from homology
S10	Q96VC4	S10.001;	XP_663046.1	cpyA	Emericella nidulans (strain FGSC A4 / ATCC 38163 / CBS 112.46 / NRRL 194 / M139) (Aspergillus nidulans)	552	Inferred from homology
S10	P52710	S10.001;	XP_002490128.1	PRC1	Komagataella phaffii (strain GS115 / ATCC 20864) (Yeast) (Pichia pastoris)	523	Evidence at protein level
S10	C5FW30	S10.016;	XP_002844969.1	SCPA	Arthroderma otae (strain ATCC MYA-4605 / CBS 113480) (Microsporum canis)	651	Inferred from homology
S10	P42660	S10.003;		VCP	Aedes aegypti (Yellowfever mosquito) (Culex aegypti)	471	Evidence at protein level
S10	Q5AFP8	S10.007;	XP_720314.1	KEX1	Candida albicans (strain SC5314 / ATCC MYA-2876) (Yeast)	702	Inferred from homology
S10	O82229	S10.A30;	NP_001318279.1	SCPL23	Arabidopsis thaliana (Mouse-ear cress)	454	Evidence at transcript level
S10	P37890	S10.004;		CBP1	Oryza sativa subsp. japonica (Rice)	510	Evidence at transcript level
S10	Q0WRX3	S10.A41;	NP_191906.1	SCPL40	Arabidopsis thaliana (Mouse-ear cress)	502	Evidence at transcript level
S10	Q56WF8	S10.A46;	NP_190087.1	SCPL48	Arabidopsis thaliana (Mouse-ear cress)	510	Evidence at transcript level
S10	Q8VY01	S10.A42;	NP_850212.1	SCPL46	Arabidopsis thaliana (Mouse-ear cress)	465	Evidence at transcript level
S10	Q949Q7	S10.A32;	NP_567854.1	SCPL29	Arabidopsis thaliana (Mouse-ear cress)	479	Evidence at transcript level
S10	Q9CAU1	S10.A05;	NP_177471.1	SCPL3	Arabidopsis thaliana (Mouse-ear cress)	441	Evidence at transcript level
S10	Q9CAU3	S10.A07;S10.A16;	NP_001322525.1	SCPL2	Arabidopsis thaliana (Mouse-ear cress)	441	Evidence at transcript level
S10	Q9FH05	S10.A21;	NP_199039.1	SCPL42	Arabidopsis thaliana (Mouse-ear cress)	473	Evidence at transcript level
S10	Q9MAR8	S10.A25;	NP_175046.1	SCPL44	Arabidopsis thaliana (Mouse-ear cress)	479	Evidence at transcript level
S10	Q9SV04	S10.A37;	NP_190768.1	SCPL36	Arabidopsis thaliana (Mouse-ear cress)	482	Evidence at transcript level
S10	Q0WPR4	S10.A39;	NP_001078616.1	SCPL34	Arabidopsis thaliana (Mouse-ear cress)	499	Evidence at transcript level
S10	Q1PF08	S10.A35;	NP_001077950.1	SCPL22	Arabidopsis thaliana (Mouse-ear cress)	464	Evidence at transcript level
S10	Q3MI05	S10.002;	NP_001030403.1	CTSA	Bos taurus (Bovine)	479	Evidence at transcript level
S10	Q84W27	S10.A33;	NP_001323740.1	SCPL43	Arabidopsis thaliana (Mouse-ear cress)	442	Evidence at transcript level
S10	Q8L7B2	S10.A11;	NP_193027.5	SCPL20	Arabidopsis thaliana (Mouse-ear cress)	497	Evidence at transcript level
S10	Q8S8P0	S10.A47;		SCPL52	Arabidopsis thaliana (Mouse-ear cress)	184	Uncertain
S10	Q93Y09	S10.A24;	NP_564298.1	SCPL45	Arabidopsis thaliana (Mouse-ear cress)	461	Evidence at transcript level
S10	Q9C7Z9	S10.A01;	NP_001319134.1	SCPL18	Arabidopsis thaliana (Mouse-ear cress)	464	Evidence at transcript level
S10	Q9D3S9	S10.003;	NP_001276642.1	Cpvl	Mus musculus (Mouse)	478	Evidence at transcript level
S10	Q9SFB5	S10.A23;	NP_187456.1	SCPL27	Arabidopsis thaliana (Mouse-ear cress)	459	Evidence at transcript level
S10	Q9SV02	S10.A38;	NP_190770.1	SCPL39	Arabidopsis thaliana (Mouse-ear cress)	501	Evidence at transcript level
S10	O04084	S10.A36;	NP_172575.2	SCPL31	Arabidopsis thaliana (Mouse-ear cress)	492	Evidence at transcript level
S10	P37891	S10.009;		CBP3	Oryza sativa subsp. japonica (Rice)	500	Evidence at transcript level
S10	Q2V465	S10.A08;	NP_001031401.1	SCPL11	Arabidopsis thaliana (Mouse-ear cress)	433	Evidence at transcript level
S10	Q8S8K6	S10.A28;	NP_181120.2	SCPL28	Arabidopsis thaliana (Mouse-ear cress)	462	Evidence at transcript level
S10	Q9CAU2	S10.A03;	NP_001319372.1	SCPL5	Arabidopsis thaliana (Mouse-ear cress)	438	Evidence at transcript level
S10	Q9FH06	S10.A22;	NP_001318730.1	SCPL41	Arabidopsis thaliana (Mouse-ear cress)	469	Evidence at transcript level
S10	Q09991	S10.A58;	NP_001379755.1	ctsa-4.1	Caenorhabditis elegans	470	Inferred from homology
S10	Q54VW1	S10.A68;	XP_641244.1		Dictyostelium discoideum (Social amoeba)	563	Inferred from homology
S10	Q5W727	S10.A20;		SCP26	Oryza sativa subsp. japonica (Rice)	482	Evidence at transcript level
S10	Q67Y83	S10.017;	NP_001031434.1	SCPL51	Arabidopsis thaliana (Mouse-ear cress)	461	Evidence at transcript level
S10	Q84WF0	S10.A31;	NP_190769.1	SCPL37	Arabidopsis thaliana (Mouse-ear cress)	487	Evidence at transcript level
S10	Q8L9Y0	S10.A40;	NP_186860.1	SCPL25	Arabidopsis thaliana (Mouse-ear cress)	473	Evidence at transcript level
S10	Q9C7D4	S10.A17;	NP_566414.3	SCPL16	Arabidopsis thaliana (Mouse-ear cress)	435	Evidence at transcript level
S10	Q9CAU0	S10.A04;	NP_001320213.1	SCPL6	Arabidopsis thaliana (Mouse-ear cress)	452	Evidence at transcript level
S10	Q9CAU4	S10.A06;	NP_177474.1	SCPL4	Arabidopsis thaliana (Mouse-ear cress)	441	Evidence at transcript level
S10	Q9LSM9	S10.A20;	NP_188343.1	SCPL33	Arabidopsis thaliana (Mouse-ear cress)	478	Evidence at transcript level
S10	Q9LSV8	S10.A10;	NP_001319641.1	SCPL21	Arabidopsis thaliana (Mouse-ear cress)	494	Evidence at transcript level
S10	Q9M9Q6	S10.003;	NP_172953.1	SCPL50	Arabidopsis thaliana (Mouse-ear cress)	444	Evidence at transcript level
S10	O23364	S10.A27;	NP_193246.2	SCPL30	Arabidopsis thaliana (Mouse-ear cress)	488	Evidence at transcript level
S10	O81009	S10.A09;	NP_179876.1	SCPL12	Arabidopsis thaliana (Mouse-ear cress)	435	Evidence at transcript level
S10	P32826	S10.A45;	NP_187652.1	SCPL49	Arabidopsis thaliana (Mouse-ear cress)	516	Evidence at transcript level
S10	P52712	S10.009;		CBP31	Oryza sativa subsp. japonica (Rice)	429	Evidence at transcript level
S10	P52716	S10.A65;	NP_495509.1	ctsa-3.1	Caenorhabditis elegans	574	Evidence at protein level
S10	Q4PSY2	S10.A26;	NP_176308.2	SCPL32	Arabidopsis thaliana (Mouse-ear cress)	463	Evidence at transcript level
S10	Q8RWJ6	S10.A07;	NP_198467.2	SCPL1	Arabidopsis thaliana (Mouse-ear cress)	441	Evidence at transcript level
S10	Q9C7D2	S10.A02;	NP_187832.2	SCPL15	Arabidopsis thaliana (Mouse-ear cress)	436	Evidence at transcript level
S10	Q9C7D3	S10.A02;	NP_187831.1	SCPL14	Arabidopsis thaliana (Mouse-ear cress)	435	Evidence at transcript level
S10	Q9C7D6	S10.A19;	NP_187828.1	SCPL17	Arabidopsis thaliana (Mouse-ear cress)	437	Evidence at transcript level
S10	Q9FFB0	S10.A44;	NP_197689.1	SCPL47	Arabidopsis thaliana (Mouse-ear cress)	505	Evidence at transcript level
S10	Q9LEY1	S10.A34;	NP_196443.1	SCPL35	Arabidopsis thaliana (Mouse-ear cress)	480	Evidence at transcript level
S10	Q9SQX6	S10.A15;	NP_187656.1	SCPL7	Arabidopsis thaliana (Mouse-ear cress)	437	Evidence at transcript level
S10	Q9ZQQ0	S10.A43;	NP_181121.1	SCPL26	Arabidopsis thaliana (Mouse-ear cress)	452	Evidence at transcript level
S10	Q9ZUG3	S10.A29;	NP_178642.1	SCPL38	Arabidopsis thaliana (Mouse-ear cress)	487	Evidence at transcript level
S10	A5DAT0	S10.007;		KEX1	Meyerozyma guilliermondii (strain ATCC 6260 / CBS 566 / DSM 6381 / JCM 1539 / NBRC 10279 / NRRL Y-324) (Yeast) (Candida guilliermondii)	656	Inferred from homology
S10	A7TLB3	S10.007;	XP_001644846.1	KEX1	Vanderwaltozyma polyspora (strain ATCC 22028 / DSM 70294 / BCRC 21397 / CBS 2163 / NBRC 10782 / NRRL Y-8283 / UCD 57-17) (Kluyveromyces polysporus)	713	Inferred from homology
S10	B0XQ16			kex1	Aspergillus fumigatus (strain CBS 144.89 / FGSC A1163 / CEA10) (Neosartorya fumigata)	632	Inferred from homology
S10	C5DLM9	S10.007;	XP_002555127.1	KEX1	Lachancea thermotolerans (strain ATCC 56472 / CBS 6340 / NRRL Y-8284) (Yeast) (Kluyveromyces thermotolerans)	745	Inferred from homology
S10	C5FGX1	S10.016;	XP_002849891.1	SCPB	Arthroderma otae (strain ATCC MYA-4605 / CBS 113480) (Microsporum canis)	655	Inferred from homology
S10	C5MFP8	S10.007;	XP_002550593.1	KEX1	Candida tropicalis (strain ATCC MYA-3404 / T1) (Yeast)	707	Inferred from homology
S10	D4ASE6	S10.001;	XP_003014599.1		Arthroderma benhamiae (strain ATCC MYA-4681 / CBS 112371) (Trichophyton mentagrophytes)	486	Inferred from homology
S10	D5G4B1	S10.007;	XP_002835233.1	KEX1	Tuber melanosporum (strain Mel28) (Perigord black truffle)	625	Inferred from homology
S10	E3L8A5	S10.007;	XP_003337199.2	KEX1	Puccinia graminis f. sp. tritici (strain CRL 75-36-700-3 / race SCCL) (Black stem rust fungus)	656	Inferred from homology
S10	E9CS37		XP_003070320.2	KEX1	Coccidioides posadasii (strain RMSCC 757 / Silveira) (Valley fever fungus)	641	Inferred from homology
S10	E9E1Z2			KEX1	Metarhizium acridum (strain CQMa 102)	616	Inferred from homology
S10	Q5BDJ6	C98.001;	XP_658988.2	kex1	Emericella nidulans (strain FGSC A4 / ATCC 38163 / CBS 112.46 / NRRL 194 / M139) (Aspergillus nidulans)	631	Inferred from homology
S10	Q6CFP3	S10.007;		KEX1	Yarrowia lipolytica (strain CLIB 122 / E 150) (Yeast) (Candida lipolytica)	614	Inferred from homology
S10	Q6FTM9	S10.007;	XP_446415.1	KEX1	Candida glabrata (strain ATCC 2001 / BCRC 20586 / JCM 3761 / NBRC 0622 / NRRL Y-65 / CBS 138) (Yeast) (Nakaseomyces glabratus)	730	Inferred from homology
S10	A0A1L9WN42		XP_020053923.1	acuI	Aspergillus aculeatus (strain ATCC 16872 / CBS 172.66 / WB 5094)	553	Inferred from homology
S10	A1CQL5	S10.007;	XP_001269362.1	kex1	Aspergillus clavatus (strain ATCC 1007 / CBS 513.65 / DSM 816 / NCTC 3887 / NRRL 1 / QM 1276 / 107)	613	Inferred from homology
S10	A1DP75	S10.001;	XP_001258493.1	cpyA	Neosartorya fischeri (strain ATCC 1020 / DSM 3700 / CBS 544.65 / FGSC A1164 / JCM 1740 / NRRL 181 / WB 181) (Aspergillus fischerianus)	543	Inferred from homology
S10	A4RPY8	S10.001;	XP_003710561.1	CPYA	Pyricularia oryzae (strain 70-15 / ATCC MYA-4617 / FGSC 8958) (Rice blast fungus) (Magnaporthe oryzae)	552	Inferred from homology
S10	A5AB21	S10.001;	XP_001392987.1	cpyA	Aspergillus niger (strain ATCC MYA-4892 / CBS 513.88 / FGSC A1513)	557	Inferred from homology
S10	A5E751	S10.007;		KEX1	Lodderomyces elongisporus (strain ATCC 11503 / CBS 2605 / JCM 1781 / NBRC 1676 / NRRL YB-4239) (Yeast) (Saccharomyces elongisporus)	702	Inferred from homology
S10	B6H7A4	S10.007;		kex1	Penicillium rubens (strain ATCC 28089 / DSM 1075 / NRRL 1951 / Wisconsin 54-1255) (Penicillium chrysogenum)	607	Inferred from homology
S10	B6HPP6	S10.001;	XP_002564134.1	cpyA	Penicillium rubens (strain ATCC 28089 / DSM 1075 / NRRL 1951 / Wisconsin 54-1255) (Penicillium chrysogenum)	550	Inferred from homology
S10	C5FTV7	S10.007;	XP_002846260.1	KEX1	Arthroderma otae (strain ATCC MYA-4605 / CBS 113480) (Microsporum canis)	636	Inferred from homology
S10	C5FWJ1	S10.001;	XP_002845130.1	CPYA	Arthroderma otae (strain ATCC MYA-4605 / CBS 113480) (Microsporum canis)	541	Inferred from homology
S10	C5GEU5	S10.001;		CPYA	Ajellomyces dermatitidis (strain ER-3 / ATCC MYA-2586) (Blastomyces dermatitidis)	545	Inferred from homology
S10	C5K1Y9	S10.001;	XP_002620806.1	CPYA	Blastomyces gilchristii (strain SLH14081) (Blastomyces dermatitidis)	545	Inferred from homology
S10	C7YQJ2	S10.001;	XP_003051746.1	CPYA	Fusarium vanettenii (strain ATCC MYA-4622 / CBS 123669 / FGSC 9596 / NRRL 45880 / 77-13-4) (Fusarium solani subsp. pisi)	537	Inferred from homology
S10	D4B5L8	S10.007;	XP_003010019.1	KEX1	Arthroderma benhamiae (strain ATCC MYA-4681 / CBS 112371) (Trichophyton mentagrophytes)	596	Inferred from homology
S10	D4DLI1	S10.001;	XP_003017935.1	cpyA	Trichophyton verrucosum (strain HKI 0517)	543	Inferred from homology
S10	P11515	S10.009;		CBP3	Triticum aestivum (Wheat)	500	Evidence at transcript level
S10	Q4WTK9	S10.007;		kex1	Aspergillus fumigatus (strain ATCC MYA-4609 / CBS 101355 / FGSC A1100 / Af293) (Neosartorya fumigata)	632	Inferred from homology
S10	A6RUD7	S10.001;		CPYA	Botryotinia fuckeliana (strain B05.10) (Noble rot fungus) (Botrytis cinerea)	546	Inferred from homology
S10	A7F4H5	S10.001;	XP_001586513.1	cpyA	Sclerotinia sclerotiorum (strain ATCC 18683 / 1980 / Ss-1) (White mold) (Whetzelinia sclerotiorum)	546	Inferred from homology
S10	A8NYP0	S10.007;	XP_001837480.1	KEX1	Coprinopsis cinerea (strain Okayama-7 / 130 / ATCC MYA-4618 / FGSC 9003) (Inky cap fungus) (Hormographiella aspergillata)	618	Inferred from homology
S10	B2B762	S10.007;	XP_001911812.1	KEX1	Podospora anserina (strain S / ATCC MYA-4624 / DSM 980 / FGSC 10383) (Pleurage anserina)	585	Inferred from homology
S10	B6K7U7	S10.A67;	XP_002175894.1	kex1	Schizosaccharomyces japonicus (strain yFS275 / FY16936) (Fission yeast)	522	Inferred from homology
S10	B6QAN5	S10.001;		cpyA	Talaromyces marneffei (strain ATCC 18224 / CBS 334.59 / QM 7333) (Penicillium marneffei)	555	Inferred from homology
S10	B6QQZ9	S10.007;		kex1	Talaromyces marneffei (strain ATCC 18224 / CBS 334.59 / QM 7333) (Penicillium marneffei)	626	Inferred from homology
S10	B8M044	S10.001;	XP_002478104.1	cpyA	Talaromyces stipitatus (strain ATCC 10500 / CBS 375.48 / QM 6759 / NRRL 1006) (Penicillium stipitatum)	553	Inferred from homology
S10	B9WJJ7	S10.007;	XP_002421307.1	KEX1	Candida dubliniensis (strain CD36 / ATCC MYA-646 / CBS 7987 / NCPF 3949 / NRRL Y-17841) (Yeast)	686	Inferred from homology
S10	C1G2I2	S10.007;	XP_010757777.1	KEX1	Paracoccidioides brasiliensis (strain Pb18)	635	Inferred from homology
S10	C1GXD8	S10.001;	XP_002794967.1	CPYA	Paracoccidioides lutzii (strain ATCC MYA-826 / Pb01) (Paracoccidioides brasiliensis)	550	Inferred from homology
S10	C4JNM2	S10.001;	XP_002543504.1	cpyA	Uncinocarpus reesii (strain UAMH 1704)	541	Inferred from homology
S10	C4JTD3	S10.007;	XP_002585033.1	KEX1	Uncinocarpus reesii (strain UAMH 1704)	638	Inferred from homology
S10	C4QZV7	S10.007;	XP_002491061.1	KEX1	Komagataella phaffii (strain GS115 / ATCC 20864) (Yeast) (Pichia pastoris)	623	Inferred from homology
S10	C4YTG0	S10.007;		KEX1	Candida albicans (strain WO-1) (Yeast)	702	Inferred from homology
S10	D4ANB6		XP_003016322.1		Arthroderma benhamiae (strain ATCC MYA-4681 / CBS 112371) (Trichophyton mentagrophytes)	508	Evidence at protein level
S10	D4AZ71	S10.001;	XP_003012231.1	CPYA	Arthroderma benhamiae (strain ATCC MYA-4681 / CBS 112371) (Trichophyton mentagrophytes)	543	Inferred from homology
S10	D4B0Q6	S10.014;	XP_003011803.1		Arthroderma benhamiae (strain ATCC MYA-4681 / CBS 112371) (Trichophyton mentagrophytes)	497	Inferred from homology
S10	E9ESM3	S10.007;	XP_007819158.1	KEX1	Metarhizium robertsii (strain ARSEF 23 / ATCC MYA-3075) (Metarhizium anisopliae (strain ARSEF 23))	616	Inferred from homology
S10	Q2GYB7	S10.007;	XP_001224693.1	KEX1	Chaetomium globosum (strain ATCC 6205 / CBS 148.51 / DSM 1962 / NBRC 6347 / NRRL 1970) (Soil fungus)	643	Inferred from homology
S10	Q5VJG9	S10.001;		cpyA	Aspergillus fumigatus (strain ATCC MYA-4609 / CBS 101355 / FGSC A1100 / Af293) (Neosartorya fumigata)	543	Inferred from homology
S10	A2QPW5			kex1	Aspergillus niger (strain ATCC MYA-4892 / CBS 513.88 / FGSC A1513)	612	Inferred from homology
S10	A4RE47	S10.007;	XP_003718218.1	KEX1	Pyricularia oryzae (strain 70-15 / ATCC MYA-4617 / FGSC 8958) (Rice blast fungus) (Magnaporthe oryzae)	634	Inferred from homology
S10	B2AWD5	S10.001;	XP_001908036.1	CPYA	Podospora anserina (strain S / ATCC MYA-4624 / DSM 980 / FGSC 10383) (Pleurage anserina)	554	Inferred from homology
S10	B8M719	S10.007;	XP_002480673.1	kex1	Talaromyces stipitatus (strain ATCC 10500 / CBS 375.48 / QM 6759 / NRRL 1006) (Penicillium stipitatum)	624	Inferred from homology
S10	C1GG77	S10.001;	XP_010761848.1	CPYA	Paracoccidioides brasiliensis (strain Pb18)	550	Inferred from homology
S10	C5DT72	S10.007;	XP_002495916.1	KEX1	Zygosaccharomyces rouxii (strain ATCC 2623 / CBS 732 / NBRC 1130 / NCYC 568 / NRRL Y-229)	684	Inferred from homology
S10	C5GC75	S10.007;		KEX1	Ajellomyces dermatitidis (strain ER-3 / ATCC MYA-2586) (Blastomyces dermatitidis)	638	Inferred from homology
S10	C5JN54	S10.007;	XP_002625885.1	KEX1	Blastomyces gilchristii (strain SLH14081) (Blastomyces dermatitidis)	638	Inferred from homology
S10	C7YRS6	S10.007;	XP_003050838.1	KEX1	Fusarium vanettenii (strain ATCC MYA-4622 / CBS 123669 / FGSC 9596 / NRRL 45880 / 77-13-4) (Fusarium solani subsp. pisi)	613	Inferred from homology
S10	C9S688	S10.007;	XP_003008826.1	KEX1	Verticillium alfalfae (strain VaMs.102 / ATCC MYA-4576 / FGSC 10136) (Verticillium wilt of alfalfa) (Verticillium albo-atrum)	635	Inferred from homology
S10	D4AQ54	S10.016;	XP_003015238.1		Arthroderma benhamiae (strain ATCC MYA-4681 / CBS 112371) (Trichophyton mentagrophytes)	629	Evidence at protein level
S10	E4USS9	S10.001;	XP_003173424.1	CPYA	Arthroderma gypseum (strain ATCC MYA-4604 / CBS 118893) (Microsporum gypseum)	543	Inferred from homology
S10	E7R7R2	S10.007;	XP_013936369.1	KEX1	Ogataea parapolymorpha (strain ATCC 26012 / BCRC 20466 / JCM 22074 / NRRL Y-7560 / DL-1) (Yeast) (Hansenula polymorpha)	610	Inferred from homology
S10	Q4P8U8	S10.007;	XP_011389921.1	KEX1	Mycosarcoma maydis (Corn smut fungus) (Ustilago maydis)	657	Inferred from homology
S10	Q6CKK4	S10.007;	XP_455535.1	KEX1	Kluyveromyces lactis (strain ATCC 8585 / CBS 2359 / DSM 70799 / NBRC 1267 / NRRL Y-1140 / WM37) (Yeast) (Candida sphaerica)	642	Inferred from homology
S10	A1CUJ5	S10.001;	XP_001268408.1	cpyA	Aspergillus clavatus (strain ATCC 1007 / CBS 513.65 / DSM 816 / NCTC 3887 / NRRL 1 / QM 1276 / 107)	543	Inferred from homology
S10	A1D3I1	S10.007;	XP_001264871.1	kex1	Neosartorya fischeri (strain ATCC 1020 / DSM 3700 / CBS 544.65 / FGSC A1164 / JCM 1740 / NRRL 181 / WB 181) (Aspergillus fischerianus)	632	Inferred from homology
S10	A7EYY7	S10.007;	XP_001588107.1	kex1	Sclerotinia sclerotiorum (strain ATCC 18683 / 1980 / Ss-1) (White mold) (Whetzelinia sclerotiorum)	642	Inferred from homology
S10	B5RUL7	S10.007;	XP_002770877.1	KEX1	Debaryomyces hansenii (strain ATCC 36239 / CBS 767 / BCRC 21394 / JCM 1990 / NBRC 0083 / IGC 2968) (Yeast) (Torulaspora hansenii)	684	Inferred from homology
S10	C0NX46	S10.001;		CPYA	Ajellomyces capsulatus (strain G186AR / H82 / ATCC MYA-2454 / RMSCC 2432) (Darling's disease fungus) (Histoplasma capsulatum)	544	Inferred from homology
S10	C1GP85	S10.007;	XP_002797791.1	KEX1	Paracoccidioides lutzii (strain ATCC MYA-826 / Pb01) (Paracoccidioides brasiliensis)	640	Inferred from homology
S10	D0MVS1	S10.A68;	XP_002907170.1	KEX1	Phytophthora infestans (strain T30-4) (Potato late blight agent)	597	Inferred from homology
S10	D1ZEM2	S10.007;		KEX1	Sordaria macrospora (strain ATCC MYA-333 / DSM 997 / K(L3346) / K-hell)	654	Inferred from homology
S10	D1ZG13	S10.001;	XP_003348887.1	CPYA	Sordaria macrospora (strain ATCC MYA-333 / DSM 997 / K(L3346) / K-hell)	554	Inferred from homology
S10	D4AP52	S10.016;	XP_003015708.1	SCPB	Arthroderma benhamiae (strain ATCC MYA-4681 / CBS 112371) (Trichophyton mentagrophytes)	656	Inferred from homology
S10	E3QDT3		XP_008093041.1	KEX1	Colletotrichum graminicola (strain M1.001 / M2 / FGSC 10212) (Maize anthracnose fungus) (Glomerella graminicola)	622	Inferred from homology
S10	E3QR43		XP_008097351.1	CPYA	Colletotrichum graminicola (strain M1.001 / M2 / FGSC 10212) (Maize anthracnose fungus) (Glomerella graminicola)	545	Inferred from homology
S10	E5A7I6	S10.001;	XP_003843060.1	CPYA	Leptosphaeria maculans (strain JN3 / isolate v23.1.3 / race Av1-4-5-6-7-8) (Blackleg fungus) (Phoma lingam)	543	Inferred from homology
S10	E5R540	S10.007;		KEX1	Leptosphaeria maculans (strain JN3 / isolate v23.1.3 / race Av1-4-5-6-7-8) (Blackleg fungus) (Phoma lingam)	641	Inferred from homology
S10	E6R6G5	S10.007;	XP_003194073.1	KEX1	Cryptococcus gattii serotype B (strain WM276 / ATCC MYA-4071) (Filobasidiella gattii) (Cryptococcus bacillisporus)	687	Inferred from homology
S10	O60123	S10.A67;	NP_596758.1	kex1	Schizosaccharomyces pombe (strain 972 / ATCC 24843) (Fission yeast)	510	Inferred from homology
S10	Q1K722	S10.007;	XP_960962.3	kex1	Neurospora crassa (strain ATCC 24698 / 74-OR23-1A / CBS 708.71 / DSM 1257 / FGSC 987)	659	Inferred from homology
S10	Q2H9G6	S10.001;	XP_001229654.1	CPYA	Chaetomium globosum (strain ATCC 6205 / CBS 148.51 / DSM 1962 / NBRC 6347 / NRRL 1970) (Soil fungus)	554	Inferred from homology
S10	Q2TYA1	S10.001;	XP_001826905.1	cpyA	Aspergillus oryzae (strain ATCC 42149 / RIB 40) (Yellow koji mold)	542	Inferred from homology
S10	Q752M5	S10.007;	NP_986096.1	KEX1	Eremothecium gossypii (strain ATCC 10895 / CBS 109.51 / FGSC 9923 / NRRL Y-1056) (Yeast) (Ashbya gossypii)	599	Inferred from homology
S10	Q7RXW8	S10.001;	XP_956796.1	cpyA	Neurospora crassa (strain ATCC 24698 / 74-OR23-1A / CBS 708.71 / DSM 1257 / FGSC 987)	554	Inferred from homology
S10	P52715	S10.A55;	NP_496507.1	ctsa-1.2	Caenorhabditis elegans	454	Inferred from homology
S10	Q9FFB2	S10.A69;	NP_197687.1	SCPL54	Arabidopsis thaliana (Mouse-ear cress)	190	Uncertain
S10	P52717	S10.A59;	NP_494846.1	ctsa-1.1	Caenorhabditis elegans	469	Evidence at protein level
S10	Q869Q8	S10.003;	XP_644095.1	cpvl	Dictyostelium discoideum (Social amoeba)	500	Inferred from homology
S10	P52714	S10.A56;	NP_001364589.1	ctsa-3.2	Caenorhabditis elegans	517	Evidence at protein level
S10	Q54DY7	S10.009;	XP_629909.1		Dictyostelium discoideum (Social amoeba)	416	Inferred from homology
S10	Q9LXY6	S10.A48;	NP_191213.1	SCPL53	Arabidopsis thaliana (Mouse-ear cress)	264	Uncertain
S10	Q4QR71	S10.003;	NP_001025098.1	CPVL	Rattus norvegicus (Rat)	478	Evidence at transcript level
S10	C9WMM5	S10.003;	NP_001152775.1		Apis mellifera (Honeybee)	467	Evidence at transcript level
S10	D4AQA7	S10.014;	XP_003015291.1		Arthroderma benhamiae (strain ATCC MYA-4681 / CBS 112371) (Trichophyton mentagrophytes)	529	Evidence at protein level
S10	Q5RFE4	S10.003;	NP_001124656.1	CPVL	Pongo abelii (Sumatran orangutan) (Pongo pygmaeus abelii)	476	Evidence at transcript level
S10	D4AZG9		XP_003012079.1		Arthroderma benhamiae (strain ATCC MYA-4681 / CBS 112371) (Trichophyton mentagrophytes)	506	Inferred from homology
S28	Q9UHL4	S28.002;	NP_037511.2	DPP7	Homo sapiens (Human)	492	Evidence at protein level
S28	P42785	S28.001;	NP_001306143.1	PRCP	Homo sapiens (Human)	496	Evidence at protein level
S28	Q7TMR0	S28.001;	NP_082519.1	Prcp	Mus musculus (Mouse)	491	Evidence at protein level
S28	Q9EPB1	S28.002;	NP_114179.1	Dpp7	Rattus norvegicus (Rat)	500	Evidence at protein level
S28	Q9ET22	S28.002;	NP_114031.2	Dpp7	Mus musculus (Mouse)	506	Evidence at protein level
S28	Q9NQE7	S28.003;	NP_005856.1	PRSS16	Homo sapiens (Human)	514	Evidence at protein level
S28	Q1PF50	S28.A05;	NP_179399.5	EDA2	Arabidopsis thaliana (Mouse-ear cress)	489	Evidence at transcript level
S28	Q9QXE5	S28.003;	NP_062302.1	Prss16	Mus musculus (Mouse)	509	Evidence at transcript level
S28	Q2TA14	S28.001;	NP_001033253.1	PRCP	Bos taurus (Bovine)	499	Evidence at transcript level
S28	Q5RBU7	S28.001;	NP_001125428.1	PRCP	Pongo abelii (Sumatran orangutan) (Pongo pygmaeus abelii)	496	Evidence at transcript level
S28	P90893	S28.A14;	NP_001294837.1		Caenorhabditis elegans	540	Evidence at protein level
S28	P34676	S28.A21;	NP_001367399.1	pcp-5	Caenorhabditis elegans	507	Evidence at protein level
S28	W7E3A0		XP_014550039.1	vicPb	Bipolaris victoriae (strain FI3) (Victoria blight of oats agent) (Cochliobolus victoriae)	534	Inferred from homology
S28	W7DQR8		XP_014550167.1	vicPa	Bipolaris victoriae (strain FI3) (Victoria blight of oats agent) (Cochliobolus victoriae)	534	Inferred from homology
S28	D4AYS6		XP_003012386.1		Arthroderma benhamiae (strain ATCC MYA-4681 / CBS 112371) (Trichophyton mentagrophytes)	716	Evidence at protein level
S28	P34528	S28.A11;	NP_498758.2		Caenorhabditis elegans	510	Inferred from homology
S28	P34610	S28.A17;	NP_498688.1	pcp-1	Caenorhabditis elegans	565	Evidence at protein level
S14	Q16740	S14.003;	NP_006003.1	CLPP	Homo sapiens (Human)	277	Evidence at protein level
S14	P56772	S14.002;	NP_051083.1	clpP1	Arabidopsis thaliana (Mouse-ear cress)	196	Evidence at protein level
S14	Q8LB10	S14.001;	NP_567521.1	CLPR4	Arabidopsis thaliana (Mouse-ear cress)	305	Evidence at protein level
S14	Q9FN42	S14.A02;	NP_568427.1	CLPP2	Arabidopsis thaliana (Mouse-ear cress)	241	Evidence at protein level
S14	Q9S834	S14.A01;	NP_563657.1	CLPP5	Arabidopsis thaliana (Mouse-ear cress)	298	Evidence at protein level
S14	Q9XJ35		NP_564560.1	CLPR1	Arabidopsis thaliana (Mouse-ear cress)	387	Evidence at protein level
S14	Q9SAA2	S14.006;	NP_563893.1	CLPP6	Arabidopsis thaliana (Mouse-ear cress)	271	Evidence at protein level
S14	Q9SXJ6	S14.A03;	NP_564880.1	CLPP3	Arabidopsis thaliana (Mouse-ear cress)	309	Evidence at protein level
S14	O88696	S14.003;	NP_059089.1	Clpp	Mus musculus (Mouse)	272	Evidence at protein level
S14	Q27539	S14.A04;	NP_001254239.1	clpp-1	Caenorhabditis elegans	221	Evidence at protein level
S14	Q8L770		NP_001031008.1	CLPR3	Arabidopsis thaliana (Mouse-ear cress)	330	Evidence at protein level
S14	Q9XJ36			CLPR2	Arabidopsis thaliana (Mouse-ear cress)	279	Evidence at protein level
S14	Q94B60	S14.010;	NP_568644.1	CLPP4	Arabidopsis thaliana (Mouse-ear cress)	292	Evidence at protein level
S14	P42380		NP_958364.1	clpP	Chlamydomonas reinhardtii (Chlamydomonas smithii)	524	Evidence at protein level
S14	P0C314	S14.002;	NP_039410.1	clpP	Oryza sativa subsp. japonica (Rice)	216	Inferred from homology
S14	Q2KHU4	S14.003;	NP_001039879.1	CLPP	Bos taurus (Bovine)	272	Evidence at transcript level
S14	A8WPG6	S14.A04;		clpp-1	Caenorhabditis briggsae	219	Inferred from homology
S14	P26567	S14.002;	NP_043048.1	clpP	Zea mays (Maize)	216	Inferred from homology
S14	Q2PMR0	S14.002;	YP_538790.1	clpP	Glycine max (Soybean) (Glycine hispida)	196	Inferred from homology
S14	Q9M3K5	S14.002;	NP_054959.1	clpP	Spinacia oleracea (Spinach)	196	Inferred from homology
S14	A0A360	S14.002;	YP_817507.1	clpP	Coffea arabica (Arabian coffee)	196	Inferred from homology
S14	A1E9U9	S14.002;	YP_899432.1	clpP	Sorghum bicolor (Sorghum) (Sorghum vulgare)	216	Inferred from homology
S14	P12210	S14.002;	NP_054525.1	clpP	Nicotiana tabacum (Common tobacco)	196	Evidence at transcript level
S14	Q0ZIZ4	S14.002;	YP_567102.1	clpP	Vitis vinifera (Grape)	196	Inferred from homology
S14	Q2L926	S14.002;	YP_538961.1	clpP	Gossypium hirsutum (Upland cotton) (Gossypium mexicanum)	196	Inferred from homology
S14	Q3C1K4	S14.002;	YP_358703.1	clpP	Nicotiana sylvestris (Wood tobacco) (South American tobacco)	196	Inferred from homology
S14	Q6ENE9	S14.002;	YP_052774.1	clpP	Oryza nivara (Indian wild rice) (Oryza sativa f. spontanea)	216	Inferred from homology
S14	Q0P3P4	S14.002;	YP_717211.1	clpP	Ostreococcus tauri (Marine green alga)	200	Inferred from homology
S14	Q27S24	S14.002;	YP_635664.1	clpP	Solanum tuberosum (Potato)	198	Inferred from homology
S14	Q2MI76	S14.002;	YP_008563113.1	clpP	Solanum lycopersicum (Tomato) (Lycopersicon esculentum)	206	Inferred from homology
S14	Q6YXM7	S14.002;	YP_009477507.1	clpP	Physcomitrium patens (Spreading-leaved earth moss) (Physcomitrella patens)	199	Inferred from homology
S14	A4GYT6	S14.002;	YP_001109527.1	clpP	Populus trichocarpa (Western balsam poplar) (Populus balsamifera subsp. trichocarpa)	196	Inferred from homology
S14	P24064	S14.002;	NP_114282.1	clpP	Triticum aestivum (Wheat)	216	Inferred from homology
S14	Q70XY2	S14.002;	NP_904123.1	clpP	Amborella trichopoda	202	Inferred from homology
S49	Q9C9C0	S49.004;	NP_565077.2	SPPA	Arabidopsis thaliana (Mouse-ear cress)	677	Evidence at transcript level
