family	uniprot_acc	merops	refseq_protein	gene	organism	length	protein_existence
S1	O60235	S01.047;	NP_004253.1	TMPRSS11D	Homo sapiens (Human)	418	Evidence at protein level
S1	P03951	S01.213;	NP_000119.1	F11	Homo sapiens (Human)	625	Evidence at protein level
S1	P08519	S01.999;	NP_005568.2	LPA	Homo sapiens (Human)	2040	Evidence at protein level
S1	P49863	S01.146;	NP_002095.1	GZMK	Homo sapiens (Human)	264	Evidence at protein level
S1	Q04756	S01.228;	NP_001284368.1	HGFAC	Homo sapiens (Human)	655	Evidence at protein level
S1	Q14520	S01.033;	NP_001171131.1	HABP2	Homo sapiens (Human)	560	Evidence at protein level
S1	Q7Z410	S01.969;	NP_892018.1	TMPRSS9	Homo sapiens (Human)	1059	Evidence at protein level
S1	Q9NZP8	S01.189;	NP_001284569.1	C1RL	Homo sapiens (Human)	487	Evidence at protein level
S1	Q9UKR0	S01.020;	NP_001357054.1	KLK12	Homo sapiens (Human)	248	Evidence at protein level
S1	O00187	S01.229;	NP_006601.2	MASP2	Homo sapiens (Human)	686	Evidence at protein level
S1	O15393	S01.247;	NP_001128571.1	TMPRSS2	Homo sapiens (Human)	492	Evidence at protein level
S1	P00738	S01.972;	NP_001119574.1	HP	Homo sapiens (Human)	406	Evidence at protein level
S1	P00740	S01.214;	NP_000124.1	F9	Homo sapiens (Human)	461	Evidence at protein level
S1	P00750	S01.232;	NP_000921.1	PLAT	Homo sapiens (Human)	562	Evidence at protein level
S1	P00751	S01.196;	NP_001701.2	CFB	Homo sapiens (Human)	764	Evidence at protein level
S1	P08217	S01.155;	NP_254275.1	CELA2A	Homo sapiens (Human)	269	Evidence at protein level
S1	P08218	S01.206;	NP_056933.3	CELA2B	Homo sapiens (Human)	269	Evidence at protein level
S1	P08246	S01.131;	NP_001963.1	ELANE	Homo sapiens (Human)	267	Evidence at protein level
S1	P10323	S01.223;	NP_001088.2	ACR	Homo sapiens (Human)	421	Evidence at protein level
S1	P20160	S01.971;	NP_001691.1	AZU1	Homo sapiens (Human)	251	Evidence at protein level
S1	P23946	S01.140;	NP_001295012.1	CMA1	Homo sapiens (Human)	247	Evidence at protein level
S1	P48740	S01.132;S01.198;	NP_001027019.1	MASP1	Homo sapiens (Human)	699	Evidence at protein level
S1	P49862	S01.300;	NP_001193982.1	KLK7	Homo sapiens (Human)	253	Evidence at protein level
S1	P56730	S01.237;	NP_003610.2	PRSS12	Homo sapiens (Human)	875	Evidence at protein level
S1	P57727	S01.079;	NP_001243246.1	TMPRSS3	Homo sapiens (Human)	454	Evidence at protein level
S1	Q16651	S01.159;	NP_002764.1	PRSS8	Homo sapiens (Human)	343	Evidence at protein level
S1	Q6ZMR5	S01.292;	NP_001107859.1	TMPRSS11A	Homo sapiens (Human)	418	Evidence at protein level
S1	Q92876	S01.236;	NP_001012982.1	KLK6	Homo sapiens (Human)	244	Evidence at protein level
S1	Q99895	S01.157;	NP_009203.2	CTRC	Homo sapiens (Human)	268	Evidence at protein level
S1	Q9GZN4	S01.252;	NP_071402.1	PRSS22	Homo sapiens (Human)	317	Evidence at protein level
S1	Q9NRS4	S01.034;	NP_001077416.2	TMPRSS4	Homo sapiens (Human)	437	Evidence at protein level
S1	Q9UNI1	S01.153;	NP_001962.3	CELA1	Homo sapiens (Human)	258	Evidence at protein level
S1	Q9Y337	S01.017;	NP_001070959.1	KLK5	Homo sapiens (Human)	293	Evidence at protein level
S1	Q9Y5Q5	S01.019;	NP_001265514.1	CORIN	Homo sapiens (Human)	1042	Evidence at protein level
S1	O60259	S01.244;	NP_001268360.1	KLK8	Homo sapiens (Human)	260	Evidence at protein level
S1	P04070	S01.218;	NP_000303.1	PROC	Homo sapiens (Human)	461	Evidence at protein level
S1	P05156	S01.199;	NP_000195.3	CFI	Homo sapiens (Human)	583	Evidence at protein level
S1	P07477	S01.127;	NP_002760.1	PRSS1	Homo sapiens (Human)	247	Evidence at protein level
S1	P08709	S01.215;	NP_000122.1	F7	Homo sapiens (Human)	466	Evidence at protein level
S1	P09871	S01.193;	NP_001333779.1	C1S	Homo sapiens (Human)	688	Evidence at protein level
S1	P0CW18	S01.514;	NP_001182058.1	PRSS56	Homo sapiens (Human)	603	Evidence at protein level
S1	P20231	S01.015;S01.143;	NP_077078.5	TPSB2	Homo sapiens (Human)	275	Evidence at protein level
S1	P24158	S01.134;	NP_002768.3	PRTN3	Homo sapiens (Human)	256	Evidence at protein level
S1	P35030	S01.174;	NP_001184026.3	PRSS3	Homo sapiens (Human)	304	Evidence at protein level
S1	P98073	S01.156;	NP_001414986.1	TMPRSS15	Homo sapiens (Human)	1019	Evidence at protein level
S1	Q15661	S01.015;S01.143;	NP_003285.2	TPSAB1	Homo sapiens (Human)	275	Evidence at protein level
S1	Q9BZJ3	S01.054;	NP_036349.1	TPSD1	Homo sapiens (Human)	242	Evidence at protein level
S1	A4D1T9	S01.989;	NP_001008271.2	PRSS37	Homo sapiens (Human)	235	Evidence at protein level
S1	O43240	C06.001;S01.246;	NP_001070968.1	KLK10	Homo sapiens (Human)	276	Evidence at protein level
S1	P00739	S01.974;	NP_066275.3	HPR	Homo sapiens (Human)	348	Evidence at protein level
S1	P00742	S01.216;	NP_000495.1	F10	Homo sapiens (Human)	488	Evidence at protein level
S1	P00746	S01.191;	NP_001304264.1	CFD	Homo sapiens (Human)	253	Evidence at protein level
S1	P00747	S01.233;	NP_000292.1	PLG	Homo sapiens (Human)	810	Evidence at protein level
S1	P00748	S01.211;	NP_000496.2	F12	Homo sapiens (Human)	615	Evidence at protein level
S1	P00749	S01.231;	NP_001138503.2	PLAU	Homo sapiens (Human)	431	Evidence at protein level
S1	P06681	S01.194;	NP_000054.2	C2	Homo sapiens (Human)	752	Evidence at protein level
S1	P06870	S01.160;	NP_002248.1	KLK1	Homo sapiens (Human)	262	Evidence at protein level
S1	P08311	S01.133;	NP_001902.1	CTSG	Homo sapiens (Human)	255	Evidence at protein level
S1	P10144	S01.010;	NP_004122.2	GZMB	Homo sapiens (Human)	247	Evidence at protein level
S1	P12544	S01.135;	NP_006135.2	GZMA	Homo sapiens (Human)	262	Evidence at protein level
S1	P14210	S01.976;	NP_000592.3	HGF	Homo sapiens (Human)	728	Evidence at protein level
S1	P20151	S01.161;	NP_001002231.1	KLK2	Homo sapiens (Human)	261	Evidence at protein level
S1	P22891	S01.979;	NP_001243063.1	PROZ	Homo sapiens (Human)	400	Evidence at protein level
S1	P51124	S01.139;	NP_001245280.2	GZMM	Homo sapiens (Human)	257	Evidence at protein level
S1	Q6UWB4	S01.299;	NP_001183949.1	PRSS55	Homo sapiens (Human)	352	Evidence at protein level
S1	Q6UWY2	S01.319;	NP_999875.2	PRSS57	Homo sapiens (Human)	283	Evidence at protein level
S1	Q8IU80	S01.308;	NP_001275929.1	TMPRSS6	Homo sapiens (Human)	811	Evidence at protein level
S1	Q9H3S3	S01.313;	NP_001275678.1	TMPRSS5	Homo sapiens (Human)	457	Evidence at protein level
S1	Q9UBX7	S01.257;	NP_001129504.1	KLK11	Homo sapiens (Human)	282	Evidence at protein level
S1	Q9UL52	S01.021;	NP_054777.2	TMPRSS11E	Homo sapiens (Human)	423	Evidence at protein level
S1	Q9Y5K2	S01.251;	NP_001289890.1	KLK4	Homo sapiens (Human)	254	Evidence at protein level
S1	P00734	S01.217;	NP_000497.1	F2	Homo sapiens (Human)	622	Evidence at protein level
S1	P00736	S01.192;	NP_001724.4	C1R	Homo sapiens (Human)	705	Evidence at protein level
S1	P03952	S01.212;	NP_000883.2	KLKB1	Homo sapiens (Human)	638	Evidence at protein level
S1	P05981	S01.224;	NP_001362370.1	HPN	Homo sapiens (Human)	417	Evidence at protein level
S1	P07288	S01.162;	NP_001025218.1	KLK3	Homo sapiens (Human)	261	Evidence at protein level
S1	P07478	S01.258;	NP_002761.1	PRSS2	Homo sapiens (Human)	247	Evidence at protein level
S1	P08861	S01.205;	NP_031378.1	CELA3B	Homo sapiens (Human)	270	Evidence at protein level
S1	P20718	S01.147;	NP_001257710.1	GZMH	Homo sapiens (Human)	246	Evidence at protein level
S1	P26927	S01.975;	NP_066278.3	MST1	Homo sapiens (Human)	711	Evidence at protein level
S1	Q5K4E3	S01.414;S01.940;S01.941;	NP_001245219.1	PRSS36	Homo sapiens (Human)	855	Evidence at protein level
S1	Q7RTZ1	S01.320;		OVCH2	Homo sapiens (Human)	564	Evidence at protein level
S1	Q86T26	S01.365;	NP_872308.2	TMPRSS11B	Homo sapiens (Human)	416	Evidence at protein level
S1	Q86WS5	S01.291;	NP_872365.2	TMPRSS12	Homo sapiens (Human)	348	Evidence at protein level
S1	Q9BYE2	S01.087;	NP_001070731.1	TMPRSS13	Homo sapiens (Human)	586	Evidence at protein level
S1	Q9H2R5	S01.081;	NP_001264010.1	KLK15	Homo sapiens (Human)	256	Evidence at protein level
S1	Q9NRR2	S01.028;	NP_036599.4	TPSG1	Homo sapiens (Human)	321	Evidence at protein level
S1	Q9P0G3	S01.029;	NP_001298111.2	KLK14	Homo sapiens (Human)	251	Evidence at protein level
S1	Q9UI38	S01.993;	NP_037402.1	PRSS50	Homo sapiens (Human)	385	Evidence at protein level
S1	Q9Y5Y6	S01.302;	NP_068813.1	ST14	Homo sapiens (Human)	855	Evidence at protein level
S1	Q9Y6M0	S01.011;	NP_001257381.1	PRSS21	Homo sapiens (Human)	314	Evidence at protein level
S1	A0A126GUP6	S01.B31;	NP_001138002.1	MP1	Drosophila melanogaster (Fruit fly)	400	Evidence at protein level
S1	G3V801	S01.237;	NP_445956.1	Prss12	Rattus norvegicus (Rat)	761	Evidence at protein level
S1	O08762	S01.237;	NP_032965.1	Prss12	Mus musculus (Mouse)	761	Evidence at protein level
S1	P00758	S01.405;	NP_113711.1	Ngfg	Rattus norvegicus (Rat)	261	Evidence at transcript level
S1	P00760	S01.151;	NP_001107199.1	PRSS1	Bos taurus (Bovine)	246	Evidence at protein level
S1	P03953	S01.191;	NP_001278844.1	Cfd	Mus musculus (Mouse)	259	Evidence at protein level
S1	P07146	S01.064;	NP_033456.1	Prss2	Mus musculus (Mouse)	246	Evidence at protein level
S1	P07647	S01.407;	NP_786935.1	Klk9	Rattus norvegicus (Rat)	259	Evidence at protein level
S1	P15945	S01.037;	NP_032482.1	Klk1b5	Mus musculus (Mouse)	261	Evidence at transcript level
S1	P32038	S01.191;	NP_001071110.1	Cfd	Rattus norvegicus (Rat)	263	Evidence at protein level
S1	P81187	S01.196;	NP_001035616.1	CFB	Bos taurus (Bovine)	761	Evidence at protein level
S1	P83748	S01.042;		Prss30	Rattus norvegicus (Rat)	304	Evidence at protein level
S1	P98064	S01.132;S01.198;	NP_001346012.1	Masp1	Mus musculus (Mouse)	704	Evidence at protein level
S1	Q08048	S01.982;	NP_001276387.1	Hgf	Mus musculus (Mouse)	728	Evidence at protein level
S1	Q14BX2	S01.415;	NP_001074532.1	Prss55	Mus musculus (Mouse)	321	Evidence at protein level
S1	Q28153	S01.153;	NP_776473.1	CELA1	Bos taurus (Bovine)	266	Evidence at transcript level
S1	Q3V0Q7	S01.958;	NP_898932.2	Tmprss12	Mus musculus (Mouse)	336	Evidence at protein level
S1	Q61759	S01.038;	NP_034772.1	Klk1b21	Mus musculus (Mouse)	261	Evidence at transcript level
S1	Q8K3U6	S01.215;	NP_690059.1	F7	Rattus norvegicus (Rat)	446	Evidence at transcript level
S1	Q9ES87	S01.159;	NP_620191.1	Prss8	Rattus norvegicus (Rat)	342	Evidence at transcript level
S1	Q9JIQ8	S01.247;	NP_056590.2	Tmprss2	Mus musculus (Mouse)	490	Evidence at transcript level
S1	Q9JM71	S01.073;	NP_064664.1	Klk1b27	Mus musculus (Mouse)	263	Evidence at protein level
S1	Q9R098	S01.228;	NP_062320.2	Hgfac	Mus musculus (Mouse)	653	Evidence at protein level
S1	A8JUP7	S01.B45;	NP_001097020.1	Hayan	Drosophila melanogaster (Fruit fly)	637	Evidence at transcript level
S1	B7YZU2	S01.B34;	NP_001137622.1	flz	Drosophila melanogaster (Fruit fly)	1693	Evidence at transcript level
S1	F2YMG0	S01.514;S01.951;	NP_081360.1	Prss56	Mus musculus (Mouse)	604	Evidence at transcript level
S1	O35205	S01.146;	NP_032222.1	Gzmk	Mus musculus (Mouse)	263	Evidence at transcript level
S1	O35453	S01.224;	NP_001103722.1	Hpn	Mus musculus (Mouse)	436	Evidence at protein level
S1	O62589	S01.202;	NP_001259478.1	gd	Drosophila melanogaster (Fruit fly)	531	Evidence at protein level
S1	P00735	S01.217;	NP_776302.1	F2	Bos taurus (Bovine)	625	Evidence at protein level
S1	P00741	S01.214;		F9	Bos taurus (Bovine)	462	Evidence at protein level
S1	P00743	S01.216;	NP_001073682.1	F10	Bos taurus (Bovine)	492	Evidence at protein level
S1	P00757	S01.931;	NP_035045.2	Klk1b4	Mus musculus (Mouse)	256	Evidence at protein level
S1	P00759	S01.172;	NP_036809.1	Klk2	Rattus norvegicus (Rat)	259	Evidence at protein level
S1	P00763	S01.119;	NP_036861.1	Prss2	Rattus norvegicus (Rat)	246	Evidence at protein level
S1	P04187	S01.136;	NP_038570.1	Gzmb	Mus musculus (Mouse)	247	Evidence at protein level
S1	P06868	S01.233;	NP_776376.1	PLG	Bos taurus (Bovine)	812	Evidence at protein level
S1	P06869	S01.231;	NP_032899.1	Plau	Mus musculus (Mouse)	433	Evidence at protein level
S1	P08884	S01.399;	NP_034503.2	Gzme	Mus musculus (Mouse)	248	Evidence at protein level
S1	P11214	S01.232;	NP_032898.2	Plat	Mus musculus (Mouse)	559	Evidence at protein level
S1	P14272	S01.212;		Klkb1	Rattus norvegicus (Rat)	638	Evidence at protein level
S1	P17945	S01.978;	NP_058713.1	Hgf	Rattus norvegicus (Rat)	728	Evidence at protein level
S1	P18291	S01.091;	NP_612526.2	Gzmb	Rattus norvegicus (Rat)	248	Evidence at protein level
S1	P19221	S01.217;	NP_034298.1	F2	Mus musculus (Mouse)	618	Evidence at protein level
S1	P20918	S01.233;	NP_032903.3	Plg	Mus musculus (Mouse)	812	Evidence at protein level
S1	P21845	S01.025;		Tpsb2	Mus musculus (Mouse)	276	Evidence at protein level
S1	P26928	S01.975;	NP_032269.3	Mst1	Mus musculus (Mouse)	716	Evidence at transcript level
S1	P31394	S01.218;	NP_036935.1	Proc	Rattus norvegicus (Rat)	461	Evidence at transcript level
S1	P36368	S01.173;	NP_034245.3	Egfbp2	Mus musculus (Mouse)	261	Evidence at protein level
S1	P70375		NP_034302.2	F7	Mus musculus (Mouse)	446	Evidence at protein level
S1	P98159	S01.013;	NP_523947.2	ndl	Drosophila melanogaster (Fruit fly)	2616	Evidence at protein level
S1	Q01177	S01.233;	NP_445943.1	Plg	Rattus norvegicus (Rat)	812	Evidence at transcript level
S1	Q05511	S01.224;	NP_058808.1	Hpn	Rattus norvegicus (Rat)	416	Evidence at transcript level
S1	Q17800	S01.B69;	NP_501379.2	svh-1	Caenorhabditis elegans	951	Evidence at protein level
S1	Q3SYW2	S01.194;	NP_001029664.1	C2	Bos taurus (Bovine)	750	Evidence at transcript level
S1	Q5S248	S01.021;	NP_766468.1	Tmprss11e	Mus musculus (Mouse)	423	Evidence at protein level
S1	Q61096	S01.134;	NP_035308.2	Prtn3	Mus musculus (Mouse)	254	Evidence at protein level
S1	Q61129	S01.199;	NP_031712.2	Cfi	Mus musculus (Mouse)	603	Evidence at protein level
S1	Q6P6T1	S01.193;S01.210;	NP_620255.2	C1s	Rattus norvegicus (Rat)	688	Evidence at transcript level
S1	Q7K5M0		NP_610180.1	scaf	Drosophila melanogaster (Fruit fly)	655	Evidence at protein level
S1	Q8VCA5	S01.034;	NP_663378.1	Tmprss4	Mus musculus (Mouse)	435	Evidence at transcript level
S1	Q9R0T7	S01.057;	NP_035776.1	Try4	Mus musculus (Mouse)	246	Evidence at protein level
S1	Q9V3Z2	S01.203;	NP_649734.2	Sp7	Drosophila melanogaster (Fruit fly)	391	Evidence at protein level
S1	Q9VB68	S01.502;	NP_651543.1	grass	Drosophila melanogaster (Fruit fly)	377	Evidence at protein level
S1	Q9VCJ8	S01.462;	NP_651168.1	SPE	Drosophila melanogaster (Fruit fly)	400	Evidence at protein level
S1	Q9VER6	S01.508;	NP_536776.2	modSP	Drosophila melanogaster (Fruit fly)	628	Evidence at protein level
S1	P00756	S01.170;	NP_032719.1	Klk1b3	Mus musculus (Mouse)	261	Evidence at protein level
S1	P06866	S01.972;	NP_036714.2	Hp	Rattus norvegicus (Rat)	347	Evidence at protein level
S1	P08882	S01.137;	NP_001409139.1	Gzmc	Mus musculus (Mouse)	248	Evidence at protein level
S1	P15946	S01.041;	NP_034770.1	Klk1b11	Mus musculus (Mouse)	261	Evidence at transcript level
S1	P15948	S01.039;	NP_034244.1	Klk1b22	Mus musculus (Mouse)	259	Evidence at protein level
S1	P16296	S01.214;	NP_113728.1	F9	Rattus norvegicus (Rat)	462	Evidence at protein level
S1	P17977	S01.133;	NP_001099511.1	Ctsg	Rattus norvegicus (Rat)	250	Evidence at protein level
S1	P21180	S01.194;	NP_038512.2	C2	Mus musculus (Mouse)	760	Evidence at protein level
S1	P23578	S01.223;	NP_038483.1	Acr	Mus musculus (Mouse)	436	Evidence at protein level
S1	P29598	S01.231;		Plau	Rattus norvegicus (Rat)	432	Evidence at protein level
S1	P33587	S01.218;	NP_001036232.1	Proc	Mus musculus (Mouse)	460	Evidence at protein level
S1	P36375	S01.165;	NP_001128645.1	Klk10	Rattus norvegicus (Rat)	259	Evidence at protein level
S1	P80219	S01.142;	NP_776721.1	BDMD1	Bos taurus (Bovine)	251	Evidence at protein level
S1	Q02844	S01.026;	NP_112464.4	Tpsab1	Mus musculus (Mouse)	273	Evidence at transcript level
S1	Q1JRP2	S01.294;	NP_001025468.1	Tmprss11c	Mus musculus (Mouse)	431	Evidence at protein level
S1	Q3UP87	S01.131;	NP_056594.2	Elane	Mus musculus (Mouse)	265	Evidence at protein level
S1	Q5U405	S01.087;		Tmprss13	Mus musculus (Mouse)	543	Evidence at transcript level
S1	Q61955	S01.244;	NP_001311327.1	Klk8	Mus musculus (Mouse)	260	Evidence at protein level
S1	Q7M761	S01.320;	NP_766496.2	Ovch2	Mus musculus (Mouse)	609	Evidence at transcript level
S1	Q8CFG9	S01.209;	NP_001106827.1	C1rb	Mus musculus (Mouse)	706	Evidence at transcript level
S1	Q8CHN8	S01.198;	NP_071593.2	Masp1	Rattus norvegicus (Rat)	704	Evidence at protein level
S1	Q8K1T0	S01.079;	NP_001157248.1	Tmprss3	Mus musculus (Mouse)	453	Evidence at protein level
S1	Q8VHK8		NP_663536.1	Tmprss11d	Mus musculus (Mouse)	417	Evidence at protein level
S1	Q91WP0	S01.229;	NP_001003893.1	Masp2	Mus musculus (Mouse)	685	Evidence at protein level
S1	Q9DAA4	S01.989;	NP_001404585.1	Prss37	Mus musculus (Mouse)	237	Evidence at protein level
S1	O88780	S01.244;		Klk8	Rattus norvegicus (Rat)	260	Evidence at transcript level
S1	O88947	S01.216;	NP_031998.3	F10	Mus musculus (Mouse)	481	Evidence at protein level
S1	P00745	S01.218;		PROC	Bos taurus (Bovine)	456	Evidence at protein level
S1	P00762	S01.094;	NP_036767.1	Prss1	Rattus norvegicus (Rat)	246	Evidence at protein level
S1	P05049	S01.200;	NP_001097766.1	snk	Drosophila melanogaster (Fruit fly)	435	Evidence at protein level
S1	P07628	S01.067;	NP_032483.1	Klk1b8	Mus musculus (Mouse)	261	Evidence at transcript level
S1	P08883	S01.401;	NP_034504.1	Gzmf	Mus musculus (Mouse)	248	Evidence at protein level
S1	P11032	S01.135;	NP_034500.1	Gzma	Mus musculus (Mouse)	260	Evidence at protein level
S1	P16294	S01.214;	NP_001292726.1	F9	Mus musculus (Mouse)	471	Evidence at transcript level
S1	P22457	S01.215;	NP_001029978.1	F7	Bos taurus (Bovine)	447	Evidence at protein level
S1	P28293	S01.133;	NP_031826.1	Ctsg	Mus musculus (Mouse)	261	Evidence at protein level
S1	P36369	S01.070;S01.173;	NP_034774.1	Klk1b26	Mus musculus (Mouse)	261	Evidence at transcript level
S1	P56677	S01.302;	NP_035306.2	St14	Mus musculus (Mouse)	855	Evidence at protein level
S1	P98072	S01.156;	NP_776864.1	TMPRSS15	Bos taurus (Bovine)	1035	Evidence at protein level
S1	Q05589	S01.231;	NP_776572.1	PLAU	Bos taurus (Bovine)	433	Evidence at transcript level
S1	Q0VCX1	S01.193;	NP_001070018.1	C1S	Bos taurus (Bovine)	689	Evidence at transcript level
S1	Q28198	S01.232;	NP_776571.2	PLAT	Bos taurus (Bovine)	566	Evidence at transcript level
S1	Q402U7	S01.106;	NP_683742.2	Prss44	Mus musculus (Mouse)	372	Evidence at transcript level
S1	Q76HL1	S01.099;	NP_955765.1	Prss43	Mus musculus (Mouse)	382	Evidence at protein level
S1	Q80YC5	S01.211;	NP_067464.2	F12	Mus musculus (Mouse)	597	Evidence at protein level
S1	Q8BIK6	S01.072;	NP_766043.3	Tmprss7	Mus musculus (Mouse)	829	Evidence at protein level
S1	Q91VE3	S01.300;	NP_036002.1	Klk7	Mus musculus (Mouse)	249	Evidence at protein level
S1	Q91Y47	S01.213;	NP_082342.1	F11	Mus musculus (Mouse)	624	Evidence at transcript level
S1	Q924N9	S01.314;	NP_444489.2	Prss28	Mus musculus (Mouse)	274	Evidence at protein level
S1	Q9DBI0	S01.308;	NP_082178.2	Tmprss6	Mus musculus (Mouse)	811	Evidence at protein level
S1	Q9ESD1	S01.159;		Prss8	Mus musculus (Mouse)	342	Evidence at transcript level
S1	Q9Z319	S01.019;	NP_001116228.1	Corin	Mus musculus (Mouse)	1113	Evidence at transcript level
S1	D3ZTE0	S01.211;	NP_001014028.1	F12	Rattus norvegicus (Rat)	595	Evidence at transcript level
S1	O01887	S01.B74;	NP_505421.3	try-5	Caenorhabditis elegans	327	Evidence at protein level
S1	P00755	S01.164;	NP_034775.1	Klk1b1	Mus musculus (Mouse)	261	Evidence at transcript level
S1	P00773	S01.153;	NP_036684.1	Cela1	Rattus norvegicus (Rat)	266	Evidence at protein level
S1	P04186	S01.196;		Cfb	Mus musculus (Mouse)	761	Evidence at protein level
S1	P05208	S01.155;	NP_031945.1	Cela2a	Mus musculus (Mouse)	271	Evidence at protein level
S1	P07338	S01.152;	NP_036668.2	Ctrb1	Rattus norvegicus (Rat)	263	Evidence at protein level
S1	P13582	S01.201;	NP_524362.2	ea	Drosophila melanogaster (Fruit fly)	392	Evidence at protein level
S1	P15947	S01.167;	NP_001307260.1	Klk1	Mus musculus (Mouse)	261	Evidence at protein level
S1	P15949	S01.071;	NP_034246.1	Klk1b9	Mus musculus (Mouse)	261	Evidence at transcript level
S1	P18292	S01.217;		F2	Rattus norvegicus (Rat)	617	Evidence at protein level
S1	P19637	S01.232;	NP_037283.2	Plat	Rattus norvegicus (Rat)	559	Evidence at transcript level
S1	P21812	S01.149;	NP_034909.2	Mcpt4	Mus musculus (Mouse)	246	Evidence at protein level
S1	P21844	S01.150;	NP_034910.2	Cma1	Mus musculus (Mouse)	247	Evidence at protein level
S1	P26262	S01.212;	NP_032481.2	Klkb1	Mus musculus (Mouse)	638	Evidence at protein level
S1	P27435	S01.026;S01.143;	NP_062195.2	Tpsab1	Rattus norvegicus (Rat)	273	Evidence at protein level
S1	P29293	S01.223;	NP_036622.2	Acr	Rattus norvegicus (Rat)	437	Evidence at transcript level
S1	P36373	S01.406;	NP_036725.2	Klk7	Rattus norvegicus (Rat)	261	Evidence at protein level
S1	P49864	S01.146;	NP_058815.1	Gzmk	Rattus norvegicus (Rat)	258	Evidence at protein level
S1	P50339	S01.150;	NP_037224.1	Cma1	Rattus norvegicus (Rat)	247	Evidence at transcript level
S1	Q05319	S01.225;	NP_001287355.1	Sb	Drosophila melanogaster (Fruit fly)	787	Evidence at transcript level
S1	Q06605	S01.097;	NP_001316820.1		Rattus norvegicus (Rat)	248	Evidence at transcript level
S1	Q61646	S01.972;	NP_059066.1	Hp	Mus musculus (Mouse)	347	Evidence at protein level
S1	Q63207	S01.216;	NP_058839.1	F10	Rattus norvegicus (Rat)	482	Evidence at protein level
S1	Q80YN4	S01.019;	NP_872279.2	Corin	Rattus norvegicus (Rat)	1111	Evidence at protein level
S1	Q8CFG8	S01.210;	NP_776289.2	C1s2	Mus musculus (Mouse)	688	Evidence at transcript level
S1	Q8CG14	S01.360;	NP_001091086.1	C1s1	Mus musculus (Mouse)	688	Evidence at transcript level
S1	Q8CG16	S01.209;	NP_075632.3	C1ra	Mus musculus (Mouse)	707	Evidence at protein level
S1	Q8VHJ4	S01.047;	NP_001028824.2	Tmprss11d	Rattus norvegicus (Rat)	417	Evidence at transcript level
S1	Q8VIF2	S01.317;	NP_694739.1	Prss42	Mus musculus (Mouse)	335	Evidence at protein level
S1	Q91X79	S01.153;	NP_291090.2	Cela1	Mus musculus (Mouse)	266	Evidence at protein level
S1	Q99MS4	S01.315;	NP_444490.2	Prss29	Mus musculus (Mouse)	279	Evidence at protein level
S1	Q9JHJ7	S01.011;	NP_065233.2	Prss21	Mus musculus (Mouse)	324	Evidence at protein level
S1	Q9JJS8	S01.229;	NP_742040.1	Masp2	Rattus norvegicus (Rat)	685	Evidence at protein level
S1	Q9QUK9	S01.057;S01.058;	NP_001003405.1	Try5	Mus musculus (Mouse)	246	Evidence at protein level
S1	Q9VP95	S01.A29;	NP_649270.1	Sems	Drosophila melanogaster (Fruit fly)	275	Evidence at protein level
S1	Q9VWU1	S01.421;	NP_573297.1	psh	Drosophila melanogaster (Fruit fly)	394	Evidence at protein level
S1	Q9VZH2	S01.024;	NP_001261408.1	mas	Drosophila melanogaster (Fruit fly)	1047	Evidence at protein level
S1	Q9Z0M1	S01.251;	NP_064312.1	Klk4	Mus musculus (Mouse)	255	Evidence at protein level
S1	A0A1S4HE51			SPCLIP1	Anopheles gambiae (African malaria mosquito)	416	Evidence at protein level
S1	P00752				Sus scrofa (Pig)	246	Evidence at protein level
S1	P00772	S01.153;	NP_998988.1	CELA1	Sus scrofa (Pig)	266	Evidence at protein level
S1	P06867	S01.233;	NP_001038055.1	PLG	Sus scrofa (Pig)	809	Evidence at protein level
S1	P16293	S01.214;		F9	Sus scrofa (Pig)	409	Evidence at protein level
S1	P19006	S01.972;		HP	Canis lupus familiaris (Dog) (Canis familiaris)	329	Evidence at protein level
S1	Q28661	S01.218;		PROC	Oryctolagus cuniculus (Rabbit)	458	Evidence at transcript level
S1	Q2F9P2	S01.215;		F7	Pan troglodytes (Chimpanzee)	466	Inferred from homology
S1	Q2VG86	S01.507;	NP_001036844.1		Bombyx mori (Silk moth)	369	Evidence at protein level
S1	Q5R8X6	S01.233;	NP_001126035.1	PLG	Pongo abelii (Sumatran orangutan) (Pongo pygmaeus abelii)	810	Evidence at transcript level
S1	Q7QBP4	S01.203;		CLIPB10	Anopheles gambiae (African malaria mosquito)	362	Evidence at protein level
S1	Q7SIG3				Salmo salar (Atlantic salmon)	236	Evidence at protein level
S1	Q804X6	S01.214;		F9	Gallus gallus (Chicken)	471	Evidence at transcript level
S1	Q863A0	S01.194;		C2	Gorilla gorilla gorilla (Western lowland gorilla)	752	Inferred from homology
S1	Q9GLP2	S01.218;	NP_999083.1	PROC	Sus scrofa (Pig)	459	Evidence at transcript level
S1	A0A1S4H5M5			CLIPA28	Anopheles gambiae (African malaria mosquito)	376	Evidence at protein level
S1	O46644	S01.153;	XP_045221205.1	CELA1	Macaca fascicularis (Crab-eating macaque) (Cynomolgus monkey)	266	Evidence at transcript level
S1	P16291	S01.214;		F9	Ovis aries (Sheep)	462	Evidence at transcript level
S1	P19236	S01.145;	NP_001005260.1		Canis lupus familiaris (Dog) (Canis familiaris)	280	Evidence at protein level
S1	P19540	S01.214;	NP_001003323.1	F9	Canis lupus familiaris (Dog) (Canis familiaris)	452	Evidence at protein level
S1	P79953	S01.240;	NP_001081896.1	ovch2	Xenopus laevis (African clawed frog)	1004	Evidence at protein level
S1	P98074	S01.156;	NP_001001259.1	TMPRSS15	Sus scrofa (Pig)	1034	Evidence at protein level
S1	Q29485	S01.233;		PLG	Erinaceus europaeus (Western European hedgehog)	810	Evidence at transcript level
S1	Q2UVH8	S01.223;		ACR	Meleagris gallopavo (Wild turkey)	346	Evidence at protein level
S1	Q6SA95	S01.214;	NP_001009377.1	F9	Felis catus (Cat) (Felis silvestris catus)	466	Inferred from homology
S1	Q8SPS7	S01.972;	NP_999165.1	HP	Sus scrofa (Pig)	347	Evidence at protein level
S1	Q9GL10	S01.223;		ACR	Ovis aries (Sheep)	329	Evidence at protein level
S1	Q9NAS8	S01.448;		CLIPB14	Anopheles gambiae (African malaria mosquito)	375	Evidence at protein level
S1	O19045	S01.216;	NP_001075485.1	F10	Oryctolagus cuniculus (Rabbit)	490	Evidence at transcript level
S1	P00761				Sus scrofa (Pig)	231	Evidence at protein level
S1	P08001	S01.223;	NP_999198.1	ACR	Sus scrofa (Pig)	415	Evidence at protein level
S1	P16292	S01.214;	NP_001182654.1	F9	Oryctolagus cuniculus (Rabbit)	462	Evidence at transcript level
S1	P80015	S01.971;	XP_005661477.1	AZU1	Sus scrofa (Pig)	246	Evidence at protein level
S1	Q5R1W3	S01.192;	NP_001029292.1	C1R	Pan troglodytes (Chimpanzee)	705	Evidence at transcript level
S1	Q864W0	S01.196;	NP_001009169.1	CFB	Pan troglodytes (Chimpanzee)	764	Inferred from homology
S1	Q867B7	S01.976;	NP_001002964.1	HGF	Canis lupus familiaris (Dog) (Canis familiaris)	730	Evidence at transcript level
S1	Q8SQ74	S01.194;		C2	Pan troglodytes (Chimpanzee)	752	Inferred from homology
S1	Q95ND7	S01.214;	NP_001129063.1	F9	Pan troglodytes (Chimpanzee)	461	Inferred from homology
S1	Q9NAS9	S01.449;		CLIPB15	Anopheles gambiae (African malaria mosquito)	364	Evidence at protein level
S1	Q9XXV0	S01.305;	NP_001036832.1	PPAE	Bombyx mori (Silk moth)	441	Evidence at protein level
S1	A0A1S4GMJ4			CLIPC9	Anopheles gambiae (African malaria mosquito)	356	Evidence at protein level
S1	A0A1S4H5S2			CLIPA8	Anopheles gambiae (African malaria mosquito)	363	Evidence at protein level
S1	F5HKX0	S01.203;		CLIPB9	Anopheles gambiae (African malaria mosquito)	401	Evidence at protein level
S1	P25155	S01.216;	NP_990353.1	F10	Gallus gallus (Chicken)	475	Evidence at protein level
S1	Q03710	S01.196;	XP_020953515.1	CFB	Sus scrofa (Pig)	765	Inferred from homology
S1	Q28278	S01.218;	NP_001013871.1	PROC	Canis lupus familiaris (Dog) (Canis familiaris)	456	Evidence at transcript level
S1	Q28380	S01.218;	XP_023478439.1	PROC	Equus caballus (Horse)	457	Evidence at transcript level
S1	Q2F9P4	S01.215;		F7	Pan paniscus (Pygmy chimpanzee) (Bonobo)	466	Inferred from homology
S1	Q49QW1	S01.427;		PPAE1	Spodoptera litura (Asian cotton leafworm)	374	Evidence at protein level
S1	Q56VR3	S01.446;			Pseudonaja textilis (Eastern brown snake)	467	Evidence at protein level
S1	Q5R544	S01.192;	NP_001126847.1	C1R	Pongo abelii (Sumatran orangutan) (Pongo pygmaeus abelii)	705	Evidence at transcript level
S1	Q5R5E8	S01.224;	NP_001126784.1	HPN	Pongo abelii (Sumatran orangutan) (Pongo pygmaeus abelii)	417	Evidence at transcript level
S1	Q7PPZ8	S01.166;			Anopheles gambiae (African malaria mosquito)	272	Evidence at protein level
S1	Q8MZM7	S01.507;		CLIPB8	Anopheles gambiae (African malaria mosquito)	405	Evidence at protein level
S1	P08419	S01.155;	NP_999274.1	CELA2A	Sus scrofa (Pig)	269	Evidence at protein level
S1	P12545	S01.233;	NP_001036540.1	PLG	Macaca mulatta (Rhesus macaque)	810	Evidence at transcript level
S1	Q28315	S01.218;	XP_017921301.1	PROC	Capra hircus (Goat)	458	Evidence at transcript level
S1	Q4R577	S01.192;		C1R	Macaca fascicularis (Crab-eating macaque) (Cynomolgus monkey)	705	Evidence at transcript level
S1	Q7PEV7	S01.201;		CLIPB4	Anopheles gambiae (African malaria mosquito)	360	Evidence at protein level
S1	Q864V9	S01.196;		CFB	Gorilla gorilla gorilla (Western lowland gorilla)	764	Inferred from homology
S1	Q8MHY7	S01.231;	NP_001075480.1	PLAU	Oryctolagus cuniculus (Rabbit)	433	Evidence at transcript level
S1	P09093	S01.154;	NP_005738.4	CELA3A	Homo sapiens (Human)	270	Evidence at protein level
S1	Q7RTY7	S01.078;S01.322;	NP_001340108.1	OVCH1	Homo sapiens (Human)	1134	Evidence at protein level
S1	Q9BQR3	S01.074;	NP_001305324.1	PRSS27	Homo sapiens (Human)	290	Evidence at protein level
S1	O95084	S01.309;	NP_001280108.1	PRSS23	Homo sapiens (Human)	383	Evidence at protein level
S1	P40313	S01.256;	NP_001898.1	CTRL	Homo sapiens (Human)	264	Evidence at protein level
S1	Q2L4Q9	S01.375;	NP_001034592.1	PRSS53	Homo sapiens (Human)	553	Evidence at protein level
S1	Q6UXH9	S01.998;	NP_001001991.1	PAMR1	Homo sapiens (Human)	720	Evidence at protein level
S1	Q8NHM4	S01.298;		PRSS3P2	Homo sapiens (Human)	247	Uncertain
S1	Q9UKR3	S01.306;	NP_001335107.1	KLK13	Homo sapiens (Human)	277	Evidence at protein level
S1	Q7RTY5	S01.325;	NP_899231.4	PRSS48	Homo sapiens (Human)	328	Evidence at protein level
S1	Q7Z5A4	S01.362;		PRSS42P	Homo sapiens (Human)	293	Uncertain
S1	Q8NF86	S01.075;	NP_001372391.1	PRSS33	Homo sapiens (Human)	280	Evidence at protein level
S1	P17538	S01.152;	NP_001316119.1	CTRB1	Homo sapiens (Human)	263	Evidence at protein level
S1	Q6ZWK6	S01.321;	NP_997290.2	TMPRSS11F	Homo sapiens (Human)	438	Evidence at protein level
S1	Q7RTY8	S01.072;	NP_001036040.2	TMPRSS7	Homo sapiens (Human)	843	Evidence at protein level
S1	Q7RTY9	S01.327;	NP_001341515.2	PRSS41	Homo sapiens (Human)	318	Evidence at protein level
S1	P04071	S01.163;	NP_032480.1	Klk1b16	Mus musculus (Mouse)	261	Evidence at protein level
S1	P36374	S01.288;		Klk6	Rattus norvegicus (Rat)	261	Inferred from homology
S1	Q03238	S01.139;		Gzmm	Rattus norvegicus (Rat)	258	Evidence at protein level
S1	Q2KJ63	S01.212;	NP_001039817.1	KLKB1	Bos taurus (Bovine)	636	Evidence at transcript level
S1	Q3UQ41	S01.292;	NP_001028405.1	Tmprss11a	Mus musculus (Mouse)	389	Evidence at transcript level
S1	Q5NTB3	S01.213;	NP_001008665.1	F11	Bos taurus (Bovine)	625	Evidence at protein level
S1	Q7YRZ7	S01.135;	NP_001001142.1	GZMA	Bos taurus (Bovine)	258	Evidence at transcript level
S1	Q80WM7	S01.075;	NP_001074868.2	Prss33	Mus musculus (Mouse)	277	Evidence at transcript level
S1	Q9CQW3	S01.996;	NP_080110.1	Proz	Mus musculus (Mouse)	399	Evidence at protein level
S1	P00774	S01.155;	NP_036685.1	Cela2a	Rattus norvegicus (Rat)	271	Evidence at transcript level
S1	P17207	S01.B24;	NP_524555.1	Jon99Ci	Drosophila melanogaster (Fruit fly)	272	Evidence at transcript level
S1	P50343	S01.025;	NP_062053.2	Tpsb2	Rattus norvegicus (Rat)	274	Evidence at transcript level
S1	P97592	S01.005;	NP_062194.1	Mcpt4	Rattus norvegicus (Rat)	246	Evidence at transcript level
S1	P98140	S01.211;	NP_001068587.1	F12	Bos taurus (Bovine)	612	Evidence at protein level
S1	Q29461	S01.155;	NP_777139.1	CELA2A	Bos taurus (Bovine)	269	Evidence at transcript level
S1	Q5E9Z2	S01.033;	NP_001014868.1	HABP2	Bos taurus (Bovine)	558	Evidence at transcript level
S1	Q5K2P8	S01.414;		Prss36	Mus musculus (Mouse)	849	Evidence at transcript level
S1	Q9CQ52	S01.983;	NP_080695.1	Cela3b	Mus musculus (Mouse)	269	Evidence at protein level
S1	Q9CR35	S01.152;	NP_079859.2	Ctrb1	Mus musculus (Mouse)	263	Evidence at protein level
S1	Q9ER04	S01.313;	NP_001346389.1	Tmprss5	Mus musculus (Mouse)	455	Evidence at transcript level
S1	P00744	S01.979;		PROZ	Bos taurus (Bovine)	396	Evidence at protein level
S1	P05805				Bos taurus (Bovine)	253	Evidence at protein level
S1	P11034	S01.458;	NP_032596.1	Mcpt1	Mus musculus (Mouse)	246	Evidence at protein level
S1	P13366	S01.402;	NP_034505.1	Gzmg	Mus musculus (Mouse)	248	Evidence at protein level
S1	P15950	S01.411;		Klk3	Rattus norvegicus (Rat)	188	Evidence at transcript level
S1	P36376	S01.287;		Klk12	Rattus norvegicus (Rat)	259	Evidence at transcript level
S1	Q14B24	S01.368;	NP_001036175.1	Prss57	Mus musculus (Mouse)	284	Evidence at transcript level
S1	Q2TBU0	S01.972;	NP_001035560.1	HP	Bos taurus (Bovine)	401	Evidence at transcript level
S1	Q5K2P9	S01.414;		Prss36	Rattus norvegicus (Rat)	875	Evidence at transcript level
S1	Q76BS1	S01.976;	NP_001026921.1	HGF	Bos taurus (Bovine)	730	Evidence at transcript level
S1	Q8BLH5	S01.993;	NP_666339.2	Prss50	Mus musculus (Mouse)	439	Evidence at protein level
S1	Q8K0D2	S01.033;	NP_666213.1	Habp2	Mus musculus (Mouse)	558	Evidence at transcript level
S1	Q9QYZ9	S01.042;	NP_038949.2	Prss30	Mus musculus (Mouse)	310	Evidence at transcript level
S1	Q9WUW3	S01.199;	NP_077071.1	Cfi	Rattus norvegicus (Rat)	604	Evidence at transcript level
S1	A6H6T1	S01.045;	NP_033382.2	Prss40	Mus musculus (Mouse)	365	Evidence at transcript level
S1	P09650	S01.149;	NP_001264597.1	Mcpt1	Rattus norvegicus (Rat)	260	Evidence at protein level
S1	P69525			Tmprss9	Mus musculus (Mouse)	1065	Inferred from homology
S1	P69526	S01.969;		Tmprss9	Rattus norvegicus (Rat)	1061	Inferred from homology
S1	P97435	S01.156;	NP_032967.1	Tmprss15	Mus musculus (Mouse)	1069	Evidence at transcript level
S1	Q06606	S01.008;	NP_058842.3	Mcpt10	Rattus norvegicus (Rat)	248	Evidence at transcript level
S1	Q5QSK2	S01.436;	NP_001008554.1	Tmprss11g	Rattus norvegicus (Rat)	417	Evidence at transcript level
S1	P00766	S01.001;			Bos taurus (Bovine)	245	Evidence at protein level
S1	P00770	S01.141;		Mcpt2	Rattus norvegicus (Rat)	247	Evidence at protein level
S1	P11033	S01.398;	NP_034502.2	Gzmd	Mus musculus (Mouse)	252	Evidence at protein level
S1	P12788	S01.183;	NP_775423.1	Try4	Rattus norvegicus (Rat)	247	Evidence at protein level
S1	P86091			Tmprss7	Rattus norvegicus (Rat)	833	Inferred from homology
S1	Q0IIH7	S01.302;	NP_001070006.1	ST14	Bos taurus (Bovine)	855	Evidence at transcript level
S1	Q14C59	S01.207;	NP_795998.2	Tmprss11b	Mus musculus (Mouse)	416	Evidence at transcript level
S1	Q29463	S01.120;			Bos taurus (Bovine)	247	Evidence at transcript level
S1	Q3T0A3	S01.191;	NP_001029427.1	CFD	Bos taurus (Bovine)	259	Evidence at transcript level
S1	Q61754	S01.069;	NP_034773.1	Klk1b24	Mus musculus (Mouse)	263	Evidence at transcript level
S1	Q6IE14	S01.321;		Tmprss11bnl	Rattus norvegicus (Rat)	420	Evidence at transcript level
S1	Q6IE59	S01.368;	NP_001003956.1	Prss57	Rattus norvegicus (Rat)	278	Evidence at transcript level
S1	Q6L711	S01.033;		Habp2	Rattus norvegicus (Rat)	558	Evidence at transcript level
S1	Q7M3E1	S01.157;	NP_001092435.1	CTRC	Bos taurus (Bovine)	268	Evidence at protein level
S1	Q8CGR5	S01.029;	NP_777355.1	Klk14	Mus musculus (Mouse)	250	Evidence at transcript level
S1	Q920S2	S01.417;	NP_001405694.1	Prss41	Mus musculus (Mouse)	322	Evidence at protein level
S1	Q9QYN3	S01.257;	NP_001170844.1	Klk11	Mus musculus (Mouse)	276	Evidence at protein level
S1	P06871	S01.151;		PRSS1	Canis lupus familiaris (Dog) (Canis familiaris)	246	Evidence at transcript level
S1	P10626	S01.223;		ACR	Capra hircus (Goat)	60	Evidence at protein level
S1	P12323				Cavia porcellus (Guinea pig)	239	Evidence at protein level
S1	P14417	S01.999;		LPA	Macaca mulatta (Rhesus macaque)	1420	Evidence at transcript level
S1	P15120	S01.231;	NP_990774.3	PLAU	Gallus gallus (Chicken)	434	Evidence at transcript level
S1	P35035	S01.130;		TRYP1	Anopheles gambiae (African malaria mosquito)	274	Evidence at transcript level
S1	P35040	S01.130;		TRYP6	Anopheles gambiae (African malaria mosquito)	273	Evidence at transcript level
S1	P35041	S01.130;		TRYP7	Anopheles gambiae (African malaria mosquito)	267	Evidence at transcript level
S1	P39675	S01.031;		DERP3	Dermatophagoides pteronyssinus (European house dust mite)	261	Evidence at protein level
S1	P48038	S01.223;	NP_001075805.1	ACR	Oryctolagus cuniculus (Rabbit)	431	Evidence at transcript level
S1	P80009	S01.233;		PLG	Canis lupus familiaris (Dog) (Canis familiaris)	333	Evidence at protein level
S1	Q5G267	S01.237;		PRSS12	Macaca mulatta (Rhesus macaque)	875	Inferred from homology
S1	Q5R5A4	S01.199;		CFI	Pongo abelii (Sumatran orangutan) (Pongo pygmaeus abelii)	583	Evidence at transcript level
S1	Q6DT45			KLK3	Macaca fascicularis (Crab-eating macaque) (Cynomolgus monkey)	261	Evidence at transcript level
S1	Q9BH09	S01.976;	NP_001009830.1	HGF	Felis catus (Cat) (Felis silvestris catus)	728	Evidence at transcript level
S1	A7WPL7	S01.140;	NP_001166403.1	CMA1	Cavia porcellus (Guinea pig)	247	Evidence at protein level
S1	F1DQG5	S01.478;		ESP	Anopheles gambiae (African malaria mosquito)	268	Evidence at protein level
S1	P09582	S01.289;	NP_001003284.1		Canis lupus familiaris (Dog) (Canis familiaris)	260	Evidence at protein level
S1	P15156	S01.193;	NP_001268589.1		Mesocricetus auratus (Golden hamster)	695	Evidence at protein level
S1	Q28412	S01.218;		PROC	Felis catus (Cat) (Felis silvestris catus)	157	Evidence at transcript level
S1	Q5R8J0	S01.232;	NP_001126112.1	PLAT	Pongo abelii (Sumatran orangutan) (Pongo pygmaeus abelii)	562	Evidence at transcript level
S1	P29786	S01.130;	XP_001652943.1		Aedes aegypti (Yellowfever mosquito) (Culex aegypti)	254	Evidence at transcript level
S1	P29787	S01.130;			Aedes aegypti (Yellowfever mosquito) (Culex aegypti)	266	Evidence at transcript level
S1	P33619	S01.162;	NP_001036241.1	KLK3	Macaca mulatta (Rhesus macaque)	261	Evidence at transcript level
S1	P35031	S01.125;	NP_001117183.1		Salmo salar (Atlantic salmon)	242	Evidence at protein level
S1	P35037	S01.130;		TRYP3	Anopheles gambiae (African malaria mosquito)	275	Evidence at transcript level
S1	P81286	S01.233;		PLG	Ovis aries (Sheep)	343	Evidence at protein level
S1	Q04962	S01.211;		F12	Cavia porcellus (Guinea pig)	603	Evidence at protein level
S1	Q19AZ8	S01.217;	NP_001116457.1	F2	Sus scrofa (Pig)	623	Evidence at transcript level
S1	Q5RF29	S01.231;	NP_001124729.1	PLAU	Pongo abelii (Sumatran orangutan) (Pongo pygmaeus abelii)	431	Evidence at transcript level
S1	Q69DK8	S01.193;	NP_001005349.1		Sus scrofa (Pig)	687	Evidence at transcript level
S1	Q6H321	S01.171;	NP_001075362.3	KLK1E2	Equus caballus (Horse)	261	Evidence at protein level
S1	Q6QNF4	S01.228;	NP_001026985.1	HGFAC	Canis lupus familiaris (Dog) (Canis familiaris)	654	Evidence at transcript level
S1	Q8SQ23	S01.232;	NP_999219.1	PLAT	Sus scrofa (Pig)	562	Evidence at transcript level
S1	P16295	S01.214;		F9	Cavia porcellus (Guinea pig)	285	Evidence at transcript level
S1	P35033	S01.126;			Salmo salar (Atlantic salmon)	238	Evidence at protein level
S1	P35036	S01.130;		TRYP2	Anopheles gambiae (African malaria mosquito)	277	Evidence at transcript level
S1	P35039	S01.130;		TRYP5	Anopheles gambiae (African malaria mosquito)	274	Evidence at transcript level
S1	P51779	S01.191;	NP_001233173.1	CFD	Sus scrofa (Pig)	259	Evidence at transcript level
S1	P80010	S01.233;		PLG	Equus caballus (Horse)	338	Evidence at protein level
S1	P80931	S01.142;	NP_001009472.1		Ovis aries (Sheep)	245	Evidence at protein level
S1	P98139		NP_001076148.1	F7	Oryctolagus cuniculus (Rabbit)	444	Evidence at transcript level
S1	Q27289	S01.166;		CHYM1	Anopheles gambiae (African malaria mosquito)	259	Evidence at protein level
S1	Q28506	S01.218;		PROC	Macaca mulatta (Rhesus macaque)	161	Evidence at transcript level
S1	Q5G268	S01.237;		PRSS12	Nomascus leucogenys (Northern white-cheeked gibbon) (Hylobates leucogenys)	875	Inferred from homology
S1	Q9N2D1	S01.118;	NP_999356.1	MCT7	Sus scrofa (Pig)	275	Evidence at transcript level
S1	A0A6I8TBG6		XP_021707806.1		Aedes aegypti (Yellowfever mosquito) (Culex aegypti)	472	Evidence at transcript level
S1	O97507	S01.211;	NP_999407.1	F12	Sus scrofa (Pig)	616	Evidence at transcript level
S1	P04185	S01.231;	NP_999110.1	PLAU	Sus scrofa (Pig)	442	Evidence at transcript level
S1	P15944	S01.118;	NP_001091024.1		Canis lupus familiaris (Dog) (Canis familiaris)	275	Inferred from homology
S1	P19007	S01.972;	NP_001075579.1	HP	Oryctolagus cuniculus (Rabbit)	347	Evidence at protein level
S1	P21842	S01.140;	NP_001013442.1	CMA1	Canis lupus familiaris (Dog) (Canis familiaris)	249	Evidence at protein level
S1	P35038	S01.130;		TRYP4	Anopheles gambiae (African malaria mosquito)	275	Evidence at transcript level
S1	Q1L658	S01.446;		F10	Pseudonaja textilis (Eastern brown snake)	463	Evidence at protein level
S1	Q1L659	S01.396;		F10	Pseudonaja textilis (Eastern brown snake)	483	Evidence at transcript level
S1	Q5G270	S01.237;	XP_004040363.3	PRSS12	Gorilla gorilla gorilla (Western lowland gorilla)	876	Inferred from homology
S1	Q5G271	S01.237;	NP_001065275.1	PRSS12	Pan troglodytes (Chimpanzee)	875	Inferred from homology
S1	Q5R537	S01.217;	NP_001126851.1	F2	Pongo abelii (Sumatran orangutan) (Pongo pygmaeus abelii)	623	Evidence at transcript level
S1	A6NIE9			PRSS29P	Homo sapiens (Human)	313	Uncertain
S1	A8MTI9			PRSS47P	Homo sapiens (Human)	375	Uncertain
S1	Q8IYP2	S01.085;	NP_001001317.1	PRSS58	Homo sapiens (Human)	241	Evidence at protein level
S1	Q2TV78	S01.933;S01.975;		MST1L	Homo sapiens (Human)	715	Evidence at protein level
S1	A0A1B0GVH4			PRSS51	Homo sapiens (Human)	220	Inferred from homology
S1	A1L453	S01.318;	NP_898885.1	PRSS38	Homo sapiens (Human)	326	Evidence at protein level
S1	Q6GPI1	S01.152;	NP_001020371.3	CTRB2	Homo sapiens (Human)	263	Evidence at protein level
S1	Q7RTY3	S01.326;		PRSS45P	Homo sapiens (Human)	260	Uncertain
S1	Q6PEW0	S01.992;	NP_001073961.1	PRSS54	Homo sapiens (Human)	395	Evidence at protein level
S1	Q8N3Z0	S01.994;	NP_001163894.1	PRSS35	Homo sapiens (Human)	413	Evidence at protein level
S1	Q9UKQ9	S01.307;	NP_036447.1	KLK9	Homo sapiens (Human)	250	Evidence at protein level
S1	C0HKF8		NP_001287598.1	Jon99Ciii	Drosophila melanogaster (Fruit fly)	265	Evidence at transcript level
S1	O70169	S01.985;	NP_033381.1	Prss39	Mus musculus (Mouse)	367	Evidence at transcript level
S1	P04814	S01.110;	NP_476771.1	alphaTry	Drosophila melanogaster (Fruit fly)	256	Evidence at transcript level
S1	Q14B25	S01.325;	NP_001001650.1	Prss48	Mus musculus (Mouse)	312	Evidence at transcript level
S1	Q24K22	S01.975;	NP_001069145.1	MST1	Bos taurus (Bovine)	712	Evidence at transcript level
S1	Q5E9P5	S01.998;	NP_001015591.1	PAMR1	Bos taurus (Bovine)	720	Evidence at transcript level
S1	Q6AY28	S01.992;	NP_001013910.1	Prss54	Rattus norvegicus (Rat)	382	Evidence at protein level
S1	Q6IE06	S01.984;	NP_001009174.1	Prss58	Rattus norvegicus (Rat)	240	Evidence at transcript level
S1	Q7M756	S01.992;		Prss54	Mus musculus (Mouse)	383	Evidence at transcript level
S1	Q8BJR6	S01.074;	NP_780649.1	Prss27	Mus musculus (Mouse)	328	Evidence at transcript level
S1	A2VE36	S01.326;	NP_001075924.1	PRSS45	Bos taurus (Bovine)	316	Evidence at transcript level
S1	C0HKF7		NP_524554.1	Jon99Cii	Drosophila melanogaster (Fruit fly)	265	Evidence at transcript level
S1	P35004	S01.A83;	NP_001286314.1	betaTry	Drosophila melanogaster (Fruit fly)	253	Evidence at transcript level
S1	P42279	S01.117;	NP_523692.1	etaTry	Drosophila melanogaster (Fruit fly)	262	Evidence at transcript level
S1	P42280	S01.116;	NP_523691.1	zetaTry	Drosophila melanogaster (Fruit fly)	280	Evidence at transcript level
S1	P43430	S01.254;	NP_032598.1	Mcpt8	Mus musculus (Mouse)	247	Evidence at transcript level
S1	Q571E5	S01.374;	NP_001074737.1	Prss53	Mus musculus (Mouse)	552	Evidence at transcript level
S1	Q5M8S2	S01.250;	NP_898926.2	Prss46	Mus musculus (Mouse)	314	Evidence at protein level
S1	Q6AXZ6	S01.985;	NP_001013244.1	Prss40	Rattus norvegicus (Rat)	369	Evidence at transcript level
S1	Q6BEA2	S01.074;	NP_891994.3	Prss27	Rattus norvegicus (Rat)	328	Evidence at transcript level
S1	Q6IE63	S01.250;	NP_001008865.2	Prss46	Rattus norvegicus (Rat)	314	Evidence at transcript level
S1	Q8BW11	S01.984;	NP_778185.1	Prss58	Mus musculus (Mouse)	241	Evidence at transcript level
S1	Q8K4I7	S01.968;	NP_694812.1	Prss45	Mus musculus (Mouse)	317	Evidence at transcript level
S1	Q9ER10	S01.252;	NP_598492.2	Prss22	Mus musculus (Mouse)	307	Evidence at transcript level
S1	C0HKA3		NP_725034.1	gammaTry	Drosophila melanogaster (Fruit fly)	253	Evidence at transcript level
S1	O35164	S01.304;	NP_034912.3	Mcpt9	Mus musculus (Mouse)	246	Evidence at transcript level
S1	P35005	S01.A82;	NP_525112.1	epsilonTry	Drosophila melanogaster (Fruit fly)	256	Evidence at transcript level
S1	Q32KU2		NP_001035659.1	PRSS37	Bos taurus (Bovine)	235	Evidence at transcript level
S1	Q3UKY7	S01.324;	NP_001038986.1	Prss38	Mus musculus (Mouse)	322	Evidence at transcript level
S1	Q3UZ09	S01.189;	NP_851989.3	C1rl	Mus musculus (Mouse)	482	Evidence at protein level
S1	Q8C0F9	S01.994;	NP_848853.2	Prss35	Mus musculus (Mouse)	409	Evidence at transcript level
S1	Q9D9M0	S01.419;	NP_082801.2	Prss52	Mus musculus (Mouse)	321	Evidence at transcript level
S1	C0HKA2	S01.A84;	NP_523694.2	deltaTry	Drosophila melanogaster (Fruit fly)	253	Evidence at transcript level
S1	P08426	S01.151;	NP_775150.1	Try3	Rattus norvegicus (Rat)	247	Evidence at transcript level
S1	P15119	S01.003;	NP_032597.1	Mcpt2	Mus musculus (Mouse)	244	Evidence at transcript level
S1	P32821	S01.092;	NP_001101326.1		Rattus norvegicus (Rat)	246	Evidence at transcript level
S1	P32822	S01.093;			Rattus norvegicus (Rat)	246	Evidence at transcript level
S1	P42278	S01.114;	NP_523693.1	thetaTry	Drosophila melanogaster (Fruit fly)	262	Evidence at transcript level
S1	P52905	S01.115;	NP_523695.1	iotaTry	Drosophila melanogaster (Fruit fly)	252	Evidence at transcript level
S1	P55091	S01.157;	NP_001071117.1	Ctrc	Rattus norvegicus (Rat)	268	Evidence at protein level
S1	P97594	S01.009;	NP_058842.3	Mcpt8	Rattus norvegicus (Rat)	248	Evidence at transcript level
S1	Q32LI2	S01.085;	NP_001035599.1	PRSS58	Bos taurus (Bovine)	242	Evidence at transcript level
S1	Q8BHM9	S01.321;	NP_848845.1	Tmprss11f	Mus musculus (Mouse)	439	Evidence at transcript level
S1	Q8BZ10	S01.436;	NP_796136.2	Tmprss11g	Mus musculus (Mouse)	417	Evidence at transcript level
S1	Q9D6X6		NP_001347681.2	Prss23	Mus musculus (Mouse)	382	Evidence at transcript level
S1	P00767	S01.152;			Bos taurus (Bovine)	245	Evidence at protein level
S1	Q00356	S01.304;		Mcptl	Mus musculus (Mouse)	246	Inferred from homology
S1	Q3SYP2	S01.157;	NP_001029047.1	Ctrc	Mus musculus (Mouse)	268	Evidence at protein level
S8	O14773	S53.003;	NP_000382.3	TPP1	Homo sapiens (Human)	563	Evidence at protein level
S8	P29120	S08.072;	NP_000430.3	PCSK1	Homo sapiens (Human)	753	Evidence at protein level
S8	P29122	S08.075;	NP_001278238.1	PCSK6	Homo sapiens (Human)	969	Evidence at protein level
S8	Q16549	S08.077;	NP_004707.2	PCSK7	Homo sapiens (Human)	785	Evidence at protein level
S8	Q6UW60	S08.074;	NP_060043.2	PCSK4	Homo sapiens (Human)	755	Evidence at protein level
S8	P09958	S08.071;	NP_001276752.1	FURIN	Homo sapiens (Human)	794	Evidence at protein level
S8	Q14703	S08.063;	NP_003782.1	MBTPS1	Homo sapiens (Human)	1052	Evidence at protein level
S8	P29144	S08.A56;	NP_001317517.1	TPP2	Homo sapiens (Human)	1249	Evidence at protein level
S8	Q8NBP7	S08.039;	NP_777596.2	PCSK9	Homo sapiens (Human)	692	Evidence at protein level
S8	Q92824	S08.076;	NP_001177411.1	PCSK5	Homo sapiens (Human)	1860	Evidence at protein level
S8	P16519	S08.073;	NP_001188457.1	PCSK2	Homo sapiens (Human)	638	Evidence at protein level
S8	F4JVN6	S08.A56;	NP_193817.2	TPP2	Arabidopsis thaliana (Mouse-ear cress)	1380	Evidence at protein level
S8	F8W2M8	S53.008;	NP_001122270.1	tpp1	Danio rerio (Zebrafish) (Brachydanio rerio)	557	Evidence at protein level
S8	O65351	S08.112;	NP_569048.1	SBT1.7	Arabidopsis thaliana (Mouse-ear cress)	757	Evidence at protein level
S8	P09232	S08.052;	NP_010854.1	PRB1	Saccharomyces cerevisiae (strain ATCC 204508 / S288c) (Baker's yeast)	635	Evidence at protein level
S8	P28841	S08.073;	NP_036878.1	Pcsk2	Rattus norvegicus (Rat)	637	Evidence at protein level
S8	P29121	S08.074;	NP_032819.1	Pcsk4	Mus musculus (Mouse)	655	Evidence at transcript level
S8	P30430	S08.048;	NP_733102.1	Fur1	Drosophila melanogaster (Fruit fly)	1101	Evidence at transcript level
S8	P51559	S08.031;	NP_001021540.1	bli-4	Caenorhabditis elegans	942	Evidence at protein level
S8	P91863	S08.132;	NP_493594.1	aex-5	Caenorhabditis elegans	537	Evidence at protein level
S8	Q04592		NP_001156616.1	Pcsk5	Mus musculus (Mouse)	1877	Evidence at protein level
S8	Q9WTZ2	S08.063;	NP_001161382.1	Mbtps1	Mus musculus (Mouse)	1052	Evidence at protein level
S8	O64495	S08.084;	NP_563701.1	SBT1.2	Arabidopsis thaliana (Mouse-ear cress)	775	Evidence at transcript level
S8	O89023	S53.003;	NP_034036.1	Tpp1	Mus musculus (Mouse)	562	Evidence at protein level
S8	P23188	S08.071;	NP_001074923.1	Furin	Mus musculus (Mouse)	793	Evidence at protein level
S8	P28840	S08.072;	NP_058787.1	Pcsk1	Rattus norvegicus (Rat)	752	Evidence at transcript level
S8	P54683	S08.A57;	XP_637865.1	tagB	Dictyostelium discoideum (Social amoeba)	1906	Inferred from homology
S8	Q62849	S08.077;	NP_062119.1	Pcsk7	Rattus norvegicus (Rat)	783	Evidence at protein level
S8	G5ECN9	S08.109;	NP_001023732.1	egl-3	Caenorhabditis elegans	652	Evidence at protein level
S8	O17798	S08.047;	NP_492974.2	kpc-1	Caenorhabditis elegans	692	Evidence at protein level
S8	P13134	S08.070;	NP_014161.1	KEX2	Saccharomyces cerevisiae (strain ATCC 204508 / S288c) (Baker's yeast)	814	Evidence at protein level
S8	P26016	S08.048;	NP_524885.1	Fur1	Drosophila melanogaster (Fruit fly)	1269	Evidence at transcript level
S8	Q0WUG6	S08.063;	NP_197467.1	SBT6.1	Arabidopsis thaliana (Mouse-ear cress)	1038	Evidence at protein level
S8	Q23868	S08.127;	XP_637864.1	tagC	Dictyostelium discoideum (Social amoeba)	1741	Evidence at transcript level
S8	Q9LNU1	S08.A22;	NP_001031070.1	CRSP	Arabidopsis thaliana (Mouse-ear cress)	769	Evidence at transcript level
S8	Q9VBC7		NP_477318.1	amon	Drosophila melanogaster (Fruit fly)	654	Evidence at protein level
S8	P30432	S08.049;	NP_523368.2	Fur2	Drosophila melanogaster (Fruit fly)	1679	Evidence at transcript level
S8	Q0V8B6	S53.003;	NP_001069186.1	TPP1	Bos taurus (Bovine)	563	Evidence at transcript level
S8	Q28193	S08.071;	NP_776561.1	FURIN	Bos taurus (Bovine)	797	Evidence at protein level
S8	Q55CT0	S53.003;	XP_646401.1	tpp1	Dictyostelium discoideum (Social amoeba)	600	Inferred from homology
S8	Q78EH2	S08.074;	NP_598243.1	Pcsk4	Rattus norvegicus (Rat)	678	Evidence at transcript level
S8	Q9EQV6	S53.003;	NP_112647.2	Tpp1	Rattus norvegicus (Rat)	563	Evidence at protein level
S8	P21661	S08.073;	NP_032818.1	Pcsk2	Mus musculus (Mouse)	637	Evidence at protein level
S8	P23377	S08.071;	NP_062204.2	Furin	Rattus norvegicus (Rat)	793	Evidence at protein level
S8	P41413	S08.076;	NP_446275.1	Pcsk5	Rattus norvegicus (Rat)	1809	Evidence at transcript level
S8	P59996	S08.039;	NP_954862.2	Pcsk9	Rattus norvegicus (Rat)	691	Evidence at protein level
S8	P63239	S08.072;	NP_001413214.1	Pcsk1	Mus musculus (Mouse)	753	Evidence at protein level
S8	Q61139	S08.077;	NP_001268863.1	Pcsk7	Mus musculus (Mouse)	770	Evidence at transcript level
S8	Q63415	S08.075;		Pcsk6	Rattus norvegicus (Rat)	937	Evidence at protein level
S8	Q64514	S08.A56;	NP_001297469.1	Tpp2	Mus musculus (Mouse)	1262	Evidence at protein level
S8	Q64560	S08.A56;	NP_112399.1	Tpp2	Rattus norvegicus (Rat)	1249	Evidence at transcript level
S8	Q80W65	S08.039;	NP_705793.1	Pcsk9	Mus musculus (Mouse)	694	Evidence at protein level
S8	Q9GTN7	S08.128;	XP_629328.1	tagA	Dictyostelium discoideum (Social amoeba)	1752	Evidence at protein level
S8	Q9MAP5	S08.A35;	NP_564414.2	SBT3.3	Arabidopsis thaliana (Mouse-ear cress)	777	Evidence at transcript level
S8	Q9V6K1	S08.090;	NP_001286376.1	TppII	Drosophila melanogaster (Fruit fly)	1441	Evidence at protein level
S8	Q9WTZ3	S08.063;	NP_446021.2	Mbtps1	Rattus norvegicus (Rat)	1052	Evidence at protein level
S8	A8T650			PCSK9	Gorilla gorilla gorilla (Western lowland gorilla)	690	Evidence at transcript level
S8	A8T688	S08.039;	NP_001254682.1	PCSK9	Callithrix jacchus (White-tufted-ear marmoset) (Simia Jacchus)	690	Evidence at transcript level
S8	O82777	S08.151;	NP_001234774.1	sbt3	Solanum lycopersicum (Tomato) (Lycopersicon esculentum)	761	Evidence at protein level
S8	P12547	S08.053;	XP_001820144.1	alp1	Aspergillus oryzae (strain ATCC 42149 / RIB 40) (Yellow koji mold)	403	Evidence at protein level
S8	P29119	S08.071;		furin	Xenopus laevis (African clawed frog)	783	Evidence at transcript level
S8	A8T644	S08.039;	NP_001104592.1	PCSK9	Pan troglodytes (Chimpanzee)	692	Evidence at transcript level
S8	A8T662			PCSK9	Macaca nemestrina (Pig-tailed macaque)	692	Evidence at transcript level
S8	P28296	S08.053;	XP_751651.1	alp1	Aspergillus fumigatus (strain ATCC MYA-4609 / CBS 101355 / FGSC A1100 / Af293) (Neosartorya fumigata)	403	Evidence at protein level
S8	Q39547	S08.092;	NP_001412405.1		Cucumis melo (Muskmelon)	731	Evidence at protein level
S8	A8T655			PCSK9	Pan paniscus (Pygmy chimpanzee) (Bonobo)	692	Evidence at transcript level
S8	A8T695		NP_001266928.1	PCSK9	Saimiri boliviensis boliviensis (Bolivian squirrel monkey)	691	Evidence at transcript level
S8	Q5IS74	S53.003;	NP_001013025.1	TPP1	Pan troglodytes (Chimpanzee)	563	Evidence at transcript level
S8	Q5RFL1	S53.003;	NP_001124619.1	TPP1	Pongo abelii (Sumatran orangutan) (Pongo pygmaeus abelii)	564	Evidence at transcript level
S8	Q60HH1	S53.003;		TPP1	Macaca fascicularis (Crab-eating macaque) (Cynomolgus monkey)	563	Evidence at transcript level
S8	Q70J59	S53.010;	XP_746536.1	sed2	Aspergillus fumigatus (strain ATCC MYA-4609 / CBS 101355 / FGSC A1100 / Af293) (Neosartorya fumigata)	602	Evidence at protein level
S8	Q9Z2A8	S08.063;	NP_001233611.1	MBTPS1	Cricetulus griseus (Chinese hamster) (Cricetulus barabensis griseus)	1052	Evidence at protein level
S8	P09230	S08.055;		XPR2	Yarrowia lipolytica (strain CLIB 122 / E 150) (Yeast) (Candida lipolytica)	454	Evidence at protein level
S8	Q9XSB8	S53.003;	NP_001013869.1	TPP1	Canis lupus familiaris (Dog) (Canis familiaris)	563	Inferred from homology
S8	A0A044RE18	S08.031;		Bli	Onchocerca volvulus	693	Evidence at protein level
S8	A0A509AM03			SUB1	Plasmodium berghei (strain Anka)	599	Evidence at protein level
S8	A8T666	S08.039;	NP_001106130.1	PCSK9	Macaca mulatta (Rhesus macaque)	692	Evidence at transcript level
S8	Q00208	S08.053;	XP_663162.1	alp1	Emericella nidulans (strain FGSC A4 / ATCC 38163 / CBS 112.46 / NRRL 194 / M139) (Aspergillus nidulans)	403	Evidence at transcript level
S8	Q09175	S08.A55;	NP_594835.1	krp1	Schizosaccharomyces pombe (strain 972 / ATCC 24843) (Fission yeast)	709	Evidence at protein level
S8	Q8I0V0	S08.012;	XP_001351633.1	SUB1	Plasmodium falciparum (isolate 3D7)	688	Evidence at protein level
S8	Q8IHZ5	S08.013;	XP_001348051.1	SUB2	Plasmodium falciparum (isolate 3D7)	1341	Evidence at protein level
S8	W7K9M0	S08.012;		SUB1	Plasmodium falciparum (isolate NF54)	688	Evidence at protein level
S8	F4JXC5	S08.A26;	NP_200789.2	SBT5.4	Arabidopsis thaliana (Mouse-ear cress)	778	Evidence at protein level
S8	P25381	S08.A50;	NP_009974.1	RRT12	Saccharomyces cerevisiae (strain ATCC 204508 / S288c) (Baker's yeast)	491	Evidence at protein level
S8	Q09541	S08.A56;	NP_495221.1	tpp-2	Caenorhabditis elegans	1374	Evidence at transcript level
S8	Q84WS0	S08.155;	NP_563639.2	SBTI1.1	Arabidopsis thaliana (Mouse-ear cress)	774	Evidence at protein level
S8	Q9GLR0	S08.073;	NP_776838.1	PCSK2	Bos taurus (Bovine)	638	Evidence at transcript level
S8	Q9MAP7	S08.A36;	NP_564412.1	SBT3.5	Arabidopsis thaliana (Mouse-ear cress)	774	Evidence at protein level
S8	Q9ZSP5	S08.119;	NP_565309.2	AIR3	Arabidopsis thaliana (Mouse-ear cress)	772	Evidence at transcript level
S8	Q9ZUF6	S08.A24;	NP_565330.1	SBT1.8	Arabidopsis thaliana (Mouse-ear cress)	754	Evidence at protein level
S8	Q8L7D2	S08.A20;	NP_568895.1	SBT4.12	Arabidopsis thaliana (Mouse-ear cress)	736	Evidence at transcript level
S8	A5PK39	S08.A56;	NP_001092504.1	TPP2	Bos taurus (Bovine)	1249	Evidence at transcript level
S8	Q9LVJ1	S08.A28;	NP_566473.2	SBT1.4	Arabidopsis thaliana (Mouse-ear cress)	777	Evidence at transcript level
S8	F4HYR6	S08.014;	NP_564793.2	SBT2.4	Arabidopsis thaliana (Mouse-ear cress)	832	Evidence at protein level
S8	Q8T9W1	S08.A57;	XP_637863.1	tagD	Dictyostelium discoideum (Social amoeba)	1825	Inferred from homology
S8	Q9GLR1	S08.072;	NP_776837.1	PCSK1	Bos taurus (Bovine)	753	Evidence at transcript level
S8	A1CWF3	S08.053;	XP_001266852.1	alp1	Neosartorya fischeri (strain ATCC 1020 / DSM 3700 / CBS 544.65 / FGSC A1164 / JCM 1740 / NRRL 181 / WB 181) (Aspergillus fischerianus)	403	Evidence at transcript level
S8	O13359			KEX2	Candida albicans (strain WO-1) (Yeast)	938	Inferred from homology
S8	Q8I430	S08.122;	XP_001351630.1	SUB3	Plasmodium falciparum (isolate 3D7)	769	Evidence at protein level
S8	G1X8P8	S08.120;	XP_011120860.1		Arthrobotrys oligospora (strain ATCC 24927 / CBS 115.81 / DSM 1491) (Nematode-trapping fungus) (Didymozoophaga oligospora)	409	Evidence at protein level
S8	L8FSM5			SP2	Pseudogymnoascus destructans (strain ATCC MYA-4855 / 20631-21) (Bat white-nose syndrome fungus) (Geomyces destructans)	400	Evidence at protein level
S8	P87184		XP_753718.1	alp2	Aspergillus fumigatus (strain ATCC MYA-4609 / CBS 101355 / FGSC A1100 / Af293) (Neosartorya fumigata)	495	Evidence at protein level
S8	Q03333	S08.073;	NP_001004044.1	PCSK2	Sus scrofa (Pig)	638	Evidence at transcript level
S8	Q70GH4	S53.010;	XP_754723.2	sed3	Aspergillus fumigatus (strain ATCC MYA-4609 / CBS 101355 / FGSC A1100 / Af293) (Neosartorya fumigata)	596	Evidence at protein level
S8	P09231			KEX1	Kluyveromyces lactis (strain ATCC 8585 / CBS 2359 / DSM 70799 / NBRC 1267 / NRRL Y-1140 / WM37) (Yeast) (Candida sphaerica)	756	Inferred from homology
S8	P40903	S08.A54;	NP_593815.1	isp6	Schizosaccharomyces pombe (strain 972 / ATCC 24843) (Fission yeast)	467	Evidence at transcript level
S8	Q4WQU0	S53.010;	XP_751432.1	sed4	Aspergillus fumigatus (strain ATCC MYA-4609 / CBS 101355 / FGSC A1100 / Af293) (Neosartorya fumigata)	594	Evidence at protein level
S8	Q5REC2	S08.073;	NP_001124879.1	PCSK2	Pongo abelii (Sumatran orangutan) (Pongo pygmaeus abelii)	638	Evidence at transcript level
S8	F4JA91	S08.A18;	NP_566887.2	SBT4.5	Arabidopsis thaliana (Mouse-ear cress)	738	Inferred from homology
S8	F4KEL0	S08.A05;	NP_199377.2	SBT5.5	Arabidopsis thaliana (Mouse-ear cress)	803	Inferred from homology
S8	F4KGD4	S08.A11;	NP_568888.1	SBT4.7	Arabidopsis thaliana (Mouse-ear cress)	703	Inferred from homology
S8	Q8GWX9	S08.A34;	NP_564868.2	SBT3.16	Arabidopsis thaliana (Mouse-ear cress)	759	Evidence at transcript level
S8	Q9FHA4	S08.A16;	NP_569044.1	SBT1.9	Arabidopsis thaliana (Mouse-ear cress)	736	Evidence at transcript level
S8	Q9FI12	S08.A04;	NP_568634.1	SBT2.3	Arabidopsis thaliana (Mouse-ear cress)	840	Evidence at transcript level
S8	Q9FIM8	S08.A10;		SBT4.10	Arabidopsis thaliana (Mouse-ear cress)	693	Uncertain
S8	Q9FLI4	S08.A25;	NP_568765.1	SBT1.3	Arabidopsis thaliana (Mouse-ear cress)	780	Evidence at transcript level
S8	Q9LUM3	S08.A44;	NP_566483.1	SBT1.5	Arabidopsis thaliana (Mouse-ear cress)	775	Evidence at transcript level
S8	Q9SA75	S08.A03;	NP_174348.1	SBT2.1	Arabidopsis thaliana (Mouse-ear cress)	832	Evidence at transcript level
S8	Q9STF7	S08.A06;	NP_566888.2	SBT4.6	Arabidopsis thaliana (Mouse-ear cress)	736	Inferred from homology
S8	F4HPF1	S08.A27;	NP_564413.2	SBT3.4	Arabidopsis thaliana (Mouse-ear cress)	773	Inferred from homology
S8	O64481	S08.A02;	NP_001324171.1	SBT2.5	Arabidopsis thaliana (Mouse-ear cress)	815	Evidence at transcript level
S8	Q8L7I2	S08.A43;	NP_001078370.1	SBT3.6	Arabidopsis thaliana (Mouse-ear cress)	778	Evidence at transcript level
S8	Q9C7U8	S08.A33;	NP_564869.1	SBT3.17	Arabidopsis thaliana (Mouse-ear cress)	753	Inferred from homology
S8	Q9FIM6	S08.A12;	NP_001318833.1	SBT4.8	Arabidopsis thaliana (Mouse-ear cress)	710	Inferred from homology
S8	Q9STQ2	S08.A40;	NP_567744.1	SBT3.18	Arabidopsis thaliana (Mouse-ear cress)	779	Inferred from homology
S8	Q9SZY3	S08.A45;	NP_567361.1	SBT3.8	Arabidopsis thaliana (Mouse-ear cress)	775	Inferred from homology
S8	F4HSQ2	S08.A23;	NP_564106.1	SBT5.1	Arabidopsis thaliana (Mouse-ear cress)	780	Inferred from homology
S8	F4IG09	S08.A46;	NP_565915.2	SBT4.1	Arabidopsis thaliana (Mouse-ear cress)	775	Inferred from homology
S8	O49607	S08.A39;	NP_567972.1	SBT1.6	Arabidopsis thaliana (Mouse-ear cress)	764	Evidence at transcript level
S8	P25036	S08.A51;	NP_014645.1	YSP3	Saccharomyces cerevisiae (strain ATCC 204508 / S288c) (Baker's yeast)	478	Evidence at transcript level
S8	Q9MAP4	S08.A41;	NP_174573.1	SBT3.2	Arabidopsis thaliana (Mouse-ear cress)	734	Evidence at transcript level
S8	Q9SVT4	S08.A47;	NP_001320025.1	SBT3.14	Arabidopsis thaliana (Mouse-ear cress)	759	Inferred from homology
S8	Q9ZSB1	S08.A38;	NP_567360.1	SBT3.10	Arabidopsis thaliana (Mouse-ear cress)	759	Inferred from homology
S8	O23357	S08.A17;	NP_001319943.1	SBT4.2	Arabidopsis thaliana (Mouse-ear cress)	725	Inferred from homology
S8	Q1PDX5	S08.A37;	NP_568255.1	SBT3.11	Arabidopsis thaliana (Mouse-ear cress)	762	Evidence at transcript level
S8	Q6ESI7	S08.A56;		TPP2	Oryza sativa subsp. japonica (Rice)	1359	Evidence at transcript level
S8	Q9FGU3	S08.A19;	NP_568896.1	SBT4.4	Arabidopsis thaliana (Mouse-ear cress)	741	Evidence at transcript level
S8	Q9FIF8	S08.A09;	NP_568901.1	SBT4.3	Arabidopsis thaliana (Mouse-ear cress)	729	Inferred from homology
S8	Q9FIG1	S08.A15;	NP_001330156.1	SBT4.11	Arabidopsis thaliana (Mouse-ear cress)	736	Evidence at transcript level
S8	Q9FIM5	S08.A07;	NP_568890.2	SBT4.9	Arabidopsis thaliana (Mouse-ear cress)	713	Evidence at transcript level
S8	Q9FK76	S08.082;	NP_001318744.1	SBT5.6	Arabidopsis thaliana (Mouse-ear cress)	791	Evidence at transcript level
S8	Q9LLL8	S08.A14;	NP_567155.1	SBT4.14	Arabidopsis thaliana (Mouse-ear cress)	749	Evidence at transcript level
S8	Q9LZS6	S08.A13;	NP_568124.1	SBT4.15	Arabidopsis thaliana (Mouse-ear cress)	766	Inferred from homology
S8	Q9ZSB0	S08.A38;	NP_567359.1	SBT3.9	Arabidopsis thaliana (Mouse-ear cress)	756	Inferred from homology
S8	F4JJH4	S08.A32;	NP_567624.1	SBT3.1	Arabidopsis thaliana (Mouse-ear cress)	764	Inferred from homology
S8	F4JJH5	S08.A30;S08.A32;		SBT3.12	Arabidopsis thaliana (Mouse-ear cress)	754	Inferred from homology
S8	F4JJL8	S08.A42;	NP_193895.2	SBT3.15	Arabidopsis thaliana (Mouse-ear cress)	761	Evidence at transcript level
S8	Q8GUK4	S08.A48;	NP_567633.2	SBT3.13	Arabidopsis thaliana (Mouse-ear cress)	766	Evidence at transcript level
S8	Q9FIG2	S08.A21;	NP_568898.2	SBT4.13	Arabidopsis thaliana (Mouse-ear cress)	732	Evidence at transcript level
S8	Q9SUN6	S08.A01;	NP_001190781.1	SBT2.2	Arabidopsis thaliana (Mouse-ear cress)	856	Inferred from homology
S8	Q9SZV5	S08.A02;	NP_001328423.1	SBT2.6	Arabidopsis thaliana (Mouse-ear cress)	816	Evidence at transcript level
S8	Q9SZY2	S08.A49;	NP_001328158.1	SBT3.7	Arabidopsis thaliana (Mouse-ear cress)	777	Inferred from homology
S8	C5FII2		XP_002849136.1	SUB8	Arthroderma otae (strain ATCC MYA-4605 / CBS 113480) (Microsporum canis)	490	Inferred from homology
S8	C5FMY5		XP_002846303.1	SUB3	Arthroderma otae (strain ATCC MYA-4605 / CBS 113480) (Microsporum canis)	397	Inferred from homology
S8	C5FTQ5	S53.010;	XP_002846208.1	SED3	Arthroderma otae (strain ATCC MYA-4605 / CBS 113480) (Microsporum canis)	595	Inferred from homology
S8	C5FZ39		XP_002842878.1	SUB11	Arthroderma otae (strain ATCC MYA-4605 / CBS 113480) (Microsporum canis)	400	Inferred from homology
S8	D4APE3		XP_003015799.1	SUB11	Arthroderma benhamiae (strain ATCC MYA-4681 / CBS 112371) (Trichophyton mentagrophytes)	400	Inferred from homology
S8	D4B5N1		XP_003015507.1	SUB9	Arthroderma benhamiae (strain ATCC MYA-4681 / CBS 112371) (Trichophyton mentagrophytes)	402	Inferred from homology
S8	D4CZ60		XP_003025726.1	SUB11	Trichophyton verrucosum (strain HKI 0517)	400	Inferred from homology
S8	D4CZQ4		XP_003025534.1	SUB7	Trichophyton verrucosum (strain HKI 0517)	420	Inferred from homology
S8	D4D674	S08.115;	XP_003023263.1	SUB9	Trichophyton verrucosum (strain HKI 0517)	397	Inferred from homology
S8	D4D9U2		XP_003021991.1	SED4	Trichophyton verrucosum (strain HKI 0517)	600	Inferred from homology
S8	E4UY04		XP_003172408.1	SUB12	Arthroderma gypseum (strain ATCC MYA-4604 / CBS 118893) (Microsporum gypseum)	397	Inferred from homology
S8	E4V4J8		XP_003169757.1	SUB6	Arthroderma gypseum (strain ATCC MYA-4604 / CBS 118893) (Microsporum gypseum)	408	Inferred from homology
S8	G7KEU7			SBT	Medicago truncatula (Barrel medic) (Medicago tribuloides)	748	Evidence at transcript level
S8	J9VDC2		XP_012046191.1	PQP1	Cryptococcus neoformans (strain H99 / ATCC 208821 / CBS 10515 / FGSC 9487) (Cryptococcus neoformans var. grubii serotype A)	951	Evidence at protein level
S8	A1CIA7	S08.053;	XP_001272038.1	alp1	Aspergillus clavatus (strain ATCC 1007 / CBS 513.65 / DSM 816 / NCTC 3887 / NRRL 1 / QM 1276 / 107)	403	Inferred from homology
S8	B0Y473			alp2	Aspergillus fumigatus (strain CBS 144.89 / FGSC A1163 / CEA10) (Neosartorya fumigata)	495	Inferred from homology
S8	B0Y708	S08.053;		alp1	Aspergillus fumigatus (strain CBS 144.89 / FGSC A1163 / CEA10) (Neosartorya fumigata)	403	Inferred from homology
S8	D4AKU9		XP_003016653.1	SUB1	Arthroderma benhamiae (strain ATCC MYA-4681 / CBS 112371) (Trichophyton mentagrophytes)	533	Evidence at transcript level
S8	D4AQG0		XP_003015344.1	SUB10	Arthroderma benhamiae (strain ATCC MYA-4681 / CBS 112371) (Trichophyton mentagrophytes)	522	Inferred from homology
S8	D4D0F5		XP_003025273.1	SUB5	Trichophyton verrucosum (strain HKI 0517)	396	Inferred from homology
S8	D4DBH6		XP_003021402.1	SED2	Trichophyton verrucosum (strain HKI 0517)	596	Inferred from homology
S8	D4DIW9	S08.025;	XP_003018862.1	SUB1	Trichophyton verrucosum (strain HKI 0517)	518	Inferred from homology
S8	D4DLI5		XP_003017939.1	SUB2	Trichophyton verrucosum (strain HKI 0517)	421	Inferred from homology
S8	E4UWA4		XP_003172123.1	SUB4	Arthroderma gypseum (strain ATCC MYA-4604 / CBS 118893) (Microsporum gypseum)	399	Inferred from homology
S8	P42781			XPR6	Yarrowia lipolytica (strain CLIB 122 / E 150) (Yeast) (Candida lipolytica)	976	Inferred from homology
S8	C5FRX4		XP_002845577.1	SED4	Arthroderma otae (strain ATCC MYA-4605 / CBS 113480) (Microsporum canis)	601	Inferred from homology
S8	C5FX37		XP_002843913.1	SUB10	Arthroderma otae (strain ATCC MYA-4605 / CBS 113480) (Microsporum canis)	401	Inferred from homology
S8	C5G168		XP_002842859.1	SUB2	Arthroderma otae (strain ATCC MYA-4605 / CBS 113480) (Microsporum canis)	423	Inferred from homology
S8	D4AIK6		XP_003017224.1	SED4	Arthroderma benhamiae (strain ATCC MYA-4681 / CBS 112371) (Trichophyton mentagrophytes)	600	Evidence at protein level
S8	D4AK75		XP_003017793.1	SED3	Arthroderma benhamiae (strain ATCC MYA-4681 / CBS 112371) (Trichophyton mentagrophytes)	593	Inferred from homology
S8	D4B194		XP_003011669.1	SUB5	Arthroderma benhamiae (strain ATCC MYA-4681 / CBS 112371) (Trichophyton mentagrophytes)	396	Inferred from homology
S8	E4UTU7		XP_003174420.1	SUB9	Arthroderma gypseum (strain ATCC MYA-4604 / CBS 118893) (Microsporum gypseum)	402	Inferred from homology
S8	I1N462				Glycine max (Soybean) (Glycine hispida)	789	Evidence at protein level
S8	L8GD75			SP3	Pseudogymnoascus destructans (strain ATCC MYA-4855 / 20631-21) (Bat white-nose syndrome fungus) (Geomyces destructans)	404	Evidence at protein level
S8	Q8SQJ3	S08.032;		SPL1	Encephalitozoon cuniculi (strain GB-M1) (Microsporidian parasite)	465	Evidence at transcript level
S8	Q8SS86		NP_597627.1	SPL2	Encephalitozoon cuniculi (strain GB-M1) (Microsporidian parasite)	535	Evidence at transcript level
S8	Q9UTS0	S08.032;	NP_594848.1	psp3	Schizosaccharomyces pombe (strain 972 / ATCC 24843) (Fission yeast)	451	Evidence at transcript level
S8	C5FPS1	S08.062;	XP_002846758.1	SUB1	Arthroderma otae (strain ATCC MYA-4605 / CBS 113480) (Microsporum canis)	485	Inferred from homology
S8	C5FQI3		XP_002847218.1	SUB6	Arthroderma otae (strain ATCC MYA-4605 / CBS 113480) (Microsporum canis)	406	Inferred from homology
S8	C5G1D1		XP_002842613.1	SUB5	Arthroderma otae (strain ATCC MYA-4605 / CBS 113480) (Microsporum canis)	395	Inferred from homology
S8	D4ALV9		XP_003017013.1	SUB6	Arthroderma benhamiae (strain ATCC MYA-4681 / CBS 112371) (Trichophyton mentagrophytes)	412	Evidence at transcript level
S8	D4ANG0		XP_003016366.1	SED2	Arthroderma benhamiae (strain ATCC MYA-4681 / CBS 112371) (Trichophyton mentagrophytes)	596	Evidence at protein level
S8	D4D1U5		XP_003024765.1	SUB12	Trichophyton verrucosum (strain HKI 0517)	397	Inferred from homology
S8	D4D6Q4		XP_003023091.1	SUB4	Trichophyton verrucosum (strain HKI 0517)	399	Inferred from homology
S8	D4DKQ4		XP_003018203.1	SUB8	Trichophyton verrucosum (strain HKI 0517)	490	Inferred from homology
S8	D4DLA2		XP_003018013.1	SUB3	Trichophyton verrucosum (strain HKI 0517)	397	Inferred from homology
S8	E4UPZ4	S08.062;	XP_003174611.1	SUB1	Arthroderma gypseum (strain ATCC MYA-4604 / CBS 118893) (Microsporum gypseum)	481	Inferred from homology
S8	E4V5C5		XP_003170034.1	SUB11	Arthroderma gypseum (strain ATCC MYA-4604 / CBS 118893) (Microsporum gypseum)	400	Inferred from homology
S8	L8G6I7			SP1	Pseudogymnoascus destructans (strain ATCC MYA-4855 / 20631-21) (Bat white-nose syndrome fungus) (Geomyces destructans)	400	Evidence at protein level
S8	P58371	S08.052;	XP_003716216.1	SPM1	Pyricularia oryzae (strain 70-15 / ATCC MYA-4617 / FGSC 8958) (Rice blast fungus) (Magnaporthe oryzae)	536	Inferred from homology
S8	Q9UT05	S08.A56;		tpp2	Schizosaccharomyces pombe (strain 972 / ATCC 24843) (Fission yeast)	1218	Evidence at protein level
S8	C5FBW2		XP_002850080.1	SED2	Arthroderma otae (strain ATCC MYA-4605 / CBS 113480) (Microsporum canis)	596	Inferred from homology
S8	C5FH27	S08.115;	XP_002848542.1	SUB9	Arthroderma otae (strain ATCC MYA-4605 / CBS 113480) (Microsporum canis)	395	Inferred from homology
S8	C5FHK0		XP_002848625.1	SED1	Arthroderma otae (strain ATCC MYA-4605 / CBS 113480) (Microsporum canis)	670	Inferred from homology
S8	C5FJA5		XP_002849411.1	SUB7	Arthroderma otae (strain ATCC MYA-4605 / CBS 113480) (Microsporum canis)	400	Inferred from homology
S8	C5FXZ6	S08.115;	XP_002843430.1	SUB4	Arthroderma otae (strain ATCC MYA-4605 / CBS 113480) (Microsporum canis)	399	Inferred from homology
S8	D4APA9		XP_003015765.1	SUB7	Arthroderma benhamiae (strain ATCC MYA-4681 / CBS 112371) (Trichophyton mentagrophytes)	420	Evidence at protein level
S8	D4AQA9		XP_003015293.1	SUB12	Arthroderma benhamiae (strain ATCC MYA-4681 / CBS 112371) (Trichophyton mentagrophytes)	416	Inferred from homology
S8	D4AWY5		XP_003013156.1	SUB3	Arthroderma benhamiae (strain ATCC MYA-4681 / CBS 112371) (Trichophyton mentagrophytes)	397	Evidence at protein level
S8	D4AX50		XP_003012895.1	SUB8	Arthroderma benhamiae (strain ATCC MYA-4681 / CBS 112371) (Trichophyton mentagrophytes)	490	Inferred from homology
S8	D4AXW3		XP_003012781.1	SUB4	Arthroderma benhamiae (strain ATCC MYA-4681 / CBS 112371) (Trichophyton mentagrophytes)	399	Evidence at protein level
S8	D4AZ75		XP_003012235.1	SUB2	Arthroderma benhamiae (strain ATCC MYA-4681 / CBS 112371) (Trichophyton mentagrophytes)	421	Evidence at transcript level
S8	D4D5H3		XP_003023596.1	SUB6	Trichophyton verrucosum (strain HKI 0517)	412	Inferred from homology
S8	D4D7N6		XP_003022738.1	SED3	Trichophyton verrucosum (strain HKI 0517)	593	Inferred from homology
S8	D4DIS6		XP_003018895.1	SUB10	Trichophyton verrucosum (strain HKI 0517)	522	Inferred from homology
S8	E4UN97		XP_003175041.1	SUB3	Arthroderma gypseum (strain ATCC MYA-4604 / CBS 118893) (Microsporum gypseum)	397	Inferred from homology
S8	E4UZP9		XP_003172033.1	SUB2	Arthroderma gypseum (strain ATCC MYA-4604 / CBS 118893) (Microsporum gypseum)	422	Inferred from homology
S8	E4V2L6		XP_003171289.1	SUB5	Arthroderma gypseum (strain ATCC MYA-4604 / CBS 118893) (Microsporum gypseum)	396	Inferred from homology
S8	E4V2V9		XP_003170096.1	SUB7	Arthroderma gypseum (strain ATCC MYA-4604 / CBS 118893) (Microsporum gypseum)	400	Inferred from homology
S8	A0A669KA35		NP_001358972.1	PCSK5	Homo sapiens (Human)	1887	Evidence at protein level
S8	Q5VZU9		NP_001317517.1	TPP2	Homo sapiens (Human)	1262	Evidence at protein level
S8	A0A7P0T8U2			FURIN	Homo sapiens (Human)	792	Evidence at protein level
S8	A0A0B4KI15	S08.048;	NP_001262953.1	Fur1	Drosophila melanogaster (Fruit fly)	864	Inferred from homology
S8	B0JYR0	S08.071;	XP_024837364.1	FURIN	Bos taurus (Bovine)	797	Evidence at transcript level
S8	Q1LWH3	S08.063;	NP_954683.2	mbtps1	Danio rerio (Zebrafish) (Brachydanio rerio)	1074	Evidence at protein level
S8	A0A0B4KHV0		NP_001262954.1	Fur1	Drosophila melanogaster (Fruit fly)	1478	Inferred from homology
S8	A0A8I6A642			Furin	Rattus norvegicus (Rat)	857	Evidence at protein level
S8	Q1KHF9	S08.152;S08.161;	NP_001038571.1	furina	Danio rerio (Zebrafish) (Brachydanio rerio)	806	Evidence at transcript level
S8	A0A8I6A6N7			Furin	Rattus norvegicus (Rat)	848	Evidence at protein level
S8	A0A8M2B594		XP_005158865.2	tpp1	Danio rerio (Zebrafish) (Brachydanio rerio)	570	Evidence at protein level
S8	Q08E55	S08.063;	NP_001020501.2	MBTPS1	Bos taurus (Bovine)	1052	Evidence at transcript level
S8	A0A3Q1MCD7		XP_024851950.1	PCSK5	Bos taurus (Bovine)	1884	Inferred from homology
S8	A0A3Q1N178			TPP1	Bos taurus (Bovine)	572	Predicted
S8	E1JJL4	S08.049;	NP_001162774.1	Fur2	Drosophila melanogaster (Fruit fly)	1655	Inferred from homology
S8	E7F2J6	S08.039;	XP_003200725.1	pcsk9	Danio rerio (Zebrafish) (Brachydanio rerio)	667	Inferred from homology
S8	F6XJP7	S08.075;	NP_035178.1	Pcsk6	Mus musculus (Mouse)	959	Evidence at protein level
S8	G3V7I9	S08.071;	NP_001427015.1	Furin	Rattus norvegicus (Rat)	793	Inferred from homology
S8	A0A0D9RWU9			FURIN	Chlorocebus sabaeus (Green monkey) (Simia sabaea)	794	Inferred from homology
S8	A0A1S3EVW3		XP_012867567.1	Furin	Dipodomys ordii (Ord's kangaroo rat)	790	Inferred from homology
S8	A0A1U7SSC3		XP_008048435.1	FURIN	Carlito syrichta (Philippine tarsier) (Tarsius syrichta)	794	Inferred from homology
S8	A0A2K5DC66			FURIN	Aotus nancymaae (Ma's night monkey)	861	Inferred from homology
S8	A0A2K6AKU9		XP_011833761.1	FURIN	Mandrillus leucophaeus (Drill) (Papio leucophaeus)	794	Inferred from homology
S8	A0A2K6KPU8			PCSK9	Rhinopithecus bieti (Black snub-nosed monkey) (Pygathrix bieti)	692	Inferred from homology
S8	A0A2K6TF63			FURIN	Saimiri boliviensis boliviensis (Bolivian squirrel monkey)	794	Inferred from homology
S8	A0A452FNT1		XP_017921805.1	FURIN	Capra hircus (Goat)	794	Inferred from homology
S8	A0A4X2KCD7		XP_027708601.1	PCSK9	Vombatus ursinus (Common wombat)	687	Inferred from homology
S8	A0A670Y0L9		XP_026562941.1	PCSK9	Pseudonaja textilis (Eastern brown snake)	689	Inferred from homology
S8	A0A674HZ40		XP_024056490.1	FURIN	Terrapene triunguis (Three-toed box turtle)	787	Inferred from homology
S8	A0A6I8P5R3			FURIN	Ornithorhynchus anatinus (Duckbill platypus)	812	Inferred from homology
S8	A0A7M4FU97			PCSK9	Crocodylus porosus (Saltwater crocodile) (Estuarine crocodile)	643	Inferred from homology
S8	A0A803W8C0			FURIN	Ficedula albicollis (Collared flycatcher) (Muscicapa albicollis)	981	Inferred from homology
S8	A0A8B7G9N9		XP_012618738.1	FURIN	Microcebus murinus (Gray mouse lemur) (Lemur murinus)	795	Inferred from homology
S8	A0A8B8YFM1		XP_036718275.1	PCSK9	Balaenoptera musculus (Blue whale)	693	Inferred from homology
S8	A0A8B9D127			PCSK9	Anser brachyrhynchus (Pink-footed goose)	673	Inferred from homology
S8	A0A8C2VIX5		XP_005381565.1	FURIN	Chinchilla lanigera (Long-tailed chinchilla) (Chinchilla villidera)	796	Inferred from homology
S8	A0A8C3WY28			PCSK9	Catagonus wagneri (Chacoan peccary)	690	Inferred from homology
S8	A0A8C4M5Y8			PCSK9	Equus asinus (Donkey) (Equus africanus asinus)	666	Inferred from homology
S8	A0A8C4YTK0			PCSK9	Gopherus evgoodei (Goodes thornscrub tortoise)	664	Inferred from homology
S8	A0A8C6A0V5		XP_015348526.1	FURIN	Marmota marmota marmota (Alpine marmot)	794	Inferred from homology
S8	A0A8C6CEA3		XP_029084855.1	PCSK9	Monodon monoceros (Narwhal) (Ceratodon monodon)	692	Inferred from homology
S8	A0A8C6EUL2			PCSK9	Marmota marmota marmota (Alpine marmot)	690	Inferred from homology
S8	A0A8C6HC97				Mus spicilegus (Mound-building mouse)	793	Inferred from homology
S8	A0A8C6R269		XP_008850996.1	Furin	Nannospalax galili (Northern Israeli blind subterranean mole rat) (Spalax galili)	794	Inferred from homology
S8	A0A8C9AXE7		XP_032466157.1	PCSK9	Phocoena sinus (Vaquita)	692	Inferred from homology
S8	A0A8C9NJS6			FURIN	Serinus canaria (Island canary) (Fringilla canaria)	783	Inferred from homology
S8	A0A8D0HH18			PCSK9	Sphenodon punctatus (Tuatara) (Hatteria punctata)	676	Inferred from homology
S8	A0A8D2HTC2		XP_026243886.1	FURIN	Urocitellus parryii (Arctic ground squirrel) (Spermophilus parryii)	794	Inferred from homology
S8	G7P9G7	S08.071;		FURIN	Macaca fascicularis (Crab-eating macaque) (Cynomolgus monkey)	795	Inferred from homology
S8	I3LGB2			PCSK9	Sus scrofa (Pig)	689	Evidence at protein level
S8	I3MNM3	S08.071;	XP_005320221.1	FURIN	Ictidomys tridecemlineatus (Thirteen-lined ground squirrel) (Spermophilus tridecemlineatus)	794	Inferred from homology
S8	M3YW41	S08.071;	XP_004763757.1	FURIN	Mustela putorius furo (European domestic ferret) (Mustela furo)	796	Inferred from homology
S8	U3FS81	S08.071;	XP_002749165.1	FURIN	Callithrix jacchus (White-tufted-ear marmoset) (Simia Jacchus)	795	Evidence at transcript level
S8	A0A096NK79	S08.071;	XP_009198206.3	FURIN	Papio anubis (Olive baboon)	794	Inferred from homology
S8	A0A0D9S762		XP_007976798.2	PCSK9	Chlorocebus sabaeus (Green monkey) (Simia sabaea)	692	Inferred from homology
S8	A0A2K5P1F0		XP_011948573.1	FURIN	Cercocebus atys (Sooty mangabey) (Cercocebus torquatus atys)	794	Inferred from homology
S8	A0A2K6Q7S5			FURIN	Rhinopithecus roxellana (Golden snub-nosed monkey) (Pygathrix roxellana)	830	Inferred from homology
S8	A0A2R9B4W5		XP_034795321.1	FURIN	Pan paniscus (Pygmy chimpanzee) (Bonobo)	794	Inferred from homology
S8	A0A2Y9S348		XP_023973011.1	FURIN	Physeter macrocephalus (Sperm whale) (Physeter catodon)	798	Inferred from homology
S8	A0A4W2G958		XP_027377937.1	FURIN	Bos indicus x Bos taurus (Hybrid cattle)	797	Inferred from homology
S8	A0A6I8N7P4			PCSK9	Ornithorhynchus anatinus (Duckbill platypus)	677	Inferred from homology
S8	A0A6J1VCD4		XP_026540427.1	FURIN	Notechis scutatus (mainland tiger snake)	788	Inferred from homology
S8	A0A6P6E2C2		XP_004623373.1	Furin	Octodon degus (Degu) (Sciurus degus)	794	Inferred from homology
S8	A0A8C0HDG5			PCSK9	Chelonoidis abingdonii (Abingdon island giant tortoise) (Testudo abingdonii)	690	Inferred from homology
S8	A0A8C2LE88		XP_027258144.1	Pcsk9	Cricetulus griseus (Chinese hamster) (Cricetulus barabensis griseus)	687	Inferred from homology
S8	A0A8C2TK00			PCSK9	Coturnix japonica (Japanese quail) (Coturnix coturnix japonica)	702	Inferred from homology
S8	A0A8C5RNT8			PCSK9	Laticauda laticaudata (Blue-ringed sea krait) (Blue-lipped sea krait)	689	Inferred from homology
S8	A0A8C8ZLT6			FURIN	Prolemur simus (Greater bamboo lemur) (Hapalemur simus)	794	Inferred from homology
S8	A0A8D2B0D0			FURIN	Sciurus vulgaris (Eurasian red squirrel)	794	Inferred from homology
S8	A0A8I3N1T9		XP_022272656.2	FURIN	Canis lupus familiaris (Dog) (Canis familiaris)	793	Inferred from homology
S8	A0A8N5EWK6		XP_030915570.1	FURIN	Geospiza fortis (Medium ground-finch)	789	Inferred from homology
S8	A0A8V0ZRU9			PCSK9	Gallus gallus (Chicken)	546	Inferred from homology
S8	A0AA41MXQ7				Sciurus carolinensis (Eastern gray squirrel)	2173	Inferred from homology
S8	A8X8V5			egl-3	Caenorhabditis briggsae	662	Inferred from homology
S8	F7DHR9	S08.071;	XP_005602832.1	FURIN	Equus caballus (Horse)	793	Inferred from homology
S8	G1K8C8			PCSK9	Anolis carolinensis (Green anole) (American chameleon)	673	Inferred from homology
S8	G7MVY8	S08.071;	NP_001244671.1	FURIN	Macaca mulatta (Rhesus macaque)	794	Evidence at transcript level
S8	H0WSP2				Otolemur garnettii (Small-eared galago) (Garnett's greater bushbaby)	793	Inferred from homology
S8	Q60426	S08.071;	NP_001230915.1	fur	Cricetulus griseus (Chinese hamster) (Cricetulus barabensis griseus)	794	Evidence at transcript level
S8	U3IE95			FURIN	Anas platyrhynchos platyrhynchos (Northern mallard)	789	Inferred from homology
S8	A0A2A6CRK7			WBGene00103503	Pristionchus pacificus (Parasitic nematode worm)	715	Inferred from homology
S8	A0A2K5CV04			PCSK9	Aotus nancymaae (Ma's night monkey)	690	Inferred from homology
S8	A0A2K5QEX1		XP_017361590.1		Cebus imitator (Panamanian white-faced capuchin) (Cebus capucinus imitator)	794	Inferred from homology
S8	A0A2K6FCM0		XP_012499190.1	FURIN	Propithecus coquereli (Coquerel's sifaka) (Propithecus verreauxi coquereli)	798	Inferred from homology
S8	A0A2K6H237			PCSK9	Pan troglodytes (Chimpanzee)	813	Inferred from homology
S8	A0A5F9C7N2			FURIN	Oryctolagus cuniculus (Rabbit)	666	Inferred from homology
S8	A0A5F9DJY7			PCSK9	Oryctolagus cuniculus (Rabbit)	686	Inferred from homology
S8	A0A670YT53		XP_026565234.1	FURIN	Pseudonaja textilis (Eastern brown snake)	789	Inferred from homology
S8	A0A672TVU2		XP_030349908.1	PCSK9	Strigops habroptila (Kakapo)	655	Inferred from homology
S8	A0A672U2Y4			FURIN	Strigops habroptila (Kakapo)	791	Inferred from homology
S8	A0A6I9LZU0		XP_006987259.1	Pcsk9	Peromyscus maniculatus bairdii (Prairie deer mouse)	691	Inferred from homology
S8	A0A6J3S536		XP_033722010.1	PCSK9	Tursiops truncatus (Atlantic bottle-nosed dolphin) (Delphinus truncatus)	692	Inferred from homology
S8	A0A6P5IQJ7		XP_020821216.1	FURIN	Phascolarctos cinereus (Koala)	780	Inferred from homology
S8	A0A6P5PXV4		XP_021021907.1	Furin	Mus caroli (Ryukyu mouse) (Ricefield mouse)	793	Inferred from homology
S8	A0A8C0KSG7		XP_025293254.1	FURIN	Canis lupus dingo (dingo)	793	Inferred from homology
S8	A0A8C2SMY3		XP_015728926.1	FURIN	Coturnix japonica (Japanese quail) (Coturnix coturnix japonica)	789	Inferred from homology
S8	A0A8C4LHJ7		XP_014698086.1	FURIN	Equus asinus (Donkey) (Equus africanus asinus)	793	Inferred from homology
S8	A0A8C6B5S0		XP_029093644.1	FURIN	Monodon monoceros (Narwhal) (Ceratodon monodon)	792	Inferred from homology
S8	A0A8C6IE52				Mus spicilegus (Mound-building mouse)	694	Inferred from homology
S8	A0A8C6XEZ7			PCSK9	Naja naja (Indian cobra)	682	Inferred from homology
S8	A0A8C9AF44			PCSK9	Prolemur simus (Greater bamboo lemur) (Hapalemur simus)	694	Inferred from homology
S8	A0A8C9MU56			PCSK9	Serinus canaria (Island canary) (Fringilla canaria)	586	Inferred from homology
S8	A0A8D0E246				Salvator merianae (Argentine black and white tegu) (Tupinambis merianae)	779	Inferred from homology
S8	A0A8D2IE63		XP_026238164.1	PCSK9	Urocitellus parryii (Arctic ground squirrel) (Spermophilus parryii)	707	Inferred from homology
S8	D2HCZ3	S08.071;	XP_002919836.1	FURIN	Ailuropoda melanoleuca (Giant panda)	793	Inferred from homology
S8	F7GJD7			PCSK9	Monodelphis domestica (Gray short-tailed opossum)	618	Inferred from homology
S8	G3SSB4	S08.071;		FURIN	Loxodonta africana (African elephant)	792	Inferred from homology
S8	H0VCV1	S08.071;	XP_013014060.1	FURIN	Cavia porcellus (Guinea pig)	796	Inferred from homology
S8	H0VTV9			PCSK9	Cavia porcellus (Guinea pig)	686	Inferred from homology
S8	H0XRW5				Otolemur garnettii (Small-eared galago) (Garnett's greater bushbaby)	707	Inferred from homology
S8	H2QA34	S08.071;	XP_009428116.1	FURIN	Pan troglodytes (Chimpanzee)	794	Evidence at transcript level
S8	A0A096N8S1		XP_003891996.2	PCSK9	Papio anubis (Olive baboon)	811	Inferred from homology
S8	A0A1S0QIA8			bma-egl-3	Brugia malayi (Filarial nematode worm)	661	Evidence at transcript level
S8	A0A260ZCG7				Caenorhabditis remanei (Caenorhabditis vulgaris)	652	Inferred from homology
S8	A0A2K5N695		XP_011937909.1	PCSK9	Cercocebus atys (Sooty mangabey) (Cercocebus torquatus atys)	692	Inferred from homology
S8	A0A2K5TZC4			PCSK9	Macaca fascicularis (Crab-eating macaque) (Cynomolgus monkey)	811	Inferred from homology
S8	A0A2K6AGY8			PCSK9	Mandrillus leucophaeus (Drill) (Papio leucophaeus)	692	Inferred from homology
S8	A0A2K6FPU9		XP_012494949.1	PCSK9	Propithecus coquereli (Coquerel's sifaka) (Propithecus verreauxi coquereli)	693	Inferred from homology
S8	A0A2K6LHC7			FURIN	Rhinopithecus bieti (Black snub-nosed monkey) (Pygathrix bieti)	787	Inferred from homology
S8	A0A2K6WB73				Onchocerca volvulus	663	Inferred from homology
S8	A0A4X2K8Z8		XP_027707320.1	FURIN	Vombatus ursinus (Common wombat)	780	Inferred from homology
S8	A0A663DX13		XP_029871021.1	FURIN	Aquila chrysaetos chrysaetos	789	Inferred from homology
S8	A0A6D2XW14		XP_009248430.1	FURIN	Pongo abelii (Sumatran orangutan) (Pongo pygmaeus abelii)	794	Inferred from homology
S8	A0A6J1TZ55		XP_026521718.1	PCSK9	Notechis scutatus (mainland tiger snake)	687	Inferred from homology
S8	A0A6P3FM46		XP_004642652.1	Pcsk9	Octodon degus (Degu) (Sciurus degus)	686	Inferred from homology
S8	A0A8B7FAG2		XP_012605095.1	PCSK9	Microcebus murinus (Gray mouse lemur) (Lemur murinus)	692	Inferred from homology
S8	A0A8B9BJ25			FURIN	Anser brachyrhynchus (Pink-footed goose)	789	Inferred from homology
S8	A0A8C2YU50		XP_005398562.1	PCSK9	Chinchilla lanigera (Long-tailed chinchilla) (Chinchilla villidera)	690	Inferred from homology
S8	A0A8C3YIY3			FURIN	Catagonus wagneri (Chacoan peccary)	799	Inferred from homology
S8	A0A8C4W815		XP_030433269.1	FURIN	Gopherus evgoodei (Goodes thornscrub tortoise)	785	Inferred from homology
S8	A0A8C6WCB3		XP_008831203.1	Pcsk9	Nannospalax galili (Northern Israeli blind subterranean mole rat) (Spalax galili)	693	Inferred from homology
S8	A0A8C7BDN8		XP_044085563.1	FURIN	Neovison vison (American mink) (Mustela vison)	796	Inferred from homology
S8	A0A8C8Y384			FURIN	Panthera leo (Lion)	793	Inferred from homology
S8	A0A8C9B4Q0		XP_032475755.1	FURIN	Phocoena sinus (Vaquita)	792	Inferred from homology
S8	A0A8D0GT42			FURIN	Sphenodon punctatus (Tuatara) (Hatteria punctata)	711	Inferred from homology
S8	A0A8D2ASN6			PCSK9	Sciurus vulgaris (Eurasian red squirrel)	692	Inferred from homology
S8	A0A9W2UE19		XP_019315869.1	FURIN	Panthera pardus (Leopard) (Felis pardus)	793	Inferred from homology
S8	F6RXE5	S08.071;		FURIN	Monodelphis domestica (Gray short-tailed opossum)	779	Inferred from homology
S8	G3SMU1			PCSK9	Loxodonta africana (African elephant)	660	Inferred from homology
S8	H0ZGV1			PCSK9	Taeniopygia guttata (Zebra finch) (Poephila guttata)	663	Inferred from homology
S8	H0ZIR1		XP_030137004.1	FURIN	Taeniopygia guttata (Zebra finch) (Poephila guttata)	789	Inferred from homology
S8	H2N797			PCSK9	Pongo abelii (Sumatran orangutan) (Pongo pygmaeus abelii)	690	Inferred from homology
S8	H9G9G0	S08.071;		FURIN	Anolis carolinensis (Green anole) (American chameleon)	885	Inferred from homology
S8	A0A2K5S7Q0		XP_017399475.1	PCSK9	Cebus imitator (Panamanian white-faced capuchin) (Cebus capucinus imitator)	690	Inferred from homology
S8	A0A2K6CBX3			FURIN	Macaca nemestrina (Pig-tailed macaque)	794	Inferred from homology
S8	A0A2K6CND1			PCSK9	Macaca nemestrina (Pig-tailed macaque)	811	Inferred from homology
S8	A0A2K6QYP8			PCSK9	Rhinopithecus roxellana (Golden snub-nosed monkey) (Pygathrix roxellana)	692	Inferred from homology
S8	A0A2R9ALZ2			PCSK9	Pan paniscus (Pygmy chimpanzee) (Bonobo)	692	Inferred from homology
S8	A0A2U4C7Q8		XP_019801392.1	FURIN	Tursiops truncatus (Atlantic bottle-nosed dolphin) (Delphinus truncatus)	792	Inferred from homology
S8	A0A2Y9MD65		XP_022419714.1	FURIN	Delphinapterus leucas (Beluga whale)	792	Inferred from homology
S8	A0A452S333		XP_045669029.1	FURIN	Ursus americanus (American black bear) (Euarctos americanus)	793	Inferred from homology
S8	A0A5S7WS22			PCSK9	Macaca mulatta (Rhesus macaque)	747	Inferred from homology
S8	A0A663FJJ9			PCSK9	Aquila chrysaetos chrysaetos	722	Inferred from homology
S8	A0A670I3A4		XP_028589188.1	PCSK9	Podarcis muralis (Wall lizard) (Lacerta muralis)	677	Inferred from homology
S8	A0A670KD85		XP_028561994.1	FURIN	Podarcis muralis (Wall lizard) (Lacerta muralis)	781	Inferred from homology
S8	A0A671G0G0		XP_032955811.1	FURIN	Rhinolophus ferrumequinum (Greater horseshoe bat)	824	Inferred from homology
S8	A0A6I9KRV3		XP_006970056.1	Furin	Peromyscus maniculatus bairdii (Prairie deer mouse)	796	Inferred from homology
S8	A0A8B8WK97		XP_036697642.1	FURIN	Balaenoptera musculus (Blue whale)	795	Inferred from homology
S8	A0A8C0A882			FURIN	Bos mutus grunniens (Wild yak) (Bos grunniens)	797	Inferred from homology
S8	A0A8C0GNS9			FURIN	Chelonoidis abingdonii (Abingdon island giant tortoise) (Testudo abingdonii)	785	Inferred from homology
S8	A0A8C3FMD0			PCSK9	Chrysemys picta bellii (Western painted turtle) (Emys bellii)	688	Inferred from homology
S8	A0A8C3PDM6			FURIN	Chrysemys picta bellii (Western painted turtle) (Emys bellii)	787	Inferred from homology
S8	A0A8C5JYH3		XP_045001193.1	Furin	Jaculus jaculus (Lesser Egyptian jerboa)	794	Inferred from homology
S8	A0A8C6G047			FURIN	Moschus moschiferus (Siberian musk deer) (Moschus sibiricus)	798	Inferred from homology
S8	A0A8C9KII9			FURIN	Panthera tigris altaica (Siberian tiger)	769	Inferred from homology
S8	A0A8D0KHC5				Salvator merianae (Argentine black and white tegu) (Tupinambis merianae)	687	Inferred from homology
S8	A0A8V0X4D8			FURIN	Gallus gallus (Chicken)	794	Inferred from homology
S8	F1RMJ1	S08.071;	XP_001929382.1	FURIN	Sus scrofa (Pig)	797	Inferred from homology
S8	F7B3I1			PCSK9	Callithrix jacchus (White-tufted-ear marmoset) (Simia Jacchus)	690	Inferred from homology
S8	G0N929	S08.109;		Cbn-egl-3	Caenorhabditis brenneri (Nematode worm)	652	Inferred from homology
S8	G1RND5			FURIN	Nomascus leucogenys (Northern white-cheeked gibbon) (Hylobates leucogenys)	785	Inferred from homology
S8	G1RWX5	S08.039;		PCSK9	Nomascus leucogenys (Northern white-cheeked gibbon) (Hylobates leucogenys)	693	Inferred from homology
S8	G3QYP4	S08.071;	XP_004056820.1	FURIN	Gorilla gorilla gorilla (Western lowland gorilla)	794	Inferred from homology
S8	G3S2C5			PCSK9	Gorilla gorilla gorilla (Western lowland gorilla)	690	Inferred from homology
S8	G3VUC2		XP_031824908.1	PCSK9	Sarcophilus harrisii (Tasmanian devil) (Sarcophilus laniarius)	685	Inferred from homology
S8	I3M601			PCSK9	Ictidomys tridecemlineatus (Thirteen-lined ground squirrel) (Spermophilus tridecemlineatus)	682	Inferred from homology
S8	K7F6K7			PCSK9	Pelodiscus sinensis (Chinese softshell turtle) (Trionyx sinensis)	690	Inferred from homology
S8	U3IAI8			PCSK9	Anas platyrhynchos platyrhynchos (Northern mallard)	656	Inferred from homology
S8	A0A2R8Y7U1			TPP1	Homo sapiens (Human)	400	Evidence at protein level
S8	A0A494C0U1			TPP2	Homo sapiens (Human)	1179	Evidence at protein level
S8	A0AAQ5BGX4		NP_001394169.1	PCSK9	Homo sapiens (Human)	733	Evidence at protein level
S8	A0A2R8YGD1			TPP1	Homo sapiens (Human)	470	Evidence at protein level
S8	A0A494C1B8			TPP2	Homo sapiens (Human)	1173	Evidence at protein level
S8	A0A804HJ17			TPP1	Homo sapiens (Human)	525	Evidence at protein level
S8	A0AA34QVH0			PCSK9	Homo sapiens (Human)	811	Evidence at protein level
S8	Q5JSG7			PCSK5	Homo sapiens (Human)	1560	Evidence at protein level
S8	A0A0P6JL18		XP_004842832.1	MBTPS1	Heterocephalus glaber (Naked mole rat)	1054	Inferred from homology
S8	A0A1A6G4K7				Neotoma lepida (Desert woodrat)	794	Inferred from homology
S8	A0A1U8BY95		XP_012971100.1	Mbtps1	Mesocricetus auratus (Golden hamster)	1052	Inferred from homology
S8	A0A2K5QN14		XP_017399086.1	MBTPS1	Cebus imitator (Panamanian white-faced capuchin) (Cebus capucinus imitator)	1052	Inferred from homology
S8	A0A2K5R7F2		XP_017374384.1	PCSK6	Cebus imitator (Panamanian white-faced capuchin) (Cebus capucinus imitator)	956	Inferred from homology
S8	A0A2K5X4Q2			PCSK5	Macaca fascicularis (Crab-eating macaque) (Cynomolgus monkey)	1885	Inferred from homology
S8	A0A2K6CMT2			MBTPS1	Macaca nemestrina (Pig-tailed macaque)	1052	Inferred from homology
S8	A0A2K6CRX6			TPP1	Macaca nemestrina (Pig-tailed macaque)	563	Predicted
S8	A0A2K6R0K5			TPP1	Rhinopithecus roxellana (Golden snub-nosed monkey) (Pygathrix roxellana)	563	Predicted
S8	A0A2K6S3X6			PCSK5	Saimiri boliviensis boliviensis (Bolivian squirrel monkey)	1819	Inferred from homology
S8	A0A2P6VQ36			g920	Micractinium conductrix	1573	Inferred from homology
S8	A0A2Y9EHQ1		XP_007103032.1	TPP1	Physeter macrocephalus (Sperm whale) (Physeter catodon)	563	Predicted
S8	A0A3Q7R2L7		XP_025748746.1	FURIN	Callorhinus ursinus (Northern fur seal)	792	Inferred from homology
S8	A0A452DNL7		XP_017917267.1	MBTPS1	Capra hircus (Goat)	1059	Inferred from homology
S8	A0A4W2EKG7		XP_027418950.1	TPP1	Bos indicus x Bos taurus (Hybrid cattle)	572	Predicted
S8	A0A5N4CDV9		XP_031296454.1	Furin	Camelus dromedarius (Dromedary) (Arabian camel)	793	Inferred from homology
S8	A0A667FTR1			FURIN	Lynx canadensis (Canada lynx) (Felis canadensis)	750	Inferred from homology
S8	A0A674JYF0			TPP1	Terrapene triunguis (Three-toed box turtle)	566	Predicted
S8	A0A6J2B2A3		XP_027425972.1	FURIN	Zalophus californianus (California sealion)	792	Inferred from homology
S8	A0A6J3GLM9		XP_032118317.1	FURIN	Sapajus apella (Brown-capped capuchin) (Cebus apella)	794	Inferred from homology
S8	A0A6P5PYS0		XP_021021900.1	Furin	Mus caroli (Ryukyu mouse) (Ricefield mouse)	803	Inferred from homology
S8	A0A6P5R271		XP_021035982.1	Pcsk1	Mus caroli (Ryukyu mouse) (Ricefield mouse)	753	Inferred from homology
S8	A0A7L0EQ48			Furin	Trogon melanurus (Black-tailed trogon)	791	Inferred from homology
S8	A0A7M4E309			MBTPS1	Crocodylus porosus (Saltwater crocodile) (Estuarine crocodile)	1073	Inferred from homology
S8	A0A8B9WNA8			TPP1	Bos mutus grunniens (Wild yak) (Bos grunniens)	572	Predicted
S8	A0A8C2ULT4			MBTPS1	Chinchilla lanigera (Long-tailed chinchilla) (Chinchilla villidera)	1052	Inferred from homology
S8	A0A8C5WPA4			MBTPS1	Laticauda laticaudata (Blue-ringed sea krait) (Blue-lipped sea krait)	1059	Inferred from homology
S8	A0A8C6ANE2		XP_029100006.1	MBTPS1	Monodon monoceros (Narwhal) (Ceratodon monodon)	1054	Inferred from homology
S8	A0A8C6BQP6		XP_029058532.1	PCSK5	Monodon monoceros (Narwhal) (Ceratodon monodon)	1877	Inferred from homology
S8	A0A8C6CAR2		XP_029064821.1	TPP1	Monodon monoceros (Narwhal) (Ceratodon monodon)	572	Predicted
S8	A0A8C6I1N7				Mus spicilegus (Mound-building mouse)	753	Inferred from homology
S8	A0A8C6MTQ8				Mus spicilegus (Mound-building mouse)	1877	Inferred from homology
S8	A0A8C8TX66				Peromyscus maniculatus bairdii (Prairie deer mouse)	563	Predicted
S8	A0A8C8WSS0			TPP1	Panthera leo (Lion)	563	Predicted
S8	A0A8C9E9S1			PCSK5	Phocoena sinus (Vaquita)	1887	Inferred from homology
S8	A0A8C9IEW2		XP_023051116.1	FURIN	Piliocolobus tephrosceles (Ugandan red Colobus)	793	Inferred from homology
S8	A0A8D2CNG1			TPP1	Sciurus vulgaris (Eurasian red squirrel)	579	Predicted
S8	A0A8H6UMI0				Aspergillus felis	1329	Inferred from homology
S8	A0A8V0XEP8		XP_015136410.2	TPP1	Gallus gallus (Chicken)	575	Evidence at protein level
S8	A0A9L0JAM9		XP_044623520.1	PCSK5	Equus asinus (Donkey) (Equus africanus asinus)	1886	Inferred from homology
S8	A0A9N7U1H9				Pleuronectes platessa (European plaice)	1108	Inferred from homology
S8	A0AAV2A935				Larinioides sclopetarius	1241	Inferred from homology
S8	E3LTU2	S08.109;	XP_003112624.2	Cre-egl-3	Caenorhabditis remanei (Caenorhabditis vulgaris)	652	Inferred from homology
S8	G3QDR6	S53.003;		TPP1	Gorilla gorilla gorilla (Western lowland gorilla)	563	Predicted
S8	H0V6Z3	S08.063;	XP_003462008.1	MBTPS1	Cavia porcellus (Guinea pig)	1052	Inferred from homology
S8	H2LZ89			furina	Oryzias latipes (Japanese rice fish) (Japanese killifish)	814	Inferred from homology
S8	H2PSF2			PCSK5	Pongo abelii (Sumatran orangutan) (Pongo pygmaeus abelii)	1887	Inferred from homology
S8	M3YC21	S08.063;	XP_004753962.1	MBTPS1	Mustela putorius furo (European domestic ferret) (Mustela furo)	1050	Inferred from homology
S8	U3IC63			MBTPS1	Anas platyrhynchos platyrhynchos (Northern mallard)	1060	Inferred from homology
S8	U3JYZ7			MBTPS1	Ficedula albicollis (Collared flycatcher) (Muscicapa albicollis)	1069	Inferred from homology
S8	A0A2K5CC28		XP_012312167.1	TPP1	Aotus nancymaae (Ma's night monkey)	572	Predicted
S8	A0A2K5F5D8		XP_012321563.1	MBTPS1	Aotus nancymaae (Ma's night monkey)	1052	Inferred from homology
S8	A0A2K5HPZ1		XP_011803654.1		Colobus angolensis palliatus (Peters' Angolan colobus)	794	Inferred from homology
S8	A0A2K5KZ34			MBTPS1	Cercocebus atys (Sooty mangabey) (Cercocebus torquatus atys)	1052	Inferred from homology
S8	A0A2K6K2W1			MBTPS1	Rhinopithecus bieti (Black snub-nosed monkey) (Pygathrix bieti)	1052	Inferred from homology
S8	A0A2P6VQ37			g920	Micractinium conductrix	1572	Inferred from homology
S8	A0A2R9B3H1			TPP1	Pan paniscus (Pygmy chimpanzee) (Bonobo)	563	Predicted
S8	A0A2Y9K0W6		XP_022366781.1	LOC111152580	Enhydra lutris kenyoni (northern sea otter)	795	Inferred from homology
S8	A0A452SMB6		XP_045638973.1	TPP1	Ursus americanus (American black bear) (Euarctos americanus)	572	Predicted
S8	A0A4W6CR13		XP_018525741.1	PCSK9	Lates calcarifer (Barramundi) (Holocentrus calcarifer)	664	Inferred from homology
S8	A0A510NWD8				Talaromyces pinophilus (Penicillium pinophilum)	1094	Inferred from homology
S8	A0A6J2A293		XP_026923937.1	FURIN	Acinonyx jubatus (Cheetah)	793	Inferred from homology
S8	A0A6P3HJ45		XP_010839442.1	FURIN	Bison bison bison (North American plains bison)	724	Inferred from homology
S8	A0A6P3R3B3		XP_011374454.1	FURIN	Pteropus vampyrus (Large flying fox)	794	Inferred from homology
S8	A0A6P5PCP3		XP_021015141.1	Pcsk9	Mus caroli (Ryukyu mouse) (Ricefield mouse)	704	Inferred from homology
S8	A0A6P5Q2J7		XP_021023552.1	Tpp1	Mus caroli (Ryukyu mouse) (Ricefield mouse)	562	Predicted
S8	A0A6P6DS92		XP_004646620.1	Mbtps1	Octodon degus (Degu) (Sciurus degus)	1052	Inferred from homology
S8	A0A7L2HHF9			Furin	Sagittarius serpentarius (Secretary bird)	778	Inferred from homology
S8	A0A7N4PHA5		XP_003758493.1	MBTPS1	Sarcophilus harrisii (Tasmanian devil) (Sarcophilus laniarius)	1051	Inferred from homology
S8	A0A811S5L7				Miscanthus lutarioriparius	1871	Inferred from homology
S8	A0A8B7A7D6		XP_007943332.1	FURIN	Orycteropus afer afer	793	Inferred from homology
S8	A0A8B9BAF3			TPP1	Anser brachyrhynchus (Pink-footed goose)	578	Predicted
S8	A0A8B9D2Y1			PCSK9	Anser brachyrhynchus (Pink-footed goose)	656	Inferred from homology
S8	A0A8B9D3I4			MBTPS1	Anser brachyrhynchus (Pink-footed goose)	1060	Inferred from homology
S8	A0A8B9XXJ0			MBTPS1	Bos mutus grunniens (Wild yak) (Bos grunniens)	1052	Inferred from homology
S8	A0A8C0GSQ0			TPP1	Chelonoidis abingdonii (Abingdon island giant tortoise) (Testudo abingdonii)	573	Predicted
S8	A0A8C0K770		XP_025315105.1	TPP1	Canis lupus dingo (dingo)	594	Predicted
S8	A0A8C2MIZ5		XP_027262357.1	LOC100762283	Cricetulus griseus (Chinese hamster) (Cricetulus barabensis griseus)	1878	Inferred from homology
S8	A0A8C4L031		XP_014707590.1	TPP1	Equus asinus (Donkey) (Equus africanus asinus)	584	Predicted
S8	A0A8C4MAU6		XP_014697666.1	MBTPS1	Equus asinus (Donkey) (Equus africanus asinus)	1054	Inferred from homology
S8	A0A8C4YE08		XP_030402699.1	TPP1	Gopherus evgoodei (Goodes thornscrub tortoise)	577	Predicted
S8	A0A8C5S5K9			FURIN	Laticauda laticaudata (Blue-ringed sea krait) (Blue-lipped sea krait)	536	Inferred from homology
S8	A0A8C5UMS3			TPP1	Microcebus murinus (Gray mouse lemur) (Lemur murinus)	563	Predicted
S8	A0A8C6D457			MBTPS1	Moschus moschiferus (Siberian musk deer) (Moschus sibiricus)	1058	Inferred from homology
S8	A0A8C6E5Y9			TPP1	Moschus moschiferus (Siberian musk deer) (Moschus sibiricus)	572	Predicted
S8	A0A8C6ESW4			MBTPS1	Marmota marmota marmota (Alpine marmot)	1052	Inferred from homology
S8	A0A8C6IB66				Mus spicilegus (Mound-building mouse)	571	Predicted
S8	A0A8C6XBY2			TPP1	Naja naja (Indian cobra)	610	Predicted
S8	A0A8C6XCN4			MBTPS1	Naja naja (Indian cobra)	1059	Inferred from homology
S8	A0A8C6YAS6			FURIN	Naja naja (Indian cobra)	1492	Inferred from homology
S8	A0A8C6YDG2			FURIN	Naja naja (Indian cobra)	1357	Inferred from homology
S8	A0A8C7E675			FURIN	Naja naja (Indian cobra)	1415	Inferred from homology
S8	A0A8C8TRN2		XP_042133701.1	Mbtps1	Peromyscus maniculatus bairdii (Prairie deer mouse)	1052	Inferred from homology
S9	P42658	S09.973;	NP_570629.2	DPP6	Homo sapiens (Human)	865	Evidence at protein level
S9	P13798	S09.004;	NP_001631.3	APEH	Homo sapiens (Human)	732	Evidence at protein level
S9	Q86TI2	S09.019;	NP_001371540.1	DPP9	Homo sapiens (Human)	863	Evidence at protein level
S9	Q8N608	S09.974;	NP_001004360.3	DPP10	Homo sapiens (Human)	796	Evidence at protein level
S9	P27487	S09.003;	NP_001926.2	DPP4	Homo sapiens (Human)	766	Evidence at protein level
S9	Q4J6C6	S09.015;	NP_001035844.1	PREPL	Homo sapiens (Human)	727	Evidence at protein level
S9	Q6V1X1	S09.018;	NP_001307804.1	DPP8	Homo sapiens (Human)	898	Evidence at protein level
S9	P48147	S09.001;	NP_002717.3	PREP	Homo sapiens (Human)	710	Evidence at protein level
S9	Q12884	S09.007;	NP_001278736.1	FAP	Homo sapiens (Human)	760	Evidence at protein level
S9	P81425	S09.003;	NP_776464.1	DPP4	Bos taurus (Bovine)	765	Evidence at protein level
S9	Q6NXK7	S09.974;	NP_950186.3	Dpp10	Mus musculus (Mouse)	797	Evidence at protein level
S9	Q9QUR6	S09.001;	NP_035286.1	Prep	Mus musculus (Mouse)	710	Evidence at protein level
S9	O70196	S09.001;	NP_112614.2	Prep	Rattus norvegicus (Rat)	710	Evidence at protein level
S9	P13676		NP_036632.1	Apeh	Rattus norvegicus (Rat)	732	Evidence at protein level
S9	P14740	S09.003;	NP_036921.2	Dpp4	Rattus norvegicus (Rat)	767	Evidence at protein level
S9	P46101	S09.973;	NP_074041.2	Dpp6	Rattus norvegicus (Rat)	859	Evidence at protein level
S9	Q6Q629	S09.974;	NP_001012205.1	Dpp10	Rattus norvegicus (Rat)	796	Evidence at protein level
S9	Q86AS5	S09.B02;	XP_644295.1	prep	Dictyostelium discoideum (Social amoeba)	760	Evidence at protein level
S9	Q8BVG4	S09.019;	NP_766212.2	Dpp9	Mus musculus (Mouse)	862	Evidence at protein level
S9	Q8C167	S09.015;	NP_001157094.1	Prepl	Mus musculus (Mouse)	725	Evidence at protein level
S9	Q8R146	S09.004;	NP_001397427.1	Apeh	Mus musculus (Mouse)	732	Evidence at protein level
S9	Q84LM4			AARE	Arabidopsis thaliana (Mouse-ear cress)	764	Evidence at protein level
S9	A5D7B7	S09.007;	NP_001091470.1	FAP	Bos taurus (Bovine)	760	Evidence at protein level
S9	P28843	S09.003;	NP_001153015.1	Dpp4	Mus musculus (Mouse)	760	Evidence at protein level
S9	P80227	S09.004;	NP_001076900.1	APEH	Bos taurus (Bovine)	730	Evidence at protein level
S9	P97321	S09.007;	NP_032012.1	Fap	Mus musculus (Mouse)	761	Evidence at protein level
S9	Q9Z218	S09.973;	NP_034205.1	Dpp6	Mus musculus (Mouse)	804	Evidence at protein level
S9	P19205	S09.004;	NP_999088.1	APEH	Sus scrofa (Pig)	732	Evidence at protein level
S9	Q9N2I7	S09.003;	NP_001009838.1	DPP4	Felis catus (Cat) (Felis silvestris catus)	765	Evidence at transcript level
S9	H2E7Q8	S09.077;		POPB	Galerina marginata (strain CBS 339.88)	730	Evidence at protein level
S9	Q5AZ32		XP_664052.1	cicF	Emericella nidulans (strain FGSC A4 / ATCC 38163 / CBS 112.46 / NRRL 194 / M139) (Aspergillus nidulans)	2517	Evidence at protein level
S9	P22411	S09.003;	NP_999422.1	DPP4	Sus scrofa (Pig)	766	Evidence at protein level
S9	P25154	S09.004;		APEH	Oryctolagus cuniculus (Rabbit)	737	Evidence at protein level
S9	P33894	S09.005;	NP_014862.3	STE13	Saccharomyces cerevisiae (strain ATCC 204508 / S288c) (Baker's yeast)	931	Evidence at protein level
S9	P42659	S09.973;	NP_776465.1	DPP6	Bos taurus (Bovine)	863	Evidence at protein level
S9	Q5HZA6	S09.015;	NP_001010951.1	Prepl	Rattus norvegicus (Rat)	726	Evidence at protein level
S9	A0A2R8QP51		NP_001070781.2	dpp9	Danio rerio (Zebrafish) (Brachydanio rerio)	885	Inferred from homology
S9	Q8VZF3	S09.021;	NP_850473.1	GEP	Arabidopsis thaliana (Mouse-ear cress)	960	Evidence at transcript level
S9	Q80YA7	S09.018;	NP_001388065.1	Dpp8	Mus musculus (Mouse)	892	Evidence at protein level
S9	Q8RXP6	S09.A24;	NP_568395.1	WAV2	Arabidopsis thaliana (Mouse-ear cress)	308	Evidence at transcript level
S9	Q7JKY3	S09.A76;	NP_506850.1	dpf-1	Caenorhabditis elegans	799	Evidence at protein level
S9	A0A5N6TQS7			aveA	Aspergillus avenaceus	2197	Evidence at protein level
S9	C4JF72		XP_002542778.1	uncA	Uncinocarpus reesii (strain UAMH 1704)	2149	Evidence at protein level
S9	A0A0F7U103			ausA	Penicillium brasilianum	2475	Inferred from homology
S9	B0XRV0	S09.012;			Aspergillus fumigatus (strain CBS 144.89 / FGSC A1163 / CEA10) (Neosartorya fumigata)	721	Evidence at protein level
S9	P23687	S09.001;	NP_001004050.1	PREP	Sus scrofa (Pig)	710	Evidence at protein level
S9	B2D0J4		NP_001119715.2		Apis mellifera (Honeybee)	775	Evidence at protein level
S9	B6HV32			adrD	Penicillium rubens (strain ATCC 28089 / DSM 1075 / NRRL 1951 / Wisconsin 54-1255) (Penicillium chrysogenum)	2496	Evidence at protein level
S9	Q2UH35	S09.008;	XP_001821132.1	dpp4	Aspergillus oryzae (strain ATCC 42149 / RIB 40) (Yellow koji mold)	771	Evidence at protein level
S9	P18962	S09.006;	NP_011893.1	DAP2	Saccharomyces cerevisiae (strain ATCC 204508 / S288c) (Baker's yeast)	818	Evidence at protein level
S9	Q10MJ1	S09.021;		GEP	Oryza sativa subsp. japonica (Rice)	938	Evidence at transcript level
S9	Q9XTA2	S09.001;	NP_777197.1	PREP	Bos taurus (Bovine)	710	Evidence at transcript level
S9	Q18253	S09.A74;	NP_510461.1	dpf-2	Caenorhabditis elegans	829	Evidence at protein level
S9	P34422	S09.A77;	NP_001370390.1	dpf-6	Caenorhabditis elegans	740	Inferred from homology
S9	A0A0E1RWJ5		XP_001243721.2	cocB	Coccidioides immitis (strain RS) (Valley fever fungus)	2211	Evidence at protein level
S9	B6QVW4	S09.006;		dapB	Talaromyces marneffei (strain ATCC 18224 / CBS 334.59 / QM 7333) (Penicillium marneffei)	899	Inferred from homology
S9	C5FH88	S09.012;	XP_002848692.1	DPP5	Arthroderma otae (strain ATCC MYA-4605 / CBS 113480) (Microsporum canis)	726	Inferred from homology
S9	C5JC30	S09.006;	XP_002628849.1	DAPB	Blastomyces gilchristii (strain SLH14081) (Blastomyces dermatitidis)	915	Inferred from homology
S9	C7YYG9		XP_003048718.1	DAPB	Fusarium vanettenii (strain ATCC MYA-4622 / CBS 123669 / FGSC 9596 / NRRL 45880 / 77-13-4) (Fusarium solani subsp. pisi)	912	Inferred from homology
S9	D5GM60	S09.006;	XP_002841412.1	DAPB	Tuber melanosporum (strain Mel28) (Perigord black truffle)	907	Inferred from homology
S9	E3QKD2		XP_008095340.1	DAPB	Colletotrichum graminicola (strain M1.001 / M2 / FGSC 10212) (Maize anthracnose fungus) (Glomerella graminicola)	921	Inferred from homology
S9	E3S9K3			dapB	Pyrenophora teres f. teres (strain 0-1) (Barley net blotch fungus) (Drechslera teres f. teres)	907	Inferred from homology
S9	E4UYL6		XP_003172590.1	DAPB	Arthroderma gypseum (strain ATCC MYA-4604 / CBS 118893) (Microsporum gypseum)	917	Inferred from homology
S9	E9CUF4			DAPB	Coccidioides posadasii (strain RMSCC 757 / Silveira) (Valley fever fungus)	917	Inferred from homology
S9	O14073	S09.006;			Schizosaccharomyces pombe (strain 972 / ATCC 24843) (Fission yeast)	793	Inferred from homology
S9	Q2HF90		XP_001220335.1	DAPB	Chaetomium globosum (strain ATCC 6205 / CBS 148.51 / DSM 1962 / NBRC 6347 / NRRL 1970) (Soil fungus)	925	Inferred from homology
S9	Q2UPW4	S09.006;		dapB	Aspergillus oryzae (strain ATCC 42149 / RIB 40) (Yellow koji mold)	902	Inferred from homology
S9	A0A1Q3EPF5			ledP	Lentinula edodes (Shiitake mushroom) (Lentinus edodes)	744	Evidence at protein level
S9	A1CHP1	S09.008;	XP_001271822.1	dpp4	Aspergillus clavatus (strain ATCC 1007 / CBS 513.65 / DSM 816 / NCTC 3887 / NRRL 1 / QM 1276 / 107)	768	Inferred from homology
S9	A1D7R6	S09.006;	XP_001263657.1	dapB	Neosartorya fischeri (strain ATCC 1020 / DSM 3700 / CBS 544.65 / FGSC A1164 / JCM 1740 / NRRL 181 / WB 181) (Aspergillus fischerianus)	919	Inferred from homology
S9	A2QEK7	S09.006;		dapB	Aspergillus niger (strain ATCC MYA-4892 / CBS 513.88 / FGSC A1513)	901	Inferred from homology
S9	A4QYQ5	S09.006;	XP_003712956.1	DAPB	Pyricularia oryzae (strain 70-15 / ATCC MYA-4617 / FGSC 8958) (Rice blast fungus) (Magnaporthe oryzae)	938	Inferred from homology
S9	A5LFV8	S09.015;		PREPL	Macaca fascicularis (Crab-eating macaque) (Cynomolgus monkey)	727	Evidence at transcript level
S9	A6SL49	S09.006;	XP_001547950.1	dapB	Botryotinia fuckeliana (strain B05.10) (Noble rot fungus) (Botrytis cinerea)	921	Inferred from homology
S9	C5GVF3			DAPB	Ajellomyces dermatitidis (strain ER-3 / ATCC MYA-2586) (Blastomyces dermatitidis)	915	Inferred from homology
S9	D4ARB1		XP_003014894.1	DPP5	Arthroderma benhamiae (strain ATCC MYA-4681 / CBS 112371) (Trichophyton mentagrophytes)	726	Evidence at protein level
S9	Q4WPH9	S09.008;		dpp4	Aspergillus fumigatus (strain ATCC MYA-4609 / CBS 101355 / FGSC A1100 / Af293) (Neosartorya fumigata)	765	Inferred from homology
S9	Q5AZ42	S09.008;	XP_664042.1	dpp4	Emericella nidulans (strain FGSC A4 / ATCC 38163 / CBS 112.46 / NRRL 194 / M139) (Aspergillus nidulans)	773	Inferred from homology
S9	Q5RAK4	S09.015;	NP_001124991.2	PREPL	Pongo abelii (Sumatran orangutan) (Pongo pygmaeus abelii)	727	Evidence at transcript level
S9	A0A1L7U5Y7			FMN3	Fusarium mangiferae (Mango malformation disease fungus)	289	Evidence at transcript level
S9	B0XYK8	S09.006;		dapB	Aspergillus fumigatus (strain CBS 144.89 / FGSC A1163 / CEA10) (Neosartorya fumigata)	919	Inferred from homology
S9	D4D5P5		XP_003023434.1	DPP5	Trichophyton verrucosum (strain HKI 0517)	726	Inferred from homology
S9	E9ED72			DAPB	Metarhizium acridum (strain CQMa 102)	934	Inferred from homology
S9	Q4WX13	S09.006;	XP_754828.2	dapB	Aspergillus fumigatus (strain ATCC MYA-4609 / CBS 101355 / FGSC A1100 / Af293) (Neosartorya fumigata)	919	Inferred from homology
S9	Q7SHU8	S09.006;	XP_965646.2	dapB	Neurospora crassa (strain ATCC 24698 / 74-OR23-1A / CBS 708.71 / DSM 1257 / FGSC 987)	924	Inferred from homology
S9	Q9P7E9	S09.A93;	NP_594920.2		Schizosaccharomyces pombe (strain 972 / ATCC 24843) (Fission yeast)	853	Inferred from homology
S9	A0A4S8L6U5			dbiP	Dendrothele bispora (strain CBS 962.96)	736	Evidence at protein level
S9	A1CJQ1	S09.006;	XP_001270801.1	dapB	Aspergillus clavatus (strain ATCC 1007 / CBS 513.65 / DSM 816 / NCTC 3887 / NRRL 1 / QM 1276 / 107)	914	Inferred from homology
S9	A7EQZ1	S09.006;	XP_001591119.1	dapB	Sclerotinia sclerotiorum (strain ATCC 18683 / 1980 / Ss-1) (White mold) (Whetzelinia sclerotiorum)	921	Inferred from homology
S9	B8MTH6	S09.006;	XP_002487962.1	dapB	Talaromyces stipitatus (strain ATCC 10500 / CBS 375.48 / QM 6759 / NRRL 1006) (Penicillium stipitatum)	900	Inferred from homology
S9	C0NUQ8	S09.006;		DAPB	Ajellomyces capsulatus (strain G186AR / H82 / ATCC MYA-2454 / RMSCC 2432) (Darling's disease fungus) (Histoplasma capsulatum)	923	Inferred from homology
S9	C1GT79	S09.006;	XP_002796716.1	DAPB	Paracoccidioides lutzii (strain ATCC MYA-826 / Pb01) (Paracoccidioides brasiliensis)	912	Inferred from homology
S9	C4JHY5	S09.006;	XP_002541894.1	DAPB	Uncinocarpus reesii (strain UAMH 1704)	914	Inferred from homology
S9	C5FJE3	S09.008;	XP_002849449.1	DPP4	Arthroderma otae (strain ATCC MYA-4605 / CBS 113480) (Microsporum canis)	775	Inferred from homology
S9	D1Z9B4		XP_003351079.1	DAPB	Sordaria macrospora (strain ATCC MYA-333 / DSM 997 / K(L3346) / K-hell)	924	Inferred from homology
S9	D4AQT0		XP_003015464.1	DAPB	Arthroderma benhamiae (strain ATCC MYA-4681 / CBS 112371) (Trichophyton mentagrophytes)	909	Inferred from homology
S9	E9ETL5		XP_007819553.2	DAPB	Metarhizium robertsii (strain ARSEF 23 / ATCC MYA-3075) (Metarhizium anisopliae (strain ARSEF 23))	915	Inferred from homology
S9	F0XS04		XP_014168877.1	DAPB	Grosmannia clavigera (strain kw1407 / UAMH 11150) (Blue stain fungus) (Graphiocladiella clavigera)	975	Inferred from homology
S9	Q5IS50	S09.973;	NP_001029333.1	DPP6	Pan troglodytes (Chimpanzee)	803	Evidence at transcript level
S9	Q9P778				Schizosaccharomyces pombe (strain 972 / ATCC 24843) (Fission yeast)	683	Inferred from homology
S9	A1CX29	S09.008;	XP_001267078.1	dpp4	Neosartorya fischeri (strain ATCC 1020 / DSM 3700 / CBS 544.65 / FGSC A1164 / JCM 1740 / NRRL 181 / WB 181) (Aspergillus fischerianus)	765	Inferred from homology
S9	B0Y6C5	S09.008;		dpp4	Aspergillus fumigatus (strain CBS 144.89 / FGSC A1163 / CEA10) (Neosartorya fumigata)	765	Evidence at protein level
S9	B2A951		XP_001913070.1	DAPB	Podospora anserina (strain S / ATCC MYA-4624 / DSM 980 / FGSC 10383) (Pleurage anserina)	927	Inferred from homology
S9	B6HFS8	S09.006;	XP_002563136.1	dapB	Penicillium rubens (strain ATCC 28089 / DSM 1075 / NRRL 1951 / Wisconsin 54-1255) (Penicillium chrysogenum)	903	Inferred from homology
S9	C1FZL3	S09.006;	XP_010756181.1	DAPB	Paracoccidioides brasiliensis (strain Pb18)	912	Inferred from homology
S9	C4JF79	S09.057;	XP_002542785.1	uncH	Uncinocarpus reesii (strain UAMH 1704)	619	Evidence at protein level
S9	C5FYZ3	S09.006;	XP_002843777.1	DAPB	Arthroderma otae (strain ATCC MYA-4605 / CBS 113480) (Microsporum canis)	919	Inferred from homology
S9	C9SJ15		XP_003005441.1	DAPB	Verticillium alfalfae (strain VaMs.102 / ATCC MYA-4576 / FGSC 10136) (Verticillium wilt of alfalfa) (Verticillium albo-atrum)	875	Inferred from homology
S9	D4APE2		XP_003015798.1	DPP4	Arthroderma benhamiae (strain ATCC MYA-4681 / CBS 112371) (Trichophyton mentagrophytes)	778	Evidence at protein level
S9	D4CZ59		XP_003025725.1	DPP4	Trichophyton verrucosum (strain HKI 0517)	753	Inferred from homology
S9	D4DCG0		XP_003021100.1	DAPB	Trichophyton verrucosum (strain HKI 0517)	899	Inferred from homology
S9	P0C959	S09.012;			Aspergillus fumigatus (strain ATCC MYA-4609 / CBS 101355 / FGSC A1100 / Af293) (Neosartorya fumigata)	721	Evidence at transcript level
S9	Q5B934			dapB	Emericella nidulans (strain FGSC A4 / ATCC 38163 / CBS 112.46 / NRRL 194 / M139) (Aspergillus nidulans)	906	Inferred from homology
S9	Q338C0	S09.004;			Oryza sativa subsp. japonica (Rice)	772	Inferred from homology
S9	Q0IXP9				Oryza sativa subsp. japonica (Rice)	775	Inferred from homology
S9	F1MTV0			DPP4	Bos taurus (Bovine)	759	Inferred from homology
S9	A2QZF1	S09.012;	XP_001395540.1	dpp5	Aspergillus niger (strain ATCC MYA-4892 / CBS 513.88 / FGSC A1513)	726	Inferred from homology
S9	Q32N48	S09.015;	NP_001167499.1	prepl	Xenopus laevis (African clawed frog)	707	Evidence at transcript level
S9	Q5BA58		XP_660176.1	dpp5	Emericella nidulans (strain FGSC A4 / ATCC 38163 / CBS 112.46 / NRRL 194 / M139) (Aspergillus nidulans)	722	Evidence at protein level
S9	Q9Y8E3	S09.012;			Aspergillus oryzae (strain ATCC 42149 / RIB 40) (Yellow koji mold)	725	Inferred from homology
S9	A1CSW4	S09.012;	XP_001267827.1	dpp5	Aspergillus clavatus (strain ATCC 1007 / CBS 513.65 / DSM 816 / NCTC 3887 / NRRL 1 / QM 1276 / 107)	724	Inferred from homology
S9	D4AR77		XP_003015146.1		Arthroderma benhamiae (strain ATCC MYA-4681 / CBS 112371) (Trichophyton mentagrophytes)	930	Evidence at protein level
S9	H2E7Q7			POPA	Galerina marginata (strain CBS 339.88)	738	Evidence at transcript level
S9	Q5ZKL5	S09.015;	NP_001026224.1	PREPL	Gallus gallus (Chicken)	732	Evidence at transcript level
S9	Q8R492	S09.007;	XP_038960154.1	Fap	Rattus norvegicus (Rat)	705	Predicted
S9	X2J9P4	S09.A65;	NP_001285682.1	Dpp10	Drosophila melanogaster (Fruit fly)	940	Inferred from homology
S9	A0A2K5VXJ1		XP_005573374.1	DPP4	Macaca fascicularis (Crab-eating macaque) (Cynomolgus monkey)	766	Inferred from homology
S9	A0A2K6UUT9			DPP4	Saimiri boliviensis boliviensis (Bolivian squirrel monkey)	766	Inferred from homology
S9	A0A452RLG7		XP_045636761.1	DPP4	Ursus americanus (American black bear) (Euarctos americanus)	765	Inferred from homology
S9	A0A8C0I050		XP_036713641.1	DPP4	Balaenoptera musculus (Blue whale)	766	Inferred from homology
S9	A0A8C5K373			Dpp4	Jaculus jaculus (Lesser Egyptian jerboa)	764	Inferred from homology
S9	A0A8D2CY20			DPP4	Sciurus vulgaris (Eurasian red squirrel)	766	Inferred from homology
S9	F6VRB0	S09.003;	NP_001034279.2	DPP4	Macaca mulatta (Rhesus macaque)	766	Evidence at transcript level
S9	I3M524			DPP4	Ictidomys tridecemlineatus (Thirteen-lined ground squirrel) (Spermophilus tridecemlineatus)	764	Inferred from homology
S9	A0A2K6GYP1		XP_012511304.1	DPP4	Propithecus coquereli (Coquerel's sifaka) (Propithecus verreauxi coquereli)	766	Inferred from homology
S9	A0A5S6GG63			DPP4	Sus scrofa (Pig)	755	Evidence at protein level
S9	A0A8B7EAZ7		XP_012591171.2	DPP4	Microcebus murinus (Gray mouse lemur) (Lemur murinus)	766	Inferred from homology
S9	A0A8C6A8K4			DPP4	Marmota marmota marmota (Alpine marmot)	764	Inferred from homology
S9	A0A096MY81		XP_021779359.2	DPP4	Papio anubis (Olive baboon)	766	Inferred from homology
S9	A0A0D9RSY5		XP_007963342.1	DPP4	Chlorocebus sabaeus (Green monkey) (Simia sabaea)	766	Inferred from homology
S9	A0A286XN52		XP_012997849.1	DPP4	Cavia porcellus (Guinea pig)	764	Inferred from homology
S9	A0A2K5F6W0			DPP4	Aotus nancymaae (Ma's night monkey)	779	Inferred from homology
S9	A0A2K6CQY0			DPP4	Macaca nemestrina (Pig-tailed macaque)	766	Inferred from homology
S9	A0A2Y9N2E9		XP_022425592.1	DPP4	Delphinapterus leucas (Beluga whale)	766	Inferred from homology
S9	A0A3Q2I3I7		XP_023478786.1	DPP4	Equus caballus (Horse)	782	Inferred from homology
S9	A0A6P6EB17		XP_023569544.1	Dpp4	Octodon degus (Degu) (Sciurus degus)	764	Inferred from homology
S9	A0A8B9XU66			DPP4	Bos mutus grunniens (Wild yak) (Bos grunniens)	747	Inferred from homology
S9	F7IHU4	S09.003;	XP_002749438.1	DPP4	Callithrix jacchus (White-tufted-ear marmoset) (Simia Jacchus)	766	Evidence at transcript level
S9	G1QQ71	S09.003;	XP_003266219.1	DPP4	Nomascus leucogenys (Northern white-cheeked gibbon) (Hylobates leucogenys)	766	Inferred from homology
S9	A0A2K5SES9			DPP4	Cebus imitator (Panamanian white-faced capuchin) (Cebus capucinus imitator)	739	Inferred from homology
S9	A0A2R9CCY4		XP_003820987.3	DPP4	Pan paniscus (Pygmy chimpanzee) (Bonobo)	766	Inferred from homology
S9	A0A2Y9EMH4		XP_007105354.1	DPP4	Physeter macrocephalus (Sperm whale) (Physeter catodon)	766	Inferred from homology
S9	A0A4W2EX30			DPP4	Bos indicus x Bos taurus (Hybrid cattle)	747	Inferred from homology
S9	A0A6P5P218		XP_021008644.1	Dpp4	Mus caroli (Ryukyu mouse) (Ricefield mouse)	760	Inferred from homology
S9	A0A8C4MXF6			DPP4	Equus asinus (Donkey) (Equus africanus asinus)	749	Inferred from homology
S9	A0A8C6G162			DPP4	Moschus moschiferus (Siberian musk deer) (Moschus sibiricus)	766	Inferred from homology
S9	A0A8C9DMR5			DPP4	Prolemur simus (Greater bamboo lemur) (Hapalemur simus)	766	Inferred from homology
S9	A0A8C9KMQ7			DPP4	Panthera tigris altaica (Siberian tiger)	766	Inferred from homology
S9	G1LG48		XP_034510534.1	DPP4	Ailuropoda melanoleuca (Giant panda)	763	Inferred from homology
S9	G3TVN4			DPP4	Loxodonta africana (African elephant)	761	Inferred from homology
S9	H2P7N3		XP_009236014.3	DPP4	Pongo abelii (Sumatran orangutan) (Pongo pygmaeus abelii)	766	Inferred from homology
S9	H2R124	S09.003;	XP_515858.2	DPP4	Pan troglodytes (Chimpanzee)	766	Evidence at transcript level
S9	K7DYU6	S09.003;		DPP4	Monodelphis domestica (Gray short-tailed opossum)	806	Inferred from homology
S9	M3XN99		XP_004744008.2	DPP4	Mustela putorius furo (European domestic ferret) (Mustela furo)	765	Inferred from homology
S9	A0A2K5LB00			DPP4	Cercocebus atys (Sooty mangabey) (Cercocebus torquatus atys)	770	Inferred from homology
S9	A0A452FGS0			DPP4	Capra hircus (Goat)	767	Inferred from homology
S9	A0A671E2V5			DPP4	Rhinolophus ferrumequinum (Greater horseshoe bat)	763	Inferred from homology
S9	A0A6P5LQ25		XP_020860585.1	DPP4	Phascolarctos cinereus (Koala)	767	Inferred from homology
S9	A0A8C0JV36			DPP4	Canis lupus dingo (dingo)	768	Inferred from homology
S9	A0A8C2UQ08		XP_005393376.1	DPP4	Chinchilla lanigera (Long-tailed chinchilla) (Chinchilla villidera)	764	Inferred from homology
S9	A0A8C3VV72			DPP4	Catagonus wagneri (Chacoan peccary)	766	Inferred from homology
S9	A0A8C6B1L2		XP_029080484.1	DPP4	Monodon monoceros (Narwhal) (Ceratodon monodon)	766	Inferred from homology
S9	A0A8C6H649				Mus spicilegus (Mound-building mouse)	760	Inferred from homology
S9	A0A8C6S2C9		XP_008843976.1	Dpp4	Nannospalax galili (Northern Israeli blind subterranean mole rat) (Spalax galili)	764	Inferred from homology
S9	A0A8C8XML4			DPP4	Panthera leo (Lion)	766	Inferred from homology
S9	A0A8C9B9G0			DPP4	Phocoena sinus (Vaquita)	798	Inferred from homology
S9	A0A8D2HJC5			DPP4	Urocitellus parryii (Arctic ground squirrel) (Spermophilus parryii)	764	Inferred from homology
S9	A0A8I3Q958			DPP4	Canis lupus familiaris (Dog) (Canis familiaris)	930	Inferred from homology
S9	G3SI68	S09.003;		DPP4	Gorilla gorilla gorilla (Western lowland gorilla)	766	Inferred from homology
S9	A0A7I2V5R8			DPP4	Homo sapiens (Human)	474	Evidence at protein level
S9	A0A7I2V2R5			DPP4	Homo sapiens (Human)	734	Evidence at protein level
S9	A0A7I2V2X8		NP_001366533.1	DPP4	Homo sapiens (Human)	765	Evidence at protein level
S9	C9JIF9			APEH	Homo sapiens (Human)	737	Evidence at protein level
S9	A0A8C8T1W1				Peromyscus maniculatus bairdii (Prairie deer mouse)	763	Inferred from homology
S9	A0A8C7AK96				Neovison vison (American mink) (Mustela vison)	766	Inferred from homology
S9	A0A8H3EMP6				Heterodermia speciosa	1228	Inferred from homology
S9	A0A8H7B0M1			NAT10	Alternaria burnsii	1840	Inferred from homology
S9	H0Z908			LOC100228501	Taeniopygia guttata (Zebra finch) (Poephila guttata)	933	Inferred from homology
S9	A0A2K6RP32		XP_010360156.1	DPP4	Rhinopithecus roxellana (Golden snub-nosed monkey) (Pygathrix roxellana)	766	Inferred from homology
S9	A0A364NCA5			NAT10	Stemphylium lycopersici (Tomato gray leaf spot disease fungus) (Thyrospora lycopersici)	1838	Inferred from homology
S9	A0A3M7LX81			NAT10	Pyrenophora seminiperda CCB06	1797	Inferred from homology
S9	A0A9D3P3D9				Hemibagrus wyckioides	2856	Inferred from homology
S9	A0A2K5XN23		XP_011846398.1	DPP4	Mandrillus leucophaeus (Drill) (Papio leucophaeus)	766	Inferred from homology
S9	A0A2K6MZD1			DPP4	Rhinopithecus bieti (Black snub-nosed monkey) (Pygathrix bieti)	767	Inferred from homology
S9	A0A3M0KZ74				Hirundo rustica rustica	2006	Inferred from homology
S9	A0A4X2M2J4			DPP4	Vombatus ursinus (Common wombat)	699	Inferred from homology
S9	A0A6A6FNW0				Cercospora zeae-maydis SCOH1-5	1136	Inferred from homology
S9	A0AAV5AJA6				Clathrus columnatus	1298	Inferred from homology
S9	H0X7A9				Otolemur garnettii (Small-eared galago) (Garnett's greater bushbaby)	738	Inferred from homology
S9	F1M7X5			Dpp4	Rattus norvegicus (Rat)	696	Evidence at protein level
S9	Q29R16	S09.069;	NP_001137955.1	ome	Drosophila melanogaster (Fruit fly)	923	Evidence at protein level
S9	A0A0G2JTX5			Dpp4	Rattus norvegicus (Rat)	771	Evidence at protein level
S9	A0AAA9SK30			DPP4	Bos taurus (Bovine)	691	Inferred from homology
S9	A0AAA9TPR5			DPP9	Bos taurus (Bovine)	922	Inferred from homology
S9	A0AAA9TE85			APEH	Bos taurus (Bovine)	755	Inferred from homology
S9	A0AAF6ZJE9			DPP4	Bos taurus (Bovine)	734	Inferred from homology
S9	A0A0G2K238			Dpp4	Rattus norvegicus (Rat)	741	Evidence at protein level
S9	A0A8I6AEN0		NP_620205.1	Fap	Rattus norvegicus (Rat)	761	Predicted
S9	A0A8I6GBE0			Dpp9	Rattus norvegicus (Rat)	961	Evidence at protein level
S9	A2RVG6	S09.069;	NP_001097606.1	ome	Drosophila melanogaster (Fruit fly)	1040	Evidence at protein level
S9	G3V9E4			Apeh	Rattus norvegicus (Rat)	737	Evidence at protein level
S9	M9PCH6	S09.069;	NP_001261844.1	ome	Drosophila melanogaster (Fruit fly)	784	Evidence at protein level
S9	Q9VUH1	S09.069;	NP_524739.1	ome	Drosophila melanogaster (Fruit fly)	802	Evidence at protein level
S9	A0AB13AHB3		NP_942570.3	apeh	Danio rerio (Zebrafish) (Brachydanio rerio)	746	Evidence at protein level
S9	F1MZK8		XP_024855156.1	PREPL	Bos taurus (Bovine)	727	Inferred from homology
S9	A0A2R8YF65			DPP9	Homo sapiens (Human)	782	Evidence at protein level
S9	A0A499FJL1			PREP	Homo sapiens (Human)	644	Evidence at protein level
S9	E9PF59	S09.973;	NP_001034439.1	DPP6	Homo sapiens (Human)	801	Evidence at protein level
S9	E9PDL2	S09.973;	NP_001277181.1	DPP6	Homo sapiens (Human)	758	Evidence at protein level
S9	J3KPT0			DPP8	Homo sapiens (Human)	729	Evidence at protein level
S9	A0A8V8TR99			DPP9	Homo sapiens (Human)	857	Evidence at protein level
S9	A0A994J5Q6			DPP6	Homo sapiens (Human)	540	Evidence at protein level
S9	A0A994J7K0		NP_001351426.1	DPP6	Homo sapiens (Human)	804	Evidence at protein level
S9	A0A075TJ59		NP_001297500.1	DPP4	Mesocricetus auratus (Golden hamster)	764	Evidence at transcript level
S9	A0A091CJ97	S09.004;			Fukomys damarensis (Damaraland mole rat) (Cryptomys damarensis)	4491	Inferred from homology
S9	A0A091CX24	S09.003;			Fukomys damarensis (Damaraland mole rat) (Cryptomys damarensis)	837	Inferred from homology
S9	A0A091U991	S09.003;			Phoenicopterus ruber ruber	504	Inferred from homology
S9	A0A093PIK0	S09.003;			Manacus vitellinus (golden-collared manakin)	732	Inferred from homology
S9	A0A0A2KSR2				Penicillium italicum (Blue mold)	903	Inferred from homology
S9	A0A0M8PF83				Penicillium nordicum	910	Inferred from homology
S9	A0A0P7BU99				Neonectria ditissima	786	Inferred from homology
S9	A0A0Q3UTN9				Amazona aestiva (Blue-fronted Amazon parrot)	4286	Inferred from homology
S9	A0A0R3VVB7				Taenia asiatica (Asian tapeworm)	1305	Inferred from homology
S9	A0A0V1I1L9			THOC3	Trichinella zimbabwensis	5598	Inferred from homology
S9	A0A135LA60		XP_040644413.1		Penicillium patulum (Penicillium griseofulvum)	898	Inferred from homology
S9	A0A135UUM1				Colletotrichum salicis	781	Inferred from homology
S9	A0A151M0D2				Alligator mississippiensis (American alligator)	992	Inferred from homology
S9	A0A163KGY0			ABSGL_13551.1 scaffold 14267	Absidia glauca (Pin mould)	1316	Inferred from homology
S9	A0A179F1J8		XP_018137195.1		Pochonia chlamydosporia 170	775	Inferred from homology
S9	A0A1B7NY81				Emergomyces africanus	2945	Inferred from homology
S9	A0A1B7NZ46				Emergomyces africanus	798	Inferred from homology
S9	A0A1B8AQ94				Fusarium poae	779	Inferred from homology
S9	A0A1L7U3Q7		XP_041689276.1		Fusarium mangiferae (Mango malformation disease fungus)	778	Inferred from homology
S9	A0A1Q3E1A7				Lentinula edodes (Shiitake mushroom) (Lentinus edodes)	1120	Inferred from homology
S9	A0A1R3JFM0				Corchorus capsularis (Jute)	1158	Inferred from homology
S9	A0A1S3G7B7		XP_012884580.1	Dpp4	Dipodomys ordii (Ord's kangaroo rat)	765	Inferred from homology
S9	A0A1U7SNG6		XP_008047075.1	DPP4	Carlito syrichta (Philippine tarsier) (Tarsius syrichta)	745	Inferred from homology
S9	A0A1V4K691			DPP4	Patagioenas fasciata monilis	777	Inferred from homology
S9	A0A1V6NWB6				Penicillium polonicum	908	Inferred from homology
S9	A0A1V6UG14				Penicillium coprophilum	905	Inferred from homology
S9	A0A286XGE5		XP_063106888.1	DPP6	Cavia porcellus (Guinea pig)	804	Inferred from homology
S9	A0A286Y0F6			DPP6	Cavia porcellus (Guinea pig)	864	Inferred from homology
S9	A0A2B7XQZ4				Helicocarpus griseus UAMH5409	778	Inferred from homology
S9	A0A2I3HPU0			DPP6	Nomascus leucogenys (Northern white-cheeked gibbon) (Hylobates leucogenys)	758	Inferred from homology
S9	A0A2I3LM26			DPP4	Papio anubis (Olive baboon)	764	Inferred from homology
S9	A0A2K0WPY5				Gibberella nygamai (Bean root rot disease fungus) (Fusarium nygamai)	778	Inferred from homology
S9	A0A2K5IDW0				Colobus angolensis palliatus (Peters' Angolan colobus)	751	Inferred from homology
S9	A0A2K5VH26			APEH	Macaca fascicularis (Crab-eating macaque) (Cynomolgus monkey)	757	Inferred from homology
S9	A0A2K5XN25			DPP4	Mandrillus leucophaeus (Drill) (Papio leucophaeus)	742	Inferred from homology
S9	A0A2K6M2B2			APEH	Rhinopithecus bieti (Black snub-nosed monkey) (Pygathrix bieti)	756	Inferred from homology
S9	A0A2K6RP42			DPP4	Rhinopithecus roxellana (Golden snub-nosed monkey) (Pygathrix roxellana)	761	Inferred from homology
S9	A0A2K6TDU0		XP_003921979.1	FAP	Saimiri boliviensis boliviensis (Bolivian squirrel monkey)	760	Predicted
S9	A0A2N1J8U0				Malassezia vespertilionis	1520	Inferred from homology
S9	A0A2P4TC85				Bambusicola thoracicus (Chinese bamboo-partridge) (Perdix thoracica)	583	Inferred from homology
S9	A0A2P5HVA7				Diaporthe helianthi	791	Inferred from homology
S9	A0A2P6TKN0				Chlorella sorokiniana (Freshwater green alga)	3336	Inferred from homology
S9	A0A2R9CCZ5			DPP4	Pan paniscus (Pygmy chimpanzee) (Bonobo)	754	Inferred from homology
S9	A0A318ZGM5		XP_025432601.1		Aspergillus saccharolyticus JOP 1030-1	2914	Inferred from homology
S9	A0A364NE80				Stemphylium lycopersici (Tomato gray leaf spot disease fungus) (Thyrospora lycopersici)	2639	Inferred from homology
S9	A0A395SAQ2				Fusarium sporotrichioides	780	Inferred from homology
S9	A0A3B3I4N7			dpp6a	Oryzias latipes (Japanese rice fish) (Japanese killifish)	939	Inferred from homology
S9	A0A3B4UNA4				Seriola dumerili (Greater amberjack) (Caranx dumerili)	288	Inferred from homology
S9	A0A3M2SMV9				Fusarium kuroshium	782	Inferred from homology
S9	A0A3N2PX53		XP_028466731.1		Sodiomyces alkalinus (strain CBS 110278 / VKM F-3762 / F11) (Alkaliphilic filamentous fungus)	782	Inferred from homology
S9	A0A452FGG5		XP_005676103.1	DPP4	Capra hircus (Goat)	765	Inferred from homology
S9	A0A452H3Z7				Gopherus agassizii (Agassiz's desert tortoise)	758	Inferred from homology
S9	A0A452RLI5			FAP	Ursus americanus (American black bear) (Euarctos americanus)	724	Predicted
S9	A0A4R8PZQ2			DAPB	Colletotrichum spinosum	931	Inferred from homology
S9	A0A4R8R6A8			DAPB	Colletotrichum trifolii	931	Inferred from homology
S9	A0A4W6ELA7			ABHD17A	Lates calcarifer (Barramundi) (Holocentrus calcarifer)	307	Inferred from homology
S9	A0A4Z0Y1F3				Xylaria hypoxylon	779	Inferred from homology
S9	A0A507BL09		XP_030999059.1		Thyridium curvatum	776	Inferred from homology
S9	A0A507E4W8				Powellomyces hirtus	1481	Inferred from homology
S9	A0A553P2H2				Tigriopus californicus (Marine copepod)	919	Inferred from homology
S9	A0A559MA16			dapB	Lachnellula willkommii	923	Inferred from homology
S9	A0A5F8AIP8			DPP4	Macaca mulatta (Rhesus macaque)	734	Inferred from homology
S9	A0A5F9CKR3			FAP	Oryctolagus cuniculus (Rabbit)	733	Inferred from homology
S9	A0A5N4E4W9				Camelus dromedarius (Dromedary) (Arabian camel)	690	Inferred from homology
S9	A0A5N5DIV6			dapB	Lasiodiplodia theobromae	909	Inferred from homology
S9	A0A5N6T413		XP_031917100.1		Aspergillus pseudotamarii	2917	Inferred from homology
S9	A0A5Q4BJD6			Dpp4	Colletotrichum shisoi	775	Inferred from homology
S9	A0A5Q4C6J5			DAPB	Colletotrichum shisoi	917	Inferred from homology
S9	A0A670IYJ8			DPP4	Podarcis muralis (Wall lizard) (Lacerta muralis)	796	Inferred from homology
S9	A0A670IZ11		XP_028602931.1	DPP4	Podarcis muralis (Wall lizard) (Lacerta muralis)	757	Inferred from homology
S9	A0A671EAA3		XP_032967899.1	FAP	Rhinolophus ferrumequinum (Greater horseshoe bat)	760	Predicted
S9	A0A674KID5			DPP4	Terrapene triunguis (Three-toed box turtle)	640	Inferred from homology
S9	A0A674KID8			DPP4	Terrapene triunguis (Three-toed box turtle)	587	Inferred from homology
S9	A0A6A6IID0		XP_033684334.1		Trematosphaeria pertusa	784	Inferred from homology
S9	A0A6B0RD78				Bos mutus (wild yak)	1108	Inferred from homology
S9	A0A6B0RG09				Bos mutus (wild yak)	1759	Inferred from homology
S9	A0A6I9HWG8		XP_006196278.1	DPP4	Vicugna pacos (Alpaca) (Lama pacos)	766	Inferred from homology
S9	A0A6I9LIR6		XP_006984667.1	Fap	Peromyscus maniculatus bairdii (Prairie deer mouse)	761	Predicted
S9	A0A6J1UHE7		XP_026530199.1	LOC113416555	Notechis scutatus (mainland tiger snake)	753	Inferred from homology
S9	A0A6J1UJ10		XP_026530198.1	LOC113416555	Notechis scutatus (mainland tiger snake)	754	Inferred from homology
S9	A0A6J3RMF5		XP_033715971.1	DPP4	Tursiops truncatus (Atlantic bottle-nosed dolphin) (Delphinus truncatus)	724	Inferred from homology
S9	A0A6P5IY08		XP_020826985.1	DPP9	Phascolarctos cinereus (Koala)	891	Inferred from homology
S9	A0A6P9CD08		XP_034282173.1	DPP4	Pantherophis guttatus (Corn snake) (Elaphe guttata)	753	Inferred from homology
S9	A0A7J6MRQ6			MCM2_2	Perkinsus chesapeaki (Clam parasite) (Perkinsus andrewsi)	2080	Inferred from homology
S9	A0A7J7WGX0				Myotis myotis (Greater mouse-eared bat) (Vespertilio myotis)	761	Inferred from homology
S9	A0A7J7XU42				Pipistrellus kuhlii (Kuhl's pipistrelle)	760	Inferred from homology
S9	A0A7J8FQK2				Molossus molossus (Pallas' mastiff bat) (Vespertilio molossus)	679	Inferred from homology
S9	A0A7K4LAV5			Dpp4	Crypturellus undulatus	766	Inferred from homology
S9	A0A7K4YGH3			Dpp4	Bucorvus abyssinicus (Northern ground-hornbill) (Abyssinian ground-hornbill)	735	Inferred from homology
S9	A0A7K5DC07			Dpp4	Pachyramphus minor	733	Inferred from homology
S9	A0A7K5HB64			Dpp4	Crotophaga sulcirostris (Groove-billed ani)	734	Inferred from homology
S9	A0A7K5JIR6			Dpp4	Mionectes macconnelli (McConnell's flycatcher)	732	Inferred from homology
S9	A0A7K5U439			Dpp4	Cephalopterus ornatus (Amazonian umbrellabird)	731	Inferred from homology
S9	A0A7K5YA43			Dpp4	Pterocles burchelli	736	Inferred from homology
S9	A0A7K6E1T1			Dpp4	Grantiella picta	721	Inferred from homology
S9	A0A7K6KWL4			Dpp4	Falcunculus frontatus (Eastern shriketit)	734	Inferred from homology
S9	A0A7K6ZPY6			Dpp4	Nothoprocta pentlandii	733	Inferred from homology
S9	A0A7K7UWZ1			Dpp4	Eudromia elegans (Elegant crested-tinamou)	740	Inferred from homology
S9	A0A7K8HYM9			Dpp4	Aleadryas rufinucha (rufous-naped whistler)	766	Inferred from homology
S9	A0A7K8LWD2			Dpp4	Ptilorrhoa leucosticta	765	Inferred from homology
S9	A0A7K8U1U6			Dpp4	Oceanites oceanicus (Wilson's storm petrel) (Procellaria oceanica)	728	Inferred from homology
S9	A0A7L0JZH9			Dpp4	Chauna torquata (Southern screamer)	730	Inferred from homology
S9	A0A7L0TN58			Dpp4	Chordeiles acutipennis (Lesser nighthawk) (Caprimulgus acutipennis)	730	Inferred from homology
S9	A0A7L0VMY4			Dpp4	Leptocoma aspasia	755	Inferred from homology
S9	A0A7L1UDI2			Dpp4	Phainopepla nitens (Phainopepla)	724	Inferred from homology
S9	A0A7L2EDI0			Dpp4	Anthoscopus minutus (Southern penduline-tit)	754	Inferred from homology
S9	A0A7L2K0N0			Dpp4	Cinclus mexicanus (American dipper)	724	Inferred from homology
S9	A0A7L3EH23			Dpp4	Chaetops frenatus (Rufous rock-jumper)	724	Inferred from homology
S9	A0A7L3XGQ4			Dpp4	Calonectris borealis (Cory's shearwater)	734	Inferred from homology
S9	A0A7L4IC45			Dpp4	Scopus umbretta (Hammerkop)	470	Inferred from homology
S9	A0A7M4FLV5			DPP4	Crocodylus porosus (Saltwater crocodile) (Estuarine crocodile)	714	Inferred from homology
S9	A0A7M4FPA9			DPP4	Crocodylus porosus (Saltwater crocodile) (Estuarine crocodile)	688	Inferred from homology
S9	A0A7M4FPK0			DPP4	Crocodylus porosus (Saltwater crocodile) (Estuarine crocodile)	656	Inferred from homology
S9	A0A7M4FRA7			DPP4	Crocodylus porosus (Saltwater crocodile) (Estuarine crocodile)	628	Inferred from homology
S9	A0A7M4G3I0			DPP4	Crocodylus porosus (Saltwater crocodile) (Estuarine crocodile)	712	Inferred from homology
S9	A0A7N5JDM4			APEH	Ailuropoda melanoleuca (Giant panda)	791	Inferred from homology
S9	A0A7R7XTP5		XP_041558972.1	DPP4	Aspergillus puulaauensis	768	Inferred from homology
S9	A0A7R8H983				Lepeophtheirus salmonis (Salmon louse) (Caligus salmonis)	860	Inferred from homology
S9	A0A803T1K4				Anolis carolinensis (Green anole) (American chameleon)	720	Inferred from homology
S9	A0A803TUH7				Anolis carolinensis (Green anole) (American chameleon)	598	Inferred from homology
S9	A0A851D196			Dpp4	Calyptomena viridis (Lesser green broadbill)	728	Inferred from homology
S9	A0A852CLV6			Dpp4	Ramphastos sulfuratus	730	Inferred from homology
S9	A0A8B7HUE8		XP_012641700.1	DPP6	Microcebus murinus (Gray mouse lemur) (Lemur murinus)	803	Inferred from homology
S9	A0A8B7HUG3		XP_012641698.1	DPP6	Microcebus murinus (Gray mouse lemur) (Lemur murinus)	867	Inferred from homology
S9	A0A8B7Z6G8		XP_022101234.1	LOC110984912	Acanthaster planci (Crown-of-thorns starfish)	736	Inferred from homology
S9	A0A8B7Z8V0		XP_022101235.1	LOC110984912	Acanthaster planci (Crown-of-thorns starfish)	736	Inferred from homology
S9	A0A8B9BW73			DPP8	Anser brachyrhynchus (Pink-footed goose)	882	Inferred from homology
S9	A0A8B9CYU0				Anser brachyrhynchus (Pink-footed goose)	741	Inferred from homology
S9	A0A8B9E333				Anser cygnoides (Swan goose)	695	Inferred from homology
S9	A0A8B9EYN5				Amazona collaria (yellow-billed parrot)	712	Inferred from homology
S9	A0A8B9EZK5				Amazona collaria (yellow-billed parrot)	631	Inferred from homology
S9	A0A8B9F3D0				Amazona collaria (yellow-billed parrot)	708	Inferred from homology
S9	A0A8B9IL65				Anser cygnoides (Swan goose)	676	Inferred from homology
S9	A0A8B9IS65				Amazona collaria (yellow-billed parrot)	711	Inferred from homology
S9	A0A8B9RVM3				Accipiter nisus (Eurasian sparrowhawk)	531	Inferred from homology
S9	A0A8B9W0A1				Anas zonorhyncha (Eastern spot-billed duck)	648	Inferred from homology
S9	A0A8B9XVH1			DPP4	Bos mutus grunniens (Wild yak) (Bos grunniens)	737	Inferred from homology
S9	A0A8B9YDS2			APEH	Bos mutus grunniens (Wild yak) (Bos grunniens)	755	Inferred from homology
S9	A0A8C0G5M6		XP_032629206.1	DPP9	Chelonoidis abingdonii (Abingdon island giant tortoise) (Testudo abingdonii)	892	Inferred from homology
S9	A0A8C0GGH9				Chelonoidis abingdonii (Abingdon island giant tortoise) (Testudo abingdonii)	748	Inferred from homology
S9	A0A8C0JWB1			DPP4	Canis lupus dingo (dingo)	741	Inferred from homology
S9	A0A8C0VS79			DPP4	Cyanistes caeruleus (Eurasian blue tit) (Parus caeruleus)	637	Inferred from homology
S9	A0A8C0VUF8			DPP4	Cyanistes caeruleus (Eurasian blue tit) (Parus caeruleus)	764	Inferred from homology
S9	A0A8C0VYY5			DPP4	Cyanistes caeruleus (Eurasian blue tit) (Parus caeruleus)	581	Inferred from homology
S9	A0A8C2U7E3		XP_015742034.1	DPP9	Coturnix japonica (Japanese quail) (Coturnix coturnix japonica)	891	Inferred from homology
S9	A0A8C2V504			APEH	Chinchilla lanigera (Long-tailed chinchilla) (Chinchilla villidera)	724	Inferred from homology
S9	A0A8C2YD34		XP_015724571.1	DPP4	Coturnix japonica (Japanese quail) (Coturnix coturnix japonica)	760	Inferred from homology
S9	A0A8C3D355				Cairina moschata (Muscovy duck)	575	Inferred from homology
S9	A0A8C3HBL9			DPP9	Chrysemys picta bellii (Western painted turtle) (Emys bellii)	892	Inferred from homology
S9	A0A8C3IUE8		XP_008176683.1	DPP4	Chrysemys picta bellii (Western painted turtle) (Emys bellii)	758	Inferred from homology
S9	A0A8C3JGQ1				Calidris pygmaea (Spoon-billed sandpiper)	689	Inferred from homology
S9	A0A8C3LKP2				Chrysolophus pictus (Golden pheasant) (Phasianus pictus)	688	Inferred from homology
S9	A0A8C3QZT2				Cyanoderma ruficeps (rufous-capped babbler)	682	Inferred from homology
S9	A0A8C3VJF5			DPP4	Catharus ustulatus (Russet-backed thrush) (Hylocichla ustulatus)	708	Inferred from homology
S9	A0A8C3VKE5			DPP4	Catharus ustulatus (Russet-backed thrush) (Hylocichla ustulatus)	702	Inferred from homology
S9	A0A8C3VKT1			DPP4	Catharus ustulatus (Russet-backed thrush) (Hylocichla ustulatus)	735	Inferred from homology
S9	A0A8C3VP84			DPP4	Catharus ustulatus (Russet-backed thrush) (Hylocichla ustulatus)	675	Inferred from homology
S9	A0A8C3X6W4			APEH	Catagonus wagneri (Chacoan peccary)	737	Inferred from homology
S9	A0A8C4RUV0			DPP6	Erpetoichthys calabaricus (Rope fish) (Calamoichthys calabaricus)	797	Inferred from homology
S9	A0A8C4UY41				Falco tinnunculus (Common kestrel)	651	Inferred from homology
S9	A0A8C4YQD6			DPP4	Gopherus evgoodei (Goodes thornscrub tortoise)	702	Inferred from homology
S9	A0A8C5U5V2				Malurus cyaneus samueli	728	Inferred from homology
S9	A0A8C5U670				Malurus cyaneus samueli	680	Inferred from homology
S9	A0A8C5U6M3				Malurus cyaneus samueli	701	Inferred from homology
S9	A0A8C6B0X0		XP_029081236.1	FAP	Monodon monoceros (Narwhal) (Ceratodon monodon)	760	Predicted
S9	A0A8C6M3F1			DPP6	Nothobranchius furzeri (Turquoise killifish)	772	Inferred from homology
S9	A0A8C6NC97		XP_012985360.2	LOC101874712	Melopsittacus undulatus (Budgerigar) (Psittacus undulatus)	759	Inferred from homology
S9	A0A8C6VEU5			DPP9	Naja naja (Indian cobra)	768	Inferred from homology
S9	A0A8C6X639			FAP	Naja naja (Indian cobra)	727	Predicted
S9	A0A8C7C6T5		XP_044109496.1	APEH	Neovison vison (American mink) (Mustela vison)	732	Inferred from homology
S9	A0A8C7IDR3			DPP6	Oncorhynchus kisutch (Coho salmon) (Salmo kisutch)	810	Inferred from homology
S9	A0A8C8E898				Otus sunia (Oriental scops-owl)	736	Inferred from homology
S9	A0A8C8RRL4				Pelusios castaneus (West African mud turtle)	757	Inferred from homology
S9	A0A8C8WSH2			DPP9	Panthera leo (Lion)	926	Inferred from homology
S9	A0A8C9B3I4		XP_032493068.1	DPP4	Phocoena sinus (Vaquita)	766	Inferred from homology
S9	A0A8C9C6S8			APEH	Phocoena sinus (Vaquita)	737	Inferred from homology
S9	A0A8C9C9G7		XP_032482314.1	DPP9	Phocoena sinus (Vaquita)	891	Inferred from homology
S9	A0A8C9DM16			APEH	Prolemur simus (Greater bamboo lemur) (Hapalemur simus)	737	Inferred from homology
S9	A0A8C9KW51			FAP	Panthera tigris altaica (Siberian tiger)	760	Predicted
S9	A0A8C9NPX3			FAP	Serinus canaria (Island canary) (Fringilla canaria)	759	Predicted
S9	A0A8D0HJ49				Sphenodon punctatus (Tuatara) (Hatteria punctata)	742	Inferred from homology
S9	A0A8D2CYM1			FAP	Sciurus vulgaris (Eurasian red squirrel)	760	Predicted
S9	A0A8D2L350				Varanus komodoensis (Komodo dragon)	729	Inferred from homology
S9	A0A8D2N9X3			DPP4	Zonotrichia albicollis (White-throated sparrow) (Fringilla albicollis)	725	Inferred from homology
S9	A0A8H5RHU9		XP_037205697.1		Fusarium tjaetaba	778	Inferred from homology
S9	A0A8I3Q2N1			DPP4	Canis lupus familiaris (Dog) (Canis familiaris)	745	Inferred from homology
S9	A0A8J0SY12		XP_012825865.2	dpp4	Xenopus tropicalis (Western clawed frog) (Silurana tropicalis)	810	Inferred from homology
S9	A0A8J1MPP7		XP_041443388.1	dpp8.S	Xenopus laevis (African clawed frog)	889	Inferred from homology
S9	A0A8J4JTK6			DPP4	Eudyptes sclateri (Erect-crested penguin)	743	Inferred from homology
S9	A0A8J4UV57			dpp9	Clarias magur (Asian catfish) (Macropteronotus magur)	1258	Inferred from homology
S9	A0A8K1LV26				Zosterops borbonicus	2535	Inferred from homology
S9	A0A8S2AT57				Arabidopsis arenosa (Sand rock-cress) (Cardaminopsis arenosa)	2107	Inferred from homology
S9	A0A8T2II15				Hymenochirus boettgeri (Congo dwarf clawed frog)	799	Inferred from homology
S9	A0A8T8X8T3		XP_025529743.1		Aspergillus japonicus CBS 114.51	2925	Inferred from homology
S9	A0A8U0NN97		XP_012907449.1	DPP4	Mustela putorius furo (European domestic ferret) (Mustela furo)	773	Inferred from homology
S9	A0A8V0ZN65			DPP4	Gallus gallus (Chicken)	748	Evidence at protein level
S9	A0A8X7V2T0				Brassica carinata (Ethiopian mustard) (Abyssinian cabbage)	570	Inferred from homology
S9	A0A915LRC4				Meloidogyne javanica (Root-knot nematode worm)	985	Inferred from homology
S9	A0A9B0TUQ7		XP_006867049.1	DPP4	Chrysochloris asiatica (Cape golden mole)	766	Inferred from homology
S9	A0A9L0R7I5			DPP6	Equus caballus (Horse)	803	Inferred from homology
S9	A0A9N8VU56				Ambispora gerdemannii	1106	Inferred from homology
S9	A0A9P1GWN0				Parascedosporium putredinis	724	Inferred from homology
S9	A0A9P6GHX7				Paraphaeosphaeria minitans	1092	Inferred from homology
S9	A0A9P8YAE6		XP_046016112.1		Microdochium trichocladiopsis	355	Inferred from homology
S9	A0A9P9E5A2				Dactylonectria macrodidyma	771	Inferred from homology
S9	A0A9P9GFS8		XP_046045599.1		Fusarium redolens	779	Inferred from homology
S9	A0A9P9H2M5				Fusarium solani (Filamentous fungus)	782	Inferred from homology
S9	A0A9Q8V9D3		XP_047841606.1	dpp4	Purpureocillium takamizusanense	804	Inferred from homology
S9	A0A9W8HTQ6			dpp4	Coemansia guatemalensis	1084	Inferred from homology
S9	A0AA37LB52		XP_049123462.1		Colletotrichum spaethianum	778	Inferred from homology
S9	A0AA40LKM1				Cnephaeus nilssonii (Northern bat) (Eptesicus nilssonii)	647	Inferred from homology
S9	A0AA97MC08			Dpp4	Menura novaehollandiae (superb lyrebird)	724	Inferred from homology
S9	A0AAD1SRA2				Pelobates cultripes (Western spadefoot toad)	757	Inferred from homology
S9	A0AAD3Y438				Nepenthes gracilis (Slender pitcher plant)	904	Inferred from homology
S9	A0AAD5W1X3			LIA1	Leucocoprinus birnbaumii	1066	Inferred from homology
S9	A0AAD5XLF3				Physocladia obscura	1168	Inferred from homology
S9	A0AAD6CVJ3				Penicillium frequentans	921	Inferred from homology
S9	A0AAE0LZ84				Apodospora peruviana	783	Inferred from homology
S9	A0AAE0N8H7				Podospora didyma	781	Inferred from homology
S9	A0AAJ0EI45		XP_060446313.1		Colletotrichum phormii	781	Inferred from homology
S9	A0AAJ0LYQ8		XP_062718421.1		Chaetomium strumarium	804	Inferred from homology
S9	A0AAJ0LZS8		XP_062719516.1		Chaetomium strumarium	343	Inferred from homology
S9	A0AAN6STJ4				Parachaetomium inaequale	327	Inferred from homology
S9	A0AAN7A2Y1				Triangularia setosa	793	Inferred from homology
S9	A0AAN7C192				Achaetomium macrosporum	315	Inferred from homology
S9	A0AAN9Y8L8				Parthenolecanium corni	1415	Inferred from homology
S9	A0AAV7AID3				Engystomops pustulosus (Tungara frog) (Physalaemus pustulosus)	801	Inferred from homology
S9	A0AAX6QZM0		XP_012931582.1	Dpp4	Heterocephalus glaber (Naked mole rat)	668	Inferred from homology
S9	A0ABD2E7S4				Daubentonia madagascariensis (Aye-aye) (Sciurus madagascariensis)	766	Inferred from homology
S9	A4IHZ7		NP_001096336.1	dpp8	Xenopus tropicalis (Western clawed frog) (Silurana tropicalis)	888	Evidence at transcript level
S9	B2AF75		XP_001904314.1		Podospora anserina (strain S / ATCC MYA-4624 / DSM 980 / FGSC 10383) (Pleurage anserina)	339	Inferred from homology
S9	B5DE44		NP_001128703.1	dpp8.S	Xenopus laevis (African clawed frog)	888	Evidence at transcript level
S9	E1ZHU4		XP_005846767.1		Chlorella variabilis (Green alga)	1181	Inferred from homology
S9	F6ZEU9	S09.019;	XP_001374989.2	DPP9	Monodelphis domestica (Gray short-tailed opossum)	891	Inferred from homology
S9	F7CLQ0	S09.004;		APEH	Ornithorhynchus anatinus (Duckbill platypus)	760	Inferred from homology
S9	F7D0P2	S09.003;		DPP4	Monodelphis domestica (Gray short-tailed opossum)	761	Inferred from homology
S9	F7DCE5	S09.004;		APEH	Monodelphis domestica (Gray short-tailed opossum)	766	Inferred from homology
S9	G1PDT8			FAP	Myotis lucifugus (Little brown bat)	766	Predicted
S9	G3H8F2		XP_003500396.1	Apeh	Cricetulus griseus (Chinese hamster) (Cricetulus barabensis griseus)	732	Inferred from homology
S9	G3JMH5		XP_006672475.1		Cordyceps militaris (strain CM01) (Caterpillar fungus)	1013	Inferred from homology
S9	G3U0H8			APEH	Loxodonta africana (African elephant)	734	Inferred from homology
S9	G3VWI8	S09.019;	XP_031803671.1	DPP9	Sarcophilus harrisii (Tasmanian devil) (Sarcophilus laniarius)	891	Inferred from homology
S9	G3X023		XP_031816435.1	FAP	Sarcophilus harrisii (Tasmanian devil) (Sarcophilus laniarius)	759	Predicted
S9	H0VKG5			FAP	Cavia porcellus (Guinea pig)	725	Predicted
S9	H0X5I7			APEH	Otolemur garnettii (Small-eared galago) (Garnett's greater bushbaby)	733	Inferred from homology
S9	H0YRA8			DPP9	Taeniopygia guttata (Zebra finch) (Poephila guttata)	831	Inferred from homology
S9	H0Z3Y4			LOC100219182	Taeniopygia guttata (Zebra finch) (Poephila guttata)	858	Inferred from homology
S9	H9GLA0	S09.003;			Anolis carolinensis (Green anole) (American chameleon)	561	Inferred from homology
S9	L5JZX8	S09.003;			Pteropus alecto (Black flying fox)	502	Inferred from homology
S9	L5LQ33	S09.003;			Myotis davidii (David's myotis)	748	Evidence at protein level
S9	N4W5I9	S09.006;		DAPB	Colletotrichum orbiculare (strain 104-T / ATCC 96160 / CBS 514.97 / LARS 414 / MAFF 240422) (Cucumber anthracnose fungus) (Colletotrichum lagenarium)	931	Inferred from homology
S9	N4XWG8		XP_014084660.1		Cochliobolus heterostrophus (strain C4 / ATCC 48331 / race T) (Southern corn leaf blight fungus) (Bipolaris maydis)	782	Inferred from homology
S9	Q59M48	S09.005;	XP_710806.1	STE13	Candida albicans (strain SC5314 / ATCC MYA-2876) (Yeast)	930	Inferred from homology
S9	U3DL45		XP_035110971.1	DPP6	Callithrix jacchus (White-tufted-ear marmoset) (Simia Jacchus)	803	Evidence at transcript level
S9	U3J2S0	S09.019;		DPP9	Anas platyrhynchos platyrhynchos (Northern mallard)	892	Inferred from homology
S9	W6Q874	S09.006;		dapB	Penicillium roqueforti (strain FM164)	863	Inferred from homology
S9	A0A066XXW3				Colletotrichum sublineola (Sorghum anthracnose fungus)	779	Inferred from homology
S9	A0A084B493				Stachybotrys chartarum (strain CBS 109288 / IBT 7711) (Toxic black mold) (Stilbospora chartarum)	778	Inferred from homology
S9	A0A091DKI3				Fukomys damarensis (Damaraland mole rat) (Cryptomys damarensis)	218	Inferred from homology
S9	A0A0B4FFC4	S09.008;			Metarhizium anisopliae (strain ARSEF 549)	790	Inferred from homology
S9	A0A0B4GFI2				Metarhizium guizhouense (strain ARSEF 977)	789	Inferred from homology
S9	A0A0C4DSS5				Magnaporthiopsis poae (strain ATCC 64411 / 73-15) (Kentucky bluegrass fungus) (Magnaporthe poae)	781	Inferred from homology
S9	A0A0C9QQU5	S09.A65;	XP_011310369.1	VDDP4_2	Fopius arisanus	878	Inferred from homology
S9	A0A0D9R2I4			DPP6	Chlorocebus sabaeus (Green monkey) (Simia sabaea)	803	Inferred from homology
S9	A0A0D9RR27			APEH	Chlorocebus sabaeus (Green monkey) (Simia sabaea)	757	Inferred from homology
S9	A0A0D9RSX7			FAP	Chlorocebus sabaeus (Green monkey) (Simia sabaea)	760	Predicted
S9	A0A0F8AWT6			DAPB	Ceratocystis fimbriata f. sp. platani	912	Inferred from homology
S9	A0A0G4N831				Verticillium longisporum (Verticillium dahliae var. longisporum)	1889	Inferred from homology
S9	A0A0G4P1Y5				Penicillium camemberti (strain FM 013)	910	Inferred from homology
S9	A0A0L0NCH6				Tolypocladium ophioglossoides (strain CBS 100239) (Snaketongue truffleclub) (Elaphocordyceps ophioglossoides)	775	Inferred from homology
S9	A0A0N0DFP6				Fusarium langsethiae	780	Inferred from homology
S9	A0A0P9A5S7			Dana\GF15695	Drosophila ananassae (Fruit fly)	952	Inferred from homology
S9	A0A0V1HZB8			THOC3	Trichinella zimbabwensis	5590	Inferred from homology
S9	A0A151M097				Alligator mississippiensis (American alligator)	967	Inferred from homology
S9	A0A162VSQ5			DAPB	Didymella rabiei (Chickpea ascochyta blight fungus) (Mycosphaerella rabiei)	910	Inferred from homology
S9	A0A166Y6Z0				Colletotrichum tofieldiae	778	Inferred from homology
S10	P10619	S10.002;	NP_000299.3	CTSA	Homo sapiens (Human)	480	Evidence at protein level
S10	P09620	S10.007;	NP_011312.1	KEX1	Saccharomyces cerevisiae (strain ATCC 204508 / S288c) (Baker's yeast)	729	Evidence at protein level
S10	P16675	S10.002;	NP_001033581.1	Ctsa	Mus musculus (Mouse)	474	Evidence at protein level
S10	P38109	S10.A49;	NP_009697.3	ATG42	Saccharomyces cerevisiae (strain ATCC 204508 / S288c) (Baker's yeast)	508	Evidence at protein level
S10	Q8RUW5	S10.A14;	NP_850034.1	SCPL8	Arabidopsis thaliana (Mouse-ear cress)	433	Evidence at protein level
S10	P00729	S10.001;	NP_014026.1	PRC1	Saccharomyces cerevisiae (strain ATCC 204508 / S288c) (Baker's yeast)	532	Evidence at protein level
S10	Q9M099	S10.015;	NP_194790.1	SCPL24	Arabidopsis thaliana (Mouse-ear cress)	465	Evidence at protein level
S10	Q8VZU3	S10.A18;	NP_568215.2	SCPL19	Arabidopsis thaliana (Mouse-ear cress)	465	Evidence at protein level
S10	O13849	S10.A66;	NP_594425.1	cpy1	Schizosaccharomyces pombe (strain 972 / ATCC 24843) (Fission yeast)	1002	Evidence at protein level
S10	P32825	S10.012;	NP_593043.1	sxa2	Schizosaccharomyces pombe (strain 972 / ATCC 24843) (Fission yeast)	507	Evidence at transcript level
S10	A0A0C3VJP4	S10.A41;		SCP1	Medicago truncatula (Barrel medic) (Medicago tribuloides)	495	Evidence at protein level
S10	P08819	S10.005;S10.A43;		CBP2	Triticum aestivum (Wheat)	444	Evidence at protein level
S10	Q9H3G5	S10.003;	NP_001334981.1	CPVL	Homo sapiens (Human)	476	Evidence at protein level
S10	Q9HB40	S10.013;	NP_067639.1	SCPEP1	Homo sapiens (Human)	452	Evidence at protein level
S10	Q8H780	S10.004;	NP_001031402.1	SCPL13	Arabidopsis thaliana (Mouse-ear cress)	430	Evidence at transcript level
S10	Q920A5	S10.013;	NP_083299.3	Scpep1	Mus musculus (Mouse)	452	Evidence at protein level
S10	O64810	S10.A13;	NP_001324624.1	SCPL10	Arabidopsis thaliana (Mouse-ear cress)	437	Evidence at transcript level
S10	Q920A6	S10.013;	NP_596874.1	Scpep1	Rattus norvegicus (Rat)	452	Evidence at transcript level
S10	O64811	S10.A12;	NP_179884.1	SCPL9	Arabidopsis thaliana (Mouse-ear cress)	437	Evidence at transcript level
S10	D4AIF1	S10.016;	XP_003017169.1	SCPA	Arthroderma benhamiae (strain ATCC MYA-4681 / CBS 112371) (Trichophyton mentagrophytes)	652	Inferred from homology
S10	D4DD24	S10.016;	XP_003020871.1	SCPA	Trichophyton verrucosum (strain HKI 0517)	652	Inferred from homology
S10	Q2UPI1	S10.007;	XP_001818536.1	kex1	Aspergillus oryzae (strain ATCC 42149 / RIB 40) (Yellow koji mold)	625	Inferred from homology
S10	Q96VC4	S10.001;	XP_663046.1	cpyA	Emericella nidulans (strain FGSC A4 / ATCC 38163 / CBS 112.46 / NRRL 194 / M139) (Aspergillus nidulans)	552	Inferred from homology
S10	P52710	S10.001;	XP_002490128.1	PRC1	Komagataella phaffii (strain GS115 / ATCC 20864) (Yeast) (Pichia pastoris)	523	Evidence at protein level
S10	C5FW30	S10.016;	XP_002844969.1	SCPA	Arthroderma otae (strain ATCC MYA-4605 / CBS 113480) (Microsporum canis)	651	Inferred from homology
S10	P42660	S10.003;		VCP	Aedes aegypti (Yellowfever mosquito) (Culex aegypti)	471	Evidence at protein level
S10	Q5AFP8	S10.007;	XP_720314.1	KEX1	Candida albicans (strain SC5314 / ATCC MYA-2876) (Yeast)	702	Inferred from homology
S10	O82229	S10.A30;	NP_001318279.1	SCPL23	Arabidopsis thaliana (Mouse-ear cress)	454	Evidence at transcript level
S10	P37890	S10.004;		CBP1	Oryza sativa subsp. japonica (Rice)	510	Evidence at transcript level
S10	Q0WRX3	S10.A41;	NP_191906.1	SCPL40	Arabidopsis thaliana (Mouse-ear cress)	502	Evidence at transcript level
S10	Q56WF8	S10.A46;	NP_190087.1	SCPL48	Arabidopsis thaliana (Mouse-ear cress)	510	Evidence at transcript level
S10	Q8VY01	S10.A42;	NP_850212.1	SCPL46	Arabidopsis thaliana (Mouse-ear cress)	465	Evidence at transcript level
S10	Q949Q7	S10.A32;	NP_567854.1	SCPL29	Arabidopsis thaliana (Mouse-ear cress)	479	Evidence at transcript level
S10	Q9CAU1	S10.A05;	NP_177471.1	SCPL3	Arabidopsis thaliana (Mouse-ear cress)	441	Evidence at transcript level
S10	Q9CAU3	S10.A07;S10.A16;	NP_001322525.1	SCPL2	Arabidopsis thaliana (Mouse-ear cress)	441	Evidence at transcript level
S10	Q9FH05	S10.A21;	NP_199039.1	SCPL42	Arabidopsis thaliana (Mouse-ear cress)	473	Evidence at transcript level
S10	Q9MAR8	S10.A25;	NP_175046.1	SCPL44	Arabidopsis thaliana (Mouse-ear cress)	479	Evidence at transcript level
S10	Q9SV04	S10.A37;	NP_190768.1	SCPL36	Arabidopsis thaliana (Mouse-ear cress)	482	Evidence at transcript level
S10	Q0WPR4	S10.A39;	NP_001078616.1	SCPL34	Arabidopsis thaliana (Mouse-ear cress)	499	Evidence at transcript level
S10	Q1PF08	S10.A35;	NP_001077950.1	SCPL22	Arabidopsis thaliana (Mouse-ear cress)	464	Evidence at transcript level
S10	Q3MI05	S10.002;	NP_001030403.1	CTSA	Bos taurus (Bovine)	479	Evidence at transcript level
S10	Q84W27	S10.A33;	NP_001323740.1	SCPL43	Arabidopsis thaliana (Mouse-ear cress)	442	Evidence at transcript level
S10	Q8L7B2	S10.A11;	NP_193027.5	SCPL20	Arabidopsis thaliana (Mouse-ear cress)	497	Evidence at transcript level
S10	Q8S8P0	S10.A47;		SCPL52	Arabidopsis thaliana (Mouse-ear cress)	184	Uncertain
S10	Q93Y09	S10.A24;	NP_564298.1	SCPL45	Arabidopsis thaliana (Mouse-ear cress)	461	Evidence at transcript level
S10	Q9C7Z9	S10.A01;	NP_001319134.1	SCPL18	Arabidopsis thaliana (Mouse-ear cress)	464	Evidence at transcript level
S10	Q9D3S9	S10.003;	NP_001276642.1	Cpvl	Mus musculus (Mouse)	478	Evidence at transcript level
S10	Q9SFB5	S10.A23;	NP_187456.1	SCPL27	Arabidopsis thaliana (Mouse-ear cress)	459	Evidence at transcript level
S10	Q9SV02	S10.A38;	NP_190770.1	SCPL39	Arabidopsis thaliana (Mouse-ear cress)	501	Evidence at transcript level
S10	O04084	S10.A36;	NP_172575.2	SCPL31	Arabidopsis thaliana (Mouse-ear cress)	492	Evidence at transcript level
S10	P37891	S10.009;		CBP3	Oryza sativa subsp. japonica (Rice)	500	Evidence at transcript level
S10	Q2V465	S10.A08;	NP_001031401.1	SCPL11	Arabidopsis thaliana (Mouse-ear cress)	433	Evidence at transcript level
S10	Q8S8K6	S10.A28;	NP_181120.2	SCPL28	Arabidopsis thaliana (Mouse-ear cress)	462	Evidence at transcript level
S10	Q9CAU2	S10.A03;	NP_001319372.1	SCPL5	Arabidopsis thaliana (Mouse-ear cress)	438	Evidence at transcript level
S10	Q9FH06	S10.A22;	NP_001318730.1	SCPL41	Arabidopsis thaliana (Mouse-ear cress)	469	Evidence at transcript level
S10	Q09991	S10.A58;	NP_001379755.1	ctsa-4.1	Caenorhabditis elegans	470	Inferred from homology
S10	Q54VW1	S10.A68;	XP_641244.1		Dictyostelium discoideum (Social amoeba)	563	Inferred from homology
S10	Q5W727	S10.A20;		SCP26	Oryza sativa subsp. japonica (Rice)	482	Evidence at transcript level
S10	Q67Y83	S10.017;	NP_001031434.1	SCPL51	Arabidopsis thaliana (Mouse-ear cress)	461	Evidence at transcript level
S10	Q84WF0	S10.A31;	NP_190769.1	SCPL37	Arabidopsis thaliana (Mouse-ear cress)	487	Evidence at transcript level
S10	Q8L9Y0	S10.A40;	NP_186860.1	SCPL25	Arabidopsis thaliana (Mouse-ear cress)	473	Evidence at transcript level
S10	Q9C7D4	S10.A17;	NP_566414.3	SCPL16	Arabidopsis thaliana (Mouse-ear cress)	435	Evidence at transcript level
S10	Q9CAU0	S10.A04;	NP_001320213.1	SCPL6	Arabidopsis thaliana (Mouse-ear cress)	452	Evidence at transcript level
S10	Q9CAU4	S10.A06;	NP_177474.1	SCPL4	Arabidopsis thaliana (Mouse-ear cress)	441	Evidence at transcript level
S10	Q9LSM9	S10.A20;	NP_188343.1	SCPL33	Arabidopsis thaliana (Mouse-ear cress)	478	Evidence at transcript level
S10	Q9LSV8	S10.A10;	NP_001319641.1	SCPL21	Arabidopsis thaliana (Mouse-ear cress)	494	Evidence at transcript level
S10	Q9M9Q6	S10.003;	NP_172953.1	SCPL50	Arabidopsis thaliana (Mouse-ear cress)	444	Evidence at transcript level
S10	O23364	S10.A27;	NP_193246.2	SCPL30	Arabidopsis thaliana (Mouse-ear cress)	488	Evidence at transcript level
S10	O81009	S10.A09;	NP_179876.1	SCPL12	Arabidopsis thaliana (Mouse-ear cress)	435	Evidence at transcript level
S10	P32826	S10.A45;	NP_187652.1	SCPL49	Arabidopsis thaliana (Mouse-ear cress)	516	Evidence at transcript level
S10	P52712	S10.009;		CBP31	Oryza sativa subsp. japonica (Rice)	429	Evidence at transcript level
S10	P52716	S10.A65;	NP_495509.1	ctsa-3.1	Caenorhabditis elegans	574	Evidence at protein level
S10	Q4PSY2	S10.A26;	NP_176308.2	SCPL32	Arabidopsis thaliana (Mouse-ear cress)	463	Evidence at transcript level
S10	Q8RWJ6	S10.A07;	NP_198467.2	SCPL1	Arabidopsis thaliana (Mouse-ear cress)	441	Evidence at transcript level
S10	Q9C7D2	S10.A02;	NP_187832.2	SCPL15	Arabidopsis thaliana (Mouse-ear cress)	436	Evidence at transcript level
S10	Q9C7D3	S10.A02;	NP_187831.1	SCPL14	Arabidopsis thaliana (Mouse-ear cress)	435	Evidence at transcript level
S10	Q9C7D6	S10.A19;	NP_187828.1	SCPL17	Arabidopsis thaliana (Mouse-ear cress)	437	Evidence at transcript level
S10	Q9FFB0	S10.A44;	NP_197689.1	SCPL47	Arabidopsis thaliana (Mouse-ear cress)	505	Evidence at transcript level
S10	Q9LEY1	S10.A34;	NP_196443.1	SCPL35	Arabidopsis thaliana (Mouse-ear cress)	480	Evidence at transcript level
S10	Q9SQX6	S10.A15;	NP_187656.1	SCPL7	Arabidopsis thaliana (Mouse-ear cress)	437	Evidence at transcript level
S10	Q9ZQQ0	S10.A43;	NP_181121.1	SCPL26	Arabidopsis thaliana (Mouse-ear cress)	452	Evidence at transcript level
S10	Q9ZUG3	S10.A29;	NP_178642.1	SCPL38	Arabidopsis thaliana (Mouse-ear cress)	487	Evidence at transcript level
S10	A5DAT0	S10.007;		KEX1	Meyerozyma guilliermondii (strain ATCC 6260 / CBS 566 / DSM 6381 / JCM 1539 / NBRC 10279 / NRRL Y-324) (Yeast) (Candida guilliermondii)	656	Inferred from homology
S10	A7TLB3	S10.007;	XP_001644846.1	KEX1	Vanderwaltozyma polyspora (strain ATCC 22028 / DSM 70294 / BCRC 21397 / CBS 2163 / NBRC 10782 / NRRL Y-8283 / UCD 57-17) (Kluyveromyces polysporus)	713	Inferred from homology
S10	B0XQ16			kex1	Aspergillus fumigatus (strain CBS 144.89 / FGSC A1163 / CEA10) (Neosartorya fumigata)	632	Inferred from homology
S10	C5DLM9	S10.007;	XP_002555127.1	KEX1	Lachancea thermotolerans (strain ATCC 56472 / CBS 6340 / NRRL Y-8284) (Yeast) (Kluyveromyces thermotolerans)	745	Inferred from homology
S10	C5FGX1	S10.016;	XP_002849891.1	SCPB	Arthroderma otae (strain ATCC MYA-4605 / CBS 113480) (Microsporum canis)	655	Inferred from homology
S10	C5MFP8	S10.007;	XP_002550593.1	KEX1	Candida tropicalis (strain ATCC MYA-3404 / T1) (Yeast)	707	Inferred from homology
S10	D4ASE6	S10.001;	XP_003014599.1		Arthroderma benhamiae (strain ATCC MYA-4681 / CBS 112371) (Trichophyton mentagrophytes)	486	Inferred from homology
S10	D5G4B1	S10.007;	XP_002835233.1	KEX1	Tuber melanosporum (strain Mel28) (Perigord black truffle)	625	Inferred from homology
S10	E3L8A5	S10.007;	XP_003337199.2	KEX1	Puccinia graminis f. sp. tritici (strain CRL 75-36-700-3 / race SCCL) (Black stem rust fungus)	656	Inferred from homology
S10	E9CS37		XP_003070320.2	KEX1	Coccidioides posadasii (strain RMSCC 757 / Silveira) (Valley fever fungus)	641	Inferred from homology
S10	E9E1Z2			KEX1	Metarhizium acridum (strain CQMa 102)	616	Inferred from homology
S10	Q5BDJ6	C98.001;	XP_658988.2	kex1	Emericella nidulans (strain FGSC A4 / ATCC 38163 / CBS 112.46 / NRRL 194 / M139) (Aspergillus nidulans)	631	Inferred from homology
S10	Q6CFP3	S10.007;		KEX1	Yarrowia lipolytica (strain CLIB 122 / E 150) (Yeast) (Candida lipolytica)	614	Inferred from homology
S10	Q6FTM9	S10.007;	XP_446415.1	KEX1	Candida glabrata (strain ATCC 2001 / BCRC 20586 / JCM 3761 / NBRC 0622 / NRRL Y-65 / CBS 138) (Yeast) (Nakaseomyces glabratus)	730	Inferred from homology
S10	A0A1L9WN42		XP_020053923.1	acuI	Aspergillus aculeatus (strain ATCC 16872 / CBS 172.66 / WB 5094)	553	Inferred from homology
S10	A1CQL5	S10.007;	XP_001269362.1	kex1	Aspergillus clavatus (strain ATCC 1007 / CBS 513.65 / DSM 816 / NCTC 3887 / NRRL 1 / QM 1276 / 107)	613	Inferred from homology
S10	A1DP75	S10.001;	XP_001258493.1	cpyA	Neosartorya fischeri (strain ATCC 1020 / DSM 3700 / CBS 544.65 / FGSC A1164 / JCM 1740 / NRRL 181 / WB 181) (Aspergillus fischerianus)	543	Inferred from homology
S10	A4RPY8	S10.001;	XP_003710561.1	CPYA	Pyricularia oryzae (strain 70-15 / ATCC MYA-4617 / FGSC 8958) (Rice blast fungus) (Magnaporthe oryzae)	552	Inferred from homology
S10	A5AB21	S10.001;	XP_001392987.1	cpyA	Aspergillus niger (strain ATCC MYA-4892 / CBS 513.88 / FGSC A1513)	557	Inferred from homology
S10	A5E751	S10.007;		KEX1	Lodderomyces elongisporus (strain ATCC 11503 / CBS 2605 / JCM 1781 / NBRC 1676 / NRRL YB-4239) (Yeast) (Saccharomyces elongisporus)	702	Inferred from homology
S10	B6H7A4	S10.007;		kex1	Penicillium rubens (strain ATCC 28089 / DSM 1075 / NRRL 1951 / Wisconsin 54-1255) (Penicillium chrysogenum)	607	Inferred from homology
S10	B6HPP6	S10.001;	XP_002564134.1	cpyA	Penicillium rubens (strain ATCC 28089 / DSM 1075 / NRRL 1951 / Wisconsin 54-1255) (Penicillium chrysogenum)	550	Inferred from homology
S10	C5FTV7	S10.007;	XP_002846260.1	KEX1	Arthroderma otae (strain ATCC MYA-4605 / CBS 113480) (Microsporum canis)	636	Inferred from homology
S10	C5FWJ1	S10.001;	XP_002845130.1	CPYA	Arthroderma otae (strain ATCC MYA-4605 / CBS 113480) (Microsporum canis)	541	Inferred from homology
S10	C5GEU5	S10.001;		CPYA	Ajellomyces dermatitidis (strain ER-3 / ATCC MYA-2586) (Blastomyces dermatitidis)	545	Inferred from homology
S10	C5K1Y9	S10.001;	XP_002620806.1	CPYA	Blastomyces gilchristii (strain SLH14081) (Blastomyces dermatitidis)	545	Inferred from homology
S10	C7YQJ2	S10.001;	XP_003051746.1	CPYA	Fusarium vanettenii (strain ATCC MYA-4622 / CBS 123669 / FGSC 9596 / NRRL 45880 / 77-13-4) (Fusarium solani subsp. pisi)	537	Inferred from homology
S10	D4B5L8	S10.007;	XP_003010019.1	KEX1	Arthroderma benhamiae (strain ATCC MYA-4681 / CBS 112371) (Trichophyton mentagrophytes)	596	Inferred from homology
S10	D4DLI1	S10.001;	XP_003017935.1	cpyA	Trichophyton verrucosum (strain HKI 0517)	543	Inferred from homology
S10	P11515	S10.009;		CBP3	Triticum aestivum (Wheat)	500	Evidence at transcript level
S10	Q4WTK9	S10.007;		kex1	Aspergillus fumigatus (strain ATCC MYA-4609 / CBS 101355 / FGSC A1100 / Af293) (Neosartorya fumigata)	632	Inferred from homology
S10	A6RUD7	S10.001;		CPYA	Botryotinia fuckeliana (strain B05.10) (Noble rot fungus) (Botrytis cinerea)	546	Inferred from homology
S10	A7F4H5	S10.001;	XP_001586513.1	cpyA	Sclerotinia sclerotiorum (strain ATCC 18683 / 1980 / Ss-1) (White mold) (Whetzelinia sclerotiorum)	546	Inferred from homology
S10	A8NYP0	S10.007;	XP_001837480.1	KEX1	Coprinopsis cinerea (strain Okayama-7 / 130 / ATCC MYA-4618 / FGSC 9003) (Inky cap fungus) (Hormographiella aspergillata)	618	Inferred from homology
S10	B2B762	S10.007;	XP_001911812.1	KEX1	Podospora anserina (strain S / ATCC MYA-4624 / DSM 980 / FGSC 10383) (Pleurage anserina)	585	Inferred from homology
S10	B6K7U7	S10.A67;	XP_002175894.1	kex1	Schizosaccharomyces japonicus (strain yFS275 / FY16936) (Fission yeast)	522	Inferred from homology
S10	B6QAN5	S10.001;		cpyA	Talaromyces marneffei (strain ATCC 18224 / CBS 334.59 / QM 7333) (Penicillium marneffei)	555	Inferred from homology
S10	B6QQZ9	S10.007;		kex1	Talaromyces marneffei (strain ATCC 18224 / CBS 334.59 / QM 7333) (Penicillium marneffei)	626	Inferred from homology
S10	B8M044	S10.001;	XP_002478104.1	cpyA	Talaromyces stipitatus (strain ATCC 10500 / CBS 375.48 / QM 6759 / NRRL 1006) (Penicillium stipitatum)	553	Inferred from homology
S10	B9WJJ7	S10.007;	XP_002421307.1	KEX1	Candida dubliniensis (strain CD36 / ATCC MYA-646 / CBS 7987 / NCPF 3949 / NRRL Y-17841) (Yeast)	686	Inferred from homology
S10	C1G2I2	S10.007;	XP_010757777.1	KEX1	Paracoccidioides brasiliensis (strain Pb18)	635	Inferred from homology
S10	C1GXD8	S10.001;	XP_002794967.1	CPYA	Paracoccidioides lutzii (strain ATCC MYA-826 / Pb01) (Paracoccidioides brasiliensis)	550	Inferred from homology
S10	C4JNM2	S10.001;	XP_002543504.1	cpyA	Uncinocarpus reesii (strain UAMH 1704)	541	Inferred from homology
S10	C4JTD3	S10.007;	XP_002585033.1	KEX1	Uncinocarpus reesii (strain UAMH 1704)	638	Inferred from homology
S10	C4QZV7	S10.007;	XP_002491061.1	KEX1	Komagataella phaffii (strain GS115 / ATCC 20864) (Yeast) (Pichia pastoris)	623	Inferred from homology
S10	C4YTG0	S10.007;		KEX1	Candida albicans (strain WO-1) (Yeast)	702	Inferred from homology
S10	D4ANB6		XP_003016322.1		Arthroderma benhamiae (strain ATCC MYA-4681 / CBS 112371) (Trichophyton mentagrophytes)	508	Evidence at protein level
S10	D4AZ71	S10.001;	XP_003012231.1	CPYA	Arthroderma benhamiae (strain ATCC MYA-4681 / CBS 112371) (Trichophyton mentagrophytes)	543	Inferred from homology
S10	D4B0Q6	S10.014;	XP_003011803.1		Arthroderma benhamiae (strain ATCC MYA-4681 / CBS 112371) (Trichophyton mentagrophytes)	497	Inferred from homology
S10	E9ESM3	S10.007;	XP_007819158.1	KEX1	Metarhizium robertsii (strain ARSEF 23 / ATCC MYA-3075) (Metarhizium anisopliae (strain ARSEF 23))	616	Inferred from homology
S10	Q2GYB7	S10.007;	XP_001224693.1	KEX1	Chaetomium globosum (strain ATCC 6205 / CBS 148.51 / DSM 1962 / NBRC 6347 / NRRL 1970) (Soil fungus)	643	Inferred from homology
S10	Q5VJG9	S10.001;		cpyA	Aspergillus fumigatus (strain ATCC MYA-4609 / CBS 101355 / FGSC A1100 / Af293) (Neosartorya fumigata)	543	Inferred from homology
S10	A2QPW5			kex1	Aspergillus niger (strain ATCC MYA-4892 / CBS 513.88 / FGSC A1513)	612	Inferred from homology
S10	A4RE47	S10.007;	XP_003718218.1	KEX1	Pyricularia oryzae (strain 70-15 / ATCC MYA-4617 / FGSC 8958) (Rice blast fungus) (Magnaporthe oryzae)	634	Inferred from homology
S10	B2AWD5	S10.001;	XP_001908036.1	CPYA	Podospora anserina (strain S / ATCC MYA-4624 / DSM 980 / FGSC 10383) (Pleurage anserina)	554	Inferred from homology
S10	B8M719	S10.007;	XP_002480673.1	kex1	Talaromyces stipitatus (strain ATCC 10500 / CBS 375.48 / QM 6759 / NRRL 1006) (Penicillium stipitatum)	624	Inferred from homology
S10	C1GG77	S10.001;	XP_010761848.1	CPYA	Paracoccidioides brasiliensis (strain Pb18)	550	Inferred from homology
S10	C5DT72	S10.007;	XP_002495916.1	KEX1	Zygosaccharomyces rouxii (strain ATCC 2623 / CBS 732 / NBRC 1130 / NCYC 568 / NRRL Y-229)	684	Inferred from homology
S10	C5GC75	S10.007;		KEX1	Ajellomyces dermatitidis (strain ER-3 / ATCC MYA-2586) (Blastomyces dermatitidis)	638	Inferred from homology
S10	C5JN54	S10.007;	XP_002625885.1	KEX1	Blastomyces gilchristii (strain SLH14081) (Blastomyces dermatitidis)	638	Inferred from homology
S10	C7YRS6	S10.007;	XP_003050838.1	KEX1	Fusarium vanettenii (strain ATCC MYA-4622 / CBS 123669 / FGSC 9596 / NRRL 45880 / 77-13-4) (Fusarium solani subsp. pisi)	613	Inferred from homology
S10	C9S688	S10.007;	XP_003008826.1	KEX1	Verticillium alfalfae (strain VaMs.102 / ATCC MYA-4576 / FGSC 10136) (Verticillium wilt of alfalfa) (Verticillium albo-atrum)	635	Inferred from homology
S10	D4AQ54	S10.016;	XP_003015238.1		Arthroderma benhamiae (strain ATCC MYA-4681 / CBS 112371) (Trichophyton mentagrophytes)	629	Evidence at protein level
S10	E4USS9	S10.001;	XP_003173424.1	CPYA	Arthroderma gypseum (strain ATCC MYA-4604 / CBS 118893) (Microsporum gypseum)	543	Inferred from homology
S10	E7R7R2	S10.007;	XP_013936369.1	KEX1	Ogataea parapolymorpha (strain ATCC 26012 / BCRC 20466 / JCM 22074 / NRRL Y-7560 / DL-1) (Yeast) (Hansenula polymorpha)	610	Inferred from homology
S10	Q4P8U8	S10.007;	XP_011389921.1	KEX1	Mycosarcoma maydis (Corn smut fungus) (Ustilago maydis)	657	Inferred from homology
S10	Q6CKK4	S10.007;	XP_455535.1	KEX1	Kluyveromyces lactis (strain ATCC 8585 / CBS 2359 / DSM 70799 / NBRC 1267 / NRRL Y-1140 / WM37) (Yeast) (Candida sphaerica)	642	Inferred from homology
S10	A1CUJ5	S10.001;	XP_001268408.1	cpyA	Aspergillus clavatus (strain ATCC 1007 / CBS 513.65 / DSM 816 / NCTC 3887 / NRRL 1 / QM 1276 / 107)	543	Inferred from homology
S10	A1D3I1	S10.007;	XP_001264871.1	kex1	Neosartorya fischeri (strain ATCC 1020 / DSM 3700 / CBS 544.65 / FGSC A1164 / JCM 1740 / NRRL 181 / WB 181) (Aspergillus fischerianus)	632	Inferred from homology
S10	A7EYY7	S10.007;	XP_001588107.1	kex1	Sclerotinia sclerotiorum (strain ATCC 18683 / 1980 / Ss-1) (White mold) (Whetzelinia sclerotiorum)	642	Inferred from homology
S10	B5RUL7	S10.007;	XP_002770877.1	KEX1	Debaryomyces hansenii (strain ATCC 36239 / CBS 767 / BCRC 21394 / JCM 1990 / NBRC 0083 / IGC 2968) (Yeast) (Torulaspora hansenii)	684	Inferred from homology
S10	C0NX46	S10.001;		CPYA	Ajellomyces capsulatus (strain G186AR / H82 / ATCC MYA-2454 / RMSCC 2432) (Darling's disease fungus) (Histoplasma capsulatum)	544	Inferred from homology
S10	C1GP85	S10.007;	XP_002797791.1	KEX1	Paracoccidioides lutzii (strain ATCC MYA-826 / Pb01) (Paracoccidioides brasiliensis)	640	Inferred from homology
S10	D0MVS1	S10.A68;	XP_002907170.1	KEX1	Phytophthora infestans (strain T30-4) (Potato late blight agent)	597	Inferred from homology
S10	D1ZEM2	S10.007;		KEX1	Sordaria macrospora (strain ATCC MYA-333 / DSM 997 / K(L3346) / K-hell)	654	Inferred from homology
S10	D1ZG13	S10.001;	XP_003348887.1	CPYA	Sordaria macrospora (strain ATCC MYA-333 / DSM 997 / K(L3346) / K-hell)	554	Inferred from homology
S10	D4AP52	S10.016;	XP_003015708.1	SCPB	Arthroderma benhamiae (strain ATCC MYA-4681 / CBS 112371) (Trichophyton mentagrophytes)	656	Inferred from homology
S10	E3QDT3		XP_008093041.1	KEX1	Colletotrichum graminicola (strain M1.001 / M2 / FGSC 10212) (Maize anthracnose fungus) (Glomerella graminicola)	622	Inferred from homology
S10	E3QR43		XP_008097351.1	CPYA	Colletotrichum graminicola (strain M1.001 / M2 / FGSC 10212) (Maize anthracnose fungus) (Glomerella graminicola)	545	Inferred from homology
S10	E5A7I6	S10.001;	XP_003843060.1	CPYA	Leptosphaeria maculans (strain JN3 / isolate v23.1.3 / race Av1-4-5-6-7-8) (Blackleg fungus) (Phoma lingam)	543	Inferred from homology
S10	E5R540	S10.007;		KEX1	Leptosphaeria maculans (strain JN3 / isolate v23.1.3 / race Av1-4-5-6-7-8) (Blackleg fungus) (Phoma lingam)	641	Inferred from homology
S10	E6R6G5	S10.007;	XP_003194073.1	KEX1	Cryptococcus gattii serotype B (strain WM276 / ATCC MYA-4071) (Filobasidiella gattii) (Cryptococcus bacillisporus)	687	Inferred from homology
S10	O60123	S10.A67;	NP_596758.1	kex1	Schizosaccharomyces pombe (strain 972 / ATCC 24843) (Fission yeast)	510	Inferred from homology
S10	Q1K722	S10.007;	XP_960962.3	kex1	Neurospora crassa (strain ATCC 24698 / 74-OR23-1A / CBS 708.71 / DSM 1257 / FGSC 987)	659	Inferred from homology
S10	Q2H9G6	S10.001;	XP_001229654.1	CPYA	Chaetomium globosum (strain ATCC 6205 / CBS 148.51 / DSM 1962 / NBRC 6347 / NRRL 1970) (Soil fungus)	554	Inferred from homology
S10	Q2TYA1	S10.001;	XP_001826905.1	cpyA	Aspergillus oryzae (strain ATCC 42149 / RIB 40) (Yellow koji mold)	542	Inferred from homology
S10	Q752M5	S10.007;	NP_986096.1	KEX1	Eremothecium gossypii (strain ATCC 10895 / CBS 109.51 / FGSC 9923 / NRRL Y-1056) (Yeast) (Ashbya gossypii)	599	Inferred from homology
S10	Q7RXW8	S10.001;	XP_956796.1	cpyA	Neurospora crassa (strain ATCC 24698 / 74-OR23-1A / CBS 708.71 / DSM 1257 / FGSC 987)	554	Inferred from homology
S10	P52715	S10.A55;	NP_496507.1	ctsa-1.2	Caenorhabditis elegans	454	Inferred from homology
S10	Q9FFB2	S10.A69;	NP_197687.1	SCPL54	Arabidopsis thaliana (Mouse-ear cress)	190	Uncertain
S10	P52717	S10.A59;	NP_494846.1	ctsa-1.1	Caenorhabditis elegans	469	Evidence at protein level
S10	Q869Q8	S10.003;	XP_644095.1	cpvl	Dictyostelium discoideum (Social amoeba)	500	Inferred from homology
S10	P52714	S10.A56;	NP_001364589.1	ctsa-3.2	Caenorhabditis elegans	517	Evidence at protein level
S10	Q54DY7	S10.009;	XP_629909.1		Dictyostelium discoideum (Social amoeba)	416	Inferred from homology
S10	Q9LXY6	S10.A48;	NP_191213.1	SCPL53	Arabidopsis thaliana (Mouse-ear cress)	264	Uncertain
S10	Q4QR71	S10.003;	NP_001025098.1	CPVL	Rattus norvegicus (Rat)	478	Evidence at transcript level
S10	C9WMM5	S10.003;	NP_001152775.1		Apis mellifera (Honeybee)	467	Evidence at transcript level
S10	D4AQA7	S10.014;	XP_003015291.1		Arthroderma benhamiae (strain ATCC MYA-4681 / CBS 112371) (Trichophyton mentagrophytes)	529	Evidence at protein level
S10	Q5RFE4	S10.003;	NP_001124656.1	CPVL	Pongo abelii (Sumatran orangutan) (Pongo pygmaeus abelii)	476	Evidence at transcript level
S10	D4AZG9		XP_003012079.1		Arthroderma benhamiae (strain ATCC MYA-4681 / CBS 112371) (Trichophyton mentagrophytes)	506	Inferred from homology
S10	A0A4S8JVG0				Musa balbisiana (Banana)	1555	Inferred from homology
S10	A0AAN6RKW1				Pseudopithomyces chartarum	960	Inferred from homology
S10	A0A498I8H6				Malus domestica (Apple) (Pyrus malus)	2321	Inferred from homology
S10	A0AAD9MEU0			COQ3	Phyllachora maydis	842	Inferred from homology
S10	A0AAN9Y6X2				Parthenolecanium corni	4747	Inferred from homology
S10	A0A9W8LQ77			ALA1	Coemansia interrupta	1767	Inferred from homology
S10	A0A1V6TJY3				Penicillium steckii	1724	Inferred from homology
S10	A0A9N9BPP7				Ambispora leptoticha	1206	Inferred from homology
S10	Q6PHJ3	S10.002;	NP_956844.1	ctsa	Danio rerio (Zebrafish) (Brachydanio rerio)	471	Evidence at protein level
S10	A0A7I2V4D1			CTSA	Homo sapiens (Human)	363	Evidence at protein level
S10	A0A7I2V4K5			CTSA	Homo sapiens (Human)	450	Evidence at protein level
S10	C9JLV0			CPVL	Homo sapiens (Human)	244	Evidence at protein level
S10	I3L506			SCPEP1	Homo sapiens (Human)	95	Evidence at protein level
S10	A0A7I2V3B2			CTSA	Homo sapiens (Human)	389	Evidence at protein level
S10	C9JI22			CPVL	Homo sapiens (Human)	141	Evidence at protein level
S10	U3KQU6			CTSA	Homo sapiens (Human)	231	Evidence at protein level
S10	A0A7I2V4Q9			CTSA	Homo sapiens (Human)	215	Evidence at protein level
S10	A0A7I2YQT8			CTSA	Homo sapiens (Human)	371	Evidence at protein level
S10	C9J6L4			CPVL	Homo sapiens (Human)	100	Evidence at protein level
S10	I3L4Z3			SCPEP1	Homo sapiens (Human)	176	Evidence at protein level
S10	Q5JZH0			CTSA	Homo sapiens (Human)	392	Evidence at protein level
S10	X6R5C5		NP_001161066.2	CTSA	Homo sapiens (Human)	481	Evidence at protein level
S10	A0A7I2V2E2			CTSA	Homo sapiens (Human)	236	Evidence at protein level
S10	A0A7I2V3M2			CTSA	Homo sapiens (Human)	203	Evidence at protein level
S10	A0A7I2V4R8			CTSA	Homo sapiens (Human)	260	Evidence at protein level
S10	X6R8A1	S10.002;	NP_000299.3	CTSA	Homo sapiens (Human)	498	Evidence at protein level
S10	A0A015KMZ8	S10.007;			Rhizophagus irregularis (strain DAOM 197198w) (Glomus intraradices)	580	Inferred from homology
S10	A0A084QR17				Stachybotrys chlorohalonatus (strain IBT 40285)	609	Inferred from homology
S10	A0A0A2KDX7				Penicillium italicum (Blue mold)	606	Inferred from homology
S10	A0A0B7NLX1	S10.007;		PARPA_12706.1 scaffold 45263	Parasitella parasitica	661	Inferred from homology
S10	A0A0C2T3F7	S10.007;			Amanita muscaria (strain Koide BX008)	627	Inferred from homology
S10	A0A0C2Y9K9	S10.007;			Hebeloma cylindrosporum	606	Inferred from homology
S10	A0A0C3DPM5	S10.007;			Scleroderma citrinum Foug A	610	Inferred from homology
S10	A0A0D2D7Z1		XP_016259484.1		Exophiala oligosperma	620	Inferred from homology
S10	A0A0D2FVL8				Phialophora macrospora	609	Inferred from homology
S10	A0A0F4YVT4	S10.016;	XP_013328578.1		Rasamsonia emersonii (strain ATCC 16479 / CBS 393.64 / IMI 116815)	1332	Inferred from homology
S10	A0A0F4Z9J1	S10.007;			Thielaviopsis punctulata	618	Inferred from homology
S10	A0A0F7TQP4				Penicillium brasilianum	617	Inferred from homology
S10	A0A0F8AYL9			KEX1_2	Ceratocystis fimbriata f. sp. platani	639	Inferred from homology
S10	A0A0G4LCN0				Verticillium longisporum (Verticillium dahliae var. longisporum)	635	Inferred from homology
S10	A0A0G4MPT4				Verticillium longisporum (Verticillium dahliae var. longisporum)	1072	Inferred from homology
S10	A0A0U5FX10				Aspergillus calidoustus	579	Inferred from homology
S10	A0A101MK47			kex1	Penicillium freii	614	Inferred from homology
S10	A0A165KC42				Calocera cornea HHB12733	618	Inferred from homology
S10	A0A178ZCD3		XP_018690785.1		Fonsecaea erecta	609	Inferred from homology
S10	A0A1C1C8C6			KEX1	Cladophialophora carrionii	609	Inferred from homology
S10	A0A1E3BL92				Aspergillus cristatus (Chinese Fuzhuan brick tea-fermentation fungus) (Eurotium cristatum)	631	Inferred from homology
S10	A0A1E5RME1				Hanseniaspora opuntiae	719	Inferred from homology
S10	A0A1E5RQJ1				Hanseniaspora uvarum (Yeast) (Kloeckera apiculata)	715	Inferred from homology
S10	A0A1L9P852		XP_040663454.1		Aspergillus versicolor CBS 583.65	636	Inferred from homology
S10	A0A1Q3EGU5				Lentinula edodes (Shiitake mushroom) (Lentinus edodes)	1183	Inferred from homology
S10	A0A1R1YFX9				Smittium culicis	1004	Inferred from homology
S10	A0A1R3IW35				Corchorus capsularis (Jute)	1072	Inferred from homology
S10	A0A1X2G3R2				Hesseltinella vesiculosa	668	Inferred from homology
S10	A0A1Y2ITT0				Trametes coccinea (strain BRFM310) (Pycnoporus coccineus)	615	Inferred from homology
S10	A0A1Z5TEA2				Hortaea werneckii EXF-2000	1371	Inferred from homology
S10	A0A2C5Z5U0				Ophiocordyceps camponoti-rufipedis	615	Inferred from homology
S10	A0A2G4SV74		XP_023466385.1		Rhizopus microsporus ATCC 52813	640	Inferred from homology
S10	A0A2J5HU46				Aspergillus taichungensis	837	Inferred from homology
S10	A0A2N1JD23		XP_056062407.1	KEX1	Malassezia vespertilionis	599	Inferred from homology
S10	A0A2N3N041				Lomentospora prolificans	638	Inferred from homology
S10	A0A2P4Y8H4				Phytophthora palmivora	968	Inferred from homology
S10	A0A2S4Q129				Erysiphe pulchra	628	Inferred from homology
S10	A0A318ZRM9		XP_025432592.1		Aspergillus saccharolyticus JOP 1030-1	809	Inferred from homology
S10	A0A370Q1N9				Aspergillus phoenicis ATCC 13157	823	Inferred from homology
S10	A0A409V931				Panaeolus cyanescens	624	Inferred from homology
S10	A0A420I7P4				Erysiphe neolycopersici	650	Inferred from homology
S10	A0A420YNE4			KEX1	Coniochaeta pulveracea	639	Inferred from homology
S10	A0A439D589				Xylaria grammica	620	Inferred from homology
S10	A0A498IAR1				Malus domestica (Apple) (Pyrus malus)	1670	Inferred from homology
S10	A0A4Q4S6C2				Alternaria arborescens	643	Inferred from homology
S10	A0A4R8PXP0			KEX1-0	Colletotrichum spinosum	621	Inferred from homology
S10	A0A4S4D5U7				Camellia sinensis var. sinensis (China tea)	300	Inferred from homology
S10	A0A4U6XIS9			KEX1	Colletotrichum tanaceti	620	Inferred from homology
S10	A0A517LLB6			KEX1	Venturia effusa	643	Inferred from homology
S10	A0A553I6Q5				Xylaria flabelliformis	621	Inferred from homology
S10	A0A5C3MGX0				Crucibulum laeve	636	Inferred from homology
S10	A0A5E8B604		XP_031851752.1		Magnusiomyces paraingens	808	Inferred from homology
S10	A0A5J5BZC1				Nyssa sinensis	650	Inferred from homology
S10	A0A642UUJ2		XP_034012702.1		Diutina rugosa (Yeast) (Candida rugosa)	674	Inferred from homology
S10	A0A6A6RNA2				Massarina eburnea CBS 473.64	1235	Inferred from homology
S10	A0A6A7ASI3				Plenodomus tracheiphilus IPT5	1227	Inferred from homology
S10	A0A6P8AWB3		XP_030979159.1		Pyricularia grisea (Crabgrass-specific blast fungus) (Magnaporthe grisea)	634	Inferred from homology
S10	A0A7D8UKJ0			kex1	Lachnellula cervina	647	Inferred from homology
S10	A0A7R7XQN0		XP_041557801.1	KEX1	Aspergillus puulaauensis	575	Inferred from homology
S10	A0A7U2QZH5				Aspergillus flavus (strain ATCC 200026 / FGSC A1120 / IAM 13836 / NRRL 3357 / JCM 12722 / SRRC 167)	815	Inferred from homology
S10	A0A8E2DRE0				Obba rivulosa	612	Inferred from homology
S10	A0A8G1RIR9		XP_040798100.1		Aspergillus fijiensis CBS 313.89	826	Inferred from homology
S10	A0A8H3F9H6			KEX1	Alectoria fallacina	627	Inferred from homology
S10	A0A8H3VDW9			KEX1	Venturia inaequalis (Apple scab fungus)	640	Inferred from homology
S10	A0A8H5C1G7				Ephemerocybe angulata	633	Inferred from homology
S10	A0A8H7EBX4		XP_038782681.1		Alternaria burnsii	643	Inferred from homology
S10	A0A8H8QXK5		XP_031003149.1	kex1	Lachnellula hyalina	649	Inferred from homology
S10	A0A8K0RGT1				Paraphoma chrysanthemicola	1215	Inferred from homology
S10	A0A8K0XNE2				Cristinia sonorae	618	Inferred from homology
S10	A0A8T1W5P4			KEX1_2	Phytophthora pseudosyringae	1027	Inferred from homology
S10	A0A8T9BDX5			kex1	Lachnellula arida	650	Inferred from homology
S10	A0A922L8G9			DDX54_1	Dermatophagoides farinae (American house dust mite)	1058	Inferred from homology
S10	A0A9N9HM41				Cetraspora pellucida	558	Inferred from homology
S10	A0A9P5BXF2				Didymella heteroderae	963	Inferred from homology
S10	A0A9P6XBB3				Rhizopus oryzae (Mucormycosis agent) (Rhizopus arrhizus var. delemar)	633	Inferred from homology
S10	A0A9P7GHM5			KEX1	Asterophora parasitica	620	Inferred from homology
S10	A0A9P7NCR0				Claviceps pusilla	1184	Inferred from homology
S10	A0A9P7QNN5			KEX1	Claviceps aff. purpurea	628	Inferred from homology
S10	A0A9P8H960				Trichoderma semiorbis	632	Inferred from homology
S10	A0A9Q5HX30				Sanghuangporus baumii (Phellinus baumii)	1501	Inferred from homology
S10	A0A9W4K7V9				Penicillium egyptiacum	623	Inferred from homology
S10	A0A9W4SXG0				Funneliformis geosporum	531	Inferred from homology
S10	A0A9W7XQD5			KEX1	Coemansia asiatica	1141	Inferred from homology
S10	A0A9W8MNL5				Candolleomyces eurysporus	1020	Inferred from homology
S10	A0A9W8RC54			KEX1	Fusarium falciforme	613	Inferred from homology
S10	A0A9W8Y2N5			KEX1	Neocucurbitaria cava	638	Inferred from homology
S10	A0A9W9B4I9		XP_056025086.1		Trichoderma breve	632	Inferred from homology
S10	A0A9W9D1I0			KEX1	Gnomoniopsis smithogilvyi	623	Inferred from homology
S10	A0A9W9GX86				Penicillium atrosanguineum	620	Inferred from homology
S10	A0A9W9HYG5		XP_056542171.1		Penicillium canariense	634	Inferred from homology
S10	A0A9W9KNL7		XP_056479900.1		Penicillium argentinense	625	Inferred from homology
S10	A0A9W9RGW9		XP_056575387.1		Penicillium concentricum	617	Inferred from homology
S10	A0A9W9S0F1		XP_056480858.1		Penicillium cosmopolitanum	638	Inferred from homology
S10	A0A9W9WG62				Penicillium desertorum	623	Inferred from homology
S10	A0AA36D5N2				Mesorhabditis spiculigera	1079	Inferred from homology
S10	A0AAD4MBZ0				Multifurca ochricompacta	578	Inferred from homology
S10	A0AAD5M879				Pythium insidiosum (Pythiosis disease agent)	751	Inferred from homology
S10	A0AAD6BS44		XP_056759763.1		Penicillium daleae	614	Inferred from homology
S10	A0AAD6LZ26				Populus alba x Populus x berolinensis	1139	Inferred from homology
S10	A0AAE0WIE9		XP_064691060.1	KEX1	Recurvomyces mirabilis	638	Inferred from homology
S10	A0AAE1IFJ6		XP_062754929.1		Trichoderma aggressivum f. europaeum	633	Inferred from homology
S10	A0AAE1QUS9				Anisodus tanguticus	357	Inferred from homology
S10	A0AAE8SZ74				Cephalotrichum gorgonifer	616	Inferred from homology
S10	A0AAF0DBX3			KEX1	Emydomyces testavorans	643	Inferred from homology
S10	A0AAF0EG78			OLE1	Malassezia equina	1266	Inferred from homology
S10	A0AAF5CYJ3				Strongyloides stercoralis (Threadworm)	1850	Inferred from homology
S10	A0AAF5D381				Strongyloides stercoralis (Threadworm)	1280	Inferred from homology
S10	A0AAI8V8M9				Anthostomella pinea	631	Inferred from homology
S10	A0AAI9X5W7			vma2	Penicillium thymicola	1254	Inferred from homology
S10	A0AAV2YPW7				Lagenidium giganteum	1561	Inferred from homology
S10	A0ABP0CKV9			KEX1	Sporothrix bragantina	647	Inferred from homology
S10	F9XPI9	S10.007;	XP_003848214.1		Zymoseptoria tritici (strain CBS 115943 / IPO323) (Speckled leaf blotch fungus) (Septoria tritici)	636	Inferred from homology
S10	G2Q8C7	S10.007;	XP_003662275.1		Thermothelomyces thermophilus (strain ATCC 42464 / BCRC 31852 / DSM 1799) (Sporotrichum thermophile)	639	Inferred from homology
S10	J3K9T0	S10.007;	XP_001243285.1		Coccidioides immitis (strain RS) (Valley fever fungus)	641	Inferred from homology
S10	K5VB07	S10.007;	XP_007392608.1		Phanerochaete carnosa (strain HHB-10118-sp) (White-rot fungus) (Peniophora carnosa)	618	Inferred from homology
S10	L8WNN6				Thanatephorus cucumeris (strain AG1-IA) (Rice sheath blight fungus) (Rhizoctonia solani)	628	Inferred from homology
S10	M3HJ24	S10.007;			Candida maltosa (strain Xu316) (Yeast)	699	Inferred from homology
S10	Q6FIK7	S10.001;			Candida glabrata (strain ATCC 2001 / BCRC 20586 / JCM 3761 / NBRC 0622 / NRRL Y-65 / CBS 138) (Yeast) (Nakaseomyces glabratus)	508	Inferred from homology
S10	W4KE49	S10.007;	XP_009543801.1		Heterobasidion irregulare (strain TC 32-1)	607	Inferred from homology
S10	W9SEZ0				Morus notabilis	1483	Inferred from homology
S10	A0A017S8T3		XP_040636238.1		Aspergillus ruber (strain CBS 135680)	610	Inferred from homology
S10	A0A084AUJ6				Stachybotrys chartarum (strain CBS 109288 / IBT 7711) (Toxic black mold) (Stilbospora chartarum)	609	Inferred from homology
S10	A0A0C2IW96		XP_040617272.1		Sporothrix brasiliensis 5110	666	Inferred from homology
S10	A0A0D2C5R6		XP_013320845.1		Exophiala xenobiotica	625	Inferred from homology
S10	A0A0H1BCK7				Blastomyces silverae	638	Inferred from homology
S10	A0A0K0DWL4				Strongyloides stercoralis (Threadworm)	785	Inferred from homology
S10	A0A0K6G1J7				Rhizoctonia solani	1810	Inferred from homology
S10	A0A0V1Q512		XP_015469580.1		Debaryomyces fabryi	689	Inferred from homology
S10	A0A0W4ZNC7		XP_018226850.1		Pneumocystis carinii (strain B80) (Rat pneumocystis pneumonia agent) (Pneumocystis carinii f. sp. carinii)	593	Inferred from homology
S10	A0A165S7H7				Daedalea quercina L-15889	617	Inferred from homology
S10	A0A1C7N603			KEX1_1	Choanephora cucurbitarum	649	Inferred from homology
S10	A0A1F5L3R2		XP_022483312.1		Penicillium arizonense	612	Inferred from homology
S10	A0A1L9TV12		XP_040707072.1		Aspergillus sydowii CBS 593.65	636	Inferred from homology
S10	A0A1R0GZP5				Smittium mucronatum	1039	Inferred from homology
S10	A0A1T3CGP1				Trichoderma guizhouense	632	Inferred from homology
S10	A0A1U7LIW6				Neolecta irregularis (strain DAH-3)	957	Inferred from homology
S10	A0A1V6NRU7				Penicillium decumbens	620	Inferred from homology
S10	A0A1V6SPD8				Penicillium steckii	615	Inferred from homology
S10	A0A1V6Y9F8				Penicillium nalgiovense	623	Inferred from homology
S10	A0A1X2HVK7				Syncephalastrum racemosum (Filamentous fungus)	671	Inferred from homology
S10	A0A2H3JM80				Wolfiporia cocos (strain MD-104) (Brown rot fungus)	619	Inferred from homology
S10	A0A2I1FXU5				Rhizophagus irregularis	604	Inferred from homology
S10	A0A2T4A747		XP_024772571.1		Trichoderma harzianum CBS 226.95	632	Inferred from homology
S10	A0A2T9YTZ6				Smittium simulii	753	Inferred from homology
S10	A0A2T9Z1C3				Furculomyces boomerangus	834	Inferred from homology
S10	A0A2T9ZKE0				Smittium megazygosporum	694	Inferred from homology
S10	A0A2U9BF79				Scophthalmus maximus (Turbot) (Psetta maxima)	739	Inferred from homology
S10	A0A319C0W6		XP_025489866.1		Aspergillus uvarum CBS 121591	815	Inferred from homology
S10	A0A367L2C5				Ophiocordyceps polyrhachis-furcata BCC 54312	635	Inferred from homology
S10	A0A369JEP3			KEX1_1	Hypsizygus marmoreus (White beech mushroom) (Agaricus marmoreus)	614	Inferred from homology
S10	A0A397HW22		XP_026618121.1	KEX1	Aspergillus thermomutatus (Neosartorya pseudofischeri)	632	Inferred from homology
S10	A0A3R7GFV6			KEX1	Aspergillus turcosus	632	Inferred from homology
S10	A0A409VAP7				Panaeolus cyanescens	1313	Inferred from homology
S10	A0A409WLV5				Psilocybe cyanescens	614	Inferred from homology
S10	A0A437AD43		XP_067494749.1		Arthrobotrys flagrans (Nematode-trapping fungus) (Trichothecium flagrans)	615	Inferred from homology
S10	A0A4Q2DEP4				Candolleomyces aberdarensis	1078	Inferred from homology
S10	A0A4S4LK09				Phellinidium pouzarii	761	Inferred from homology
S10	A0A4V3WKQ4				Camellia sinensis var. sinensis (China tea)	452	Inferred from homology
S10	A0A4Y7TQD0				Coprinellus micaceus (Glistening ink-cap mushroom) (Coprinus micaceus)	633	Inferred from homology
S10	A0A4Y9YWQ3				Dentipellis fragilis	1427	Inferred from homology
S10	A0A540NMQ6				Malus baccata (Siberian crab apple) (Pyrus baccata)	1112	Inferred from homology
S10	A0A5B0PHU5			KEX1_1	Puccinia graminis f. sp. tritici	657	Inferred from homology
S10	A0A5C3KQ84				Coprinopsis marcescibilis (Agaric fungus) (Psathyrella marcescibilis)	608	Inferred from homology
S10	A0A5C6N4Y0				Takifugu flavidus (sansaifugu)	1439	Inferred from homology
S10	A0A5N6LBS3				Mikania micrantha (bitter vine)	1088	Inferred from homology
S10	A0A6A5KNJ1				Decorospora gaudefroyi	1201	Inferred from homology
S10	A0A6A6TG71				Lophiostoma macrostomum CBS 122681	687	Inferred from homology
S10	A0A6A6TQ57				Lophiostoma macrostomum CBS 122681	1261	Inferred from homology
S10	A0A7C8MRF3				Xylaria multiplex	619	Inferred from homology
S10	A0A7H9AYC9		XP_037142931.1		Zygotorulaspora mrakii (Zygosaccharomyces mrakii)	667	Inferred from homology
S10	A0A7J6J7T9		XP_031880188.1	KEX1-1	Colletotrichum fructicola (strain Nara gc5) (Anthracnose fungus) (Colletotrichum gloeosporioides (strain Nara gc5))	621	Inferred from homology
S10	A0A8H4VRE8				Agrocybe pediades	616	Inferred from homology
S10	A0A8H6IAT7				Ephemerocybe angulata	633	Inferred from homology
S10	A0A8H7SEB0				Circinella minor	664	Inferred from homology
S10	A0A8H8RRW0			kex1	Lachnellula subtilissima	649	Inferred from homology
S10	A0A8J8VZG7				Penicillium ucsense	624	Inferred from homology
S10	A0A8X8W4Z9				Salvia splendens (Scarlet sage)	1047	Inferred from homology
S10	A0A9N9HGE9				Cetraspora pellucida	570	Inferred from homology
S10	A0A9P1M8H9				Parascedosporium putredinis	587	Inferred from homology
S10	A0A9P4IVS4				Myriangium duriaei CBS 260.36	623	Inferred from homology
S10	A0A9P5L0M8				Penicillium crustosum (Blue mold fungus)	614	Inferred from homology
S10	A0A9P5N2G6				Russula ochroleuca	608	Inferred from homology
S10	A0A9P5PCZ0				Rhodocollybia butyracea	613	Inferred from homology
S10	A0A9P7Q9B4			KEX1	Claviceps humidiphila	628	Inferred from homology
S10	A0A9P7SS43			KEX1	Claviceps arundinis	628	Inferred from homology
S10	A0A9P8ADC6		XP_043013924.1		Marasmius oreades (fairy-ring Marasmius)	598	Inferred from homology
S10	A0A9P8I5H2			KEX1	Glutinoglossum americanum	657	Inferred from homology
S10	A0A9P9DVC4				Dendryphion nanum	1222	Inferred from homology
S10	A0A9Q0U5N2				Salix koriyanagi	1107	Inferred from homology
S10	A0A9W4MSR2				Penicillium olsonii	602	Inferred from homology
S10	A0A9W4NS95				Penicillium salamii	601	Inferred from homology
S10	A0A9W7Y3K7			ALA1	Coemansia erecta	1271	Inferred from homology
S10	A0A9W9NV29		XP_056499044.1		Penicillium citrinum	618	Inferred from homology
S10	A0A9W9XEK8		XP_056791636.1		Penicillium diatomitis	623	Inferred from homology
S10	A0AA36CFL8				Mesorhabditis spiculigera	1006	Inferred from homology
S10	A0AA39CLU2			KEX1	Cladophialophora chaetospira	604	Inferred from homology
S10	A0AA43TWT7			KEX1	Ramalina farinacea	636	Inferred from homology
S10	A0AAD4I092			KEX1	Staphylotrichum longicolle	641	Inferred from homology
S10	A0AAD5EDX1		XP_051446937.1		Umbelopsis ramanniana AG	510	Inferred from homology
S10	A0AAD5LIE1				Pythium insidiosum (Pythiosis disease agent)	933	Inferred from homology
S10	A0AAD6DNJ0		XP_056748510.1		Penicillium hordei	624	Inferred from homology
S10	A0AAD6GN82				Penicillium hetheringtonii	604	Inferred from homology
S10	A0AAD6HX25				Penicillium malachiteum	629	Inferred from homology
S10	A0AAF0F269			KEX1	Malassezia psittaci	608	Inferred from homology
S10	A0AAN7DIL3		XP_064683985.1	BMT2	Mucor velutinosus	668	Inferred from homology
S10	A0AAN8IQ54			KEX1	Knufia fluminis	621	Inferred from homology
S10	A0AAV1R3I6				Dovyalis caffra	751	Inferred from homology
S10	A0AAV6HIU5				Rhododendron griersonianum	1064	Inferred from homology
S10	A0AAV6HM63				Rhododendron griersonianum	1043	Inferred from homology
S10	A0AAV7FQZ0				Dendrobium chrysotoxum (Orchid)	516	Inferred from homology
S10	A0AAV9N4W6		XP_064704325.1	KEX1	Exophiala bonariae	618	Inferred from homology
S10	A0AAV9U254			KEX1	Orbilia blumenaviensis	615	Inferred from homology
S10	A0AAV9VZ78			KEX1	Arthrobotrys musiformis	615	Inferred from homology
S10	A0AAX6MF98			KEX1	Daldinia eschscholtzii	644	Inferred from homology
S10	E3RCS0				Pyrenophora teres f. teres (strain 0-1) (Barley net blotch fungus) (Drechslera teres f. teres)	1191	Inferred from homology
S10	F2SP54	S10.007;	XP_003235660.1		Trichophyton rubrum (strain ATCC MYA-4607 / CBS 118892) (Athlete's foot fungus)	627	Inferred from homology
S10	F4RKG1	S10.007;	XP_007409629.1		Melampsora larici-populina (strain 98AG31 / pathotype 3-4-7) (Poplar leaf rust fungus)	664	Inferred from homology
S10	G0SEC5	S10.007;	XP_006696633.1		Chaetomium thermophilum (strain DSM 1495 / CBS 144.50 / IMI 039719) (Thermochaetoides thermophila)	650	Inferred from homology
S10	G3B062	S10.007;			Candida tenuis (strain ATCC 10573 / BCRC 21748 / CBS 615 / JCM 9827 / NBRC 10315 / NRRL Y-1498 / VKM Y-70) (Yeast) (Yamadazyma tenuis)	669	Inferred from homology
S10	G9MDI5	S10.007;	XP_013961359.1		Hypocrea virens (strain Gv29-8 / FGSC 10586) (Gliocladium virens) (Trichoderma virens)	632	Inferred from homology
S10	H6BL20	S10.007;	XP_009153229.1		Exophiala dermatitidis (strain ATCC 34100 / CBS 525.76 / NIH/UT8656) (Black yeast) (Wangiella dermatitidis)	611	Inferred from homology
S10	J4GNP4	S10.007;	XP_012181028.1		Fibroporia radiculosa	632	Inferred from homology
S10	K5X9S5	S10.007;	XP_007329271.1		Agaricus bisporus var. burnettii (strain JB137-S8 / ATCC MYA-4627 / FGSC 10392) (White button mushroom)	602	Inferred from homology
S10	S7ZNF7				Penicillium oxalicum (strain 114-2 / CGMCC 5302) (Penicillium decumbens)	615	Inferred from homology
S10	U7PLW7				Sporothrix schenckii (strain ATCC 58251 / de Perez 2211183) (Rose-picker's disease fungus)	667	Inferred from homology
S10	W6Q153			kex1	Penicillium roqueforti (strain FM164)	623	Inferred from homology
S10	W9XMP2		XP_007728043.1		Capronia coronata CBS 617.96	611	Inferred from homology
S10	A0A067SYU8				Galerina marginata (strain CBS 339.88)	1284	Inferred from homology
S10	A0A067TLR2	S10.007;			Galerina marginata (strain CBS 339.88)	617	Inferred from homology
S10	A0A0A2J8Y9		XP_016597728.1		Penicillium expansum (Blue mold rot fungus)	620	Inferred from homology
S10	A0A0C4EE71				Magnaporthiopsis poae (strain ATCC 64411 / 73-15) (Kentucky bluegrass fungus) (Magnaporthe poae)	638	Inferred from homology
S10	A0A0D2A0D9		XP_016254117.1		Cladophialophora immunda	611	Inferred from homology
S10	A0A0K6GDL1			QRI8	Rhizoctonia solani	1208	Inferred from homology
S10	A0A0M8MLU2		XP_017990349.1		Malassezia pachydermatis	596	Inferred from homology
S10	A0A0N0NN78		XP_018001022.1		Cyphellophora attinorum	767	Inferred from homology
S10	A0A0P1AWM3		XP_024582033.1		Plasmopara halstedii (Downy mildew of sunflower)	774	Inferred from homology
S10	A0A177FDX7		XP_022514436.1		Fonsecaea monophora	1450	Inferred from homology
S10	A0A197KAK8				Linnemannia elongata AG-77	585	Inferred from homology
S10	A0A1J9PYE3				Blastomyces percursus	638	Inferred from homology
S10	A0A1L9PQ57		XP_040669436.1		Aspergillus versicolor CBS 583.65	545	Inferred from homology
S10	A0A1R0GYR2				Smittium mucronatum	1039	Inferred from homology
S10	A0A1S7UMC0				Rosellinia necatrix (White root-rot fungus)	628	Inferred from homology
S10	A0A1V6R4U5				Penicillium solitum	607	Inferred from homology
S10	A0A1V6SJW6				Penicillium flavigenum	623	Inferred from homology
S10	A0A1V6YX40				Penicillium nalgiovense	696	Inferred from homology
S10	A0A1W0A813				Thraustotheca clavata	938	Inferred from homology
S10	A0A1Y1ZKT5				Clohesyomyces aquaticus	1237	Inferred from homology
S10	A0A225AL11		XP_020122382.1		Talaromyces atroroseus	1311	Inferred from homology
S10	A0A2A9NPF1				Amanita thiersii Skay4041	663	Inferred from homology
S10	A0A2C5Z932				Ophiocordyceps camponoti-rufipedis	1506	Inferred from homology
S10	A0A2G5HKB4		XP_023452128.1	KEX1	Cercospora beticola (Sugarbeet leaf spot fungus)	626	Inferred from homology
S10	A0A2G8SUK8				Ganoderma sinense ZZ0214-1	613	Inferred from homology
S10	A0A2P7YXH1		XP_024715364.1		Candidozyma pseudohaemuli	649	Inferred from homology
S10	A0A2T4BFQ3		XP_024751398.1		Trichoderma citrinoviride	630	Inferred from homology
S10	A0A2T7PAY9				Pomacea canaliculata (Golden apple snail)	993	Inferred from homology
S10	A0A2T9Z0Q5				Smittium simulii	814	Inferred from homology
S10	A0A2T9ZEC3				Smittium megazygosporum	651	Inferred from homology
S10	A0A2T9ZEX2				Smittium megazygosporum	755	Inferred from homology
S10	A0A367LJ48				Ophiocordyceps polyrhachis-furcata BCC 54312	1423	Inferred from homology
S10	A0A3G2S9V6			KEX1	Malassezia restricta (strain ATCC 96810 / NBRC 103918 / CBS 7877) (Seborrheic dermatitis infection agent)	551	Inferred from homology
S10	A0A3M7LVK9				Pyrenophora seminiperda CCB06	1245	Inferred from homology
S10	A0A3R7JQG5				Phytophthora kernoviae	929	Inferred from homology
S10	A0A420XZT7				Coniochaeta pulveracea	672	Inferred from homology
S10	A0A4P1RPH2				Lupinus angustifolius (Narrow-leaved blue lupine)	514	Inferred from homology
S10	A0A4Q2E1C9				Candolleomyces aberdarensis	651	Inferred from homology
S10	A0A4R0RSK8			KEX1	Steccherinum ochraceum	649	Inferred from homology
S10	A0A4S3JRU7		XP_033431600.1	KEX1	Aspergillus tanneri	610	Inferred from homology
S10	A0A4S4LZN8				Bondarzewia mesenterica	868	Inferred from homology
S10	A0A559MDQ5			kex1	Lachnellula willkommii	650	Inferred from homology
S10	A0A5B0SCD0			KEX1_2	Puccinia graminis f. sp. tritici	658	Inferred from homology
S10	A0A5N5X2M0				Aspergillus leporis	821	Inferred from homology
S10	A0A5N6UKG9				Aspergillus tamarii	815	Inferred from homology
S10	A0A6J3LZU0		XP_033457188.1		Dissoconium aciculare CBS 342.82	634	Inferred from homology
S10	A0A6P5HH33		XP_020113743.1	LOC109727928	Ananas comosus (Pineapple) (Ananas ananas)	667	Inferred from homology
S10	A0A7D5UZI4		XP_014545516.1	KEX1_1	Metarhizium brunneum	616	Inferred from homology
S10	A0A7J7HVY7				Camellia sinensis (Tea plant) (Thea sinensis)	484	Inferred from homology
S10	A0A7M7Q0L0		XP_031779566.1		Nasonia vitripennis (Parasitic wasp)	854	Inferred from homology
S10	A0A7R7VLQ0		XP_043135523.1	KEX1	Aspergillus chevalieri (Eurotium chevalieri)	631	Inferred from homology
S10	A0A7R7XY36		XP_041561239.1		Aspergillus puulaauensis	559	Inferred from homology
S10	A0A7R9LB22				Oppiella nova	1250	Inferred from homology
S10	A0A899FYD2				Pneumocystis wakefieldiae	912	Inferred from homology
S10	A0A8E5HWW3		XP_043000778.1		Ustilaginoidea virens (Rice false smut fungus) (Villosiclava virens)	623	Inferred from homology
S10	A0A8H5GUK2				Tetrapyrgos nigripes	664	Inferred from homology
S10	A0A8H6ID58				Ephemerocybe angulata	642	Inferred from homology
S10	A0A8H7AAC4			KEX1	Endocarpon pusillum	636	Inferred from homology
S10	A0A8H7UMT4				Umbelopsis vinacea	664	Inferred from homology
S10	A0A8K0NES2			KEX1	Claviceps africana	630	Inferred from homology
S10	A0A8K0PGD6				Elsinoe batatas	620	Inferred from homology
S10	A0A8K0TT45				Plectosphaerella cucumerina	613	Inferred from homology
S10	A0A8S2AHX5				Arabidopsis arenosa (Sand rock-cress) (Cardaminopsis arenosa)	1895	Inferred from homology
S10	A0A8S9Y263				Apolygus lucorum (Small green plant bug) (Lygocoris lucorum)	1000	Inferred from homology
S10	A0A8X8YP65				Salvia splendens (Scarlet sage)	922	Inferred from homology
S28	Q9UHL4	S28.002;	NP_037511.2	DPP7	Homo sapiens (Human)	492	Evidence at protein level
S28	P42785	S28.001;	NP_001306143.1	PRCP	Homo sapiens (Human)	496	Evidence at protein level
S28	Q7TMR0	S28.001;	NP_082519.1	Prcp	Mus musculus (Mouse)	491	Evidence at protein level
S28	Q9EPB1	S28.002;	NP_114179.1	Dpp7	Rattus norvegicus (Rat)	500	Evidence at protein level
S28	Q9ET22	S28.002;	NP_114031.2	Dpp7	Mus musculus (Mouse)	506	Evidence at protein level
S28	Q9NQE7	S28.003;	NP_005856.1	PRSS16	Homo sapiens (Human)	514	Evidence at protein level
S28	Q1PF50	S28.A05;	NP_179399.5	EDA2	Arabidopsis thaliana (Mouse-ear cress)	489	Evidence at transcript level
S28	Q9QXE5	S28.003;	NP_062302.1	Prss16	Mus musculus (Mouse)	509	Evidence at transcript level
S28	Q2TA14	S28.001;	NP_001033253.1	PRCP	Bos taurus (Bovine)	499	Evidence at transcript level
S28	Q5RBU7	S28.001;	NP_001125428.1	PRCP	Pongo abelii (Sumatran orangutan) (Pongo pygmaeus abelii)	496	Evidence at transcript level
S28	P90893	S28.A14;	NP_001294837.1		Caenorhabditis elegans	540	Evidence at protein level
S28	P34676	S28.A21;	NP_001367399.1	pcp-5	Caenorhabditis elegans	507	Evidence at protein level
S28	W7E3A0		XP_014550039.1	vicPb	Bipolaris victoriae (strain FI3) (Victoria blight of oats agent) (Cochliobolus victoriae)	534	Inferred from homology
S28	D4AYS6		XP_003012386.1		Arthroderma benhamiae (strain ATCC MYA-4681 / CBS 112371) (Trichophyton mentagrophytes)	716	Evidence at protein level
S28	W7DQR8		XP_014550167.1	vicPa	Bipolaris victoriae (strain FI3) (Victoria blight of oats agent) (Cochliobolus victoriae)	534	Inferred from homology
S28	P34528	S28.A11;	NP_498758.2		Caenorhabditis elegans	510	Inferred from homology
S28	P34610	S28.A17;	NP_498688.1	pcp-1	Caenorhabditis elegans	565	Evidence at protein level
S28	A0AA39I9K8				Steinernema hermaphroditum	2514	Inferred from homology
S28	A0AAA9SD06			PRCP	Bos taurus (Bovine)	517	Inferred from homology
S28	D4AA31	S28.001;	NP_001099751.2	Prcp	Rattus norvegicus (Rat)	493	Evidence at protein level
S28	Q5CZT1	S28.002;	NP_001013333.1	dpp7	Danio rerio (Zebrafish) (Brachydanio rerio)	500	Evidence at protein level
S28	A0ABB0MVF1			DPP7	Homo sapiens (Human)	487	Evidence at protein level
S28	A0ABB0MVF0		NP_001425039.1	DPP7	Homo sapiens (Human)	436	Evidence at protein level
S28	A0A2K6BHI4			PRCP	Macaca nemestrina (Pig-tailed macaque)	516	Inferred from homology
S28	A0A2K6K462			PRCP	Rhinopithecus bieti (Black snub-nosed monkey) (Pygathrix bieti)	516	Inferred from homology
S28	A0A2R9BCQ3		XP_003822032.1	PRCP	Pan paniscus (Pygmy chimpanzee) (Bonobo)	496	Inferred from homology
S28	A0A5F4W6R4			PRCP	Callithrix jacchus (White-tufted-ear marmoset) (Simia Jacchus)	500	Inferred from homology
S28	A0A6I9M9D8		XP_042136277.1	LOC102918622	Peromyscus maniculatus bairdii (Prairie deer mouse)	494	Inferred from homology
S28	A0A8B7EBK0		XP_012591565.1	PRCP	Microcebus murinus (Gray mouse lemur) (Lemur murinus)	500	Inferred from homology
S28	A0A8C0KZN4			PRCP	Canis lupus dingo (dingo)	497	Inferred from homology
S28	A0A8C2W201		XP_005379866.1	PRCP	Chinchilla lanigera (Long-tailed chinchilla) (Chinchilla villidera)	496	Inferred from homology
S28	A0A8C4LXD1		XP_014695697.1	PRCP	Equus asinus (Donkey) (Equus africanus asinus)	497	Inferred from homology
S28	A0A8C5P4P8			Prcp	Jaculus jaculus (Lesser Egyptian jerboa)	466	Inferred from homology
S28	A0A8C8Y8Z9			PRCP	Panthera leo (Lion)	497	Inferred from homology
S28	A0A8D2D5A8			PRCP	Sciurus vulgaris (Eurasian red squirrel)	496	Inferred from homology
S28	A0AAN8KKA1				Coregonus suidteri	1153	Inferred from homology
S28	F6UJZ8	S28.001;	XP_005612064.2	PRCP	Equus caballus (Horse)	497	Inferred from homology
S28	G1K911	S28.001;		PRCP	Anolis carolinensis (Green anole) (American chameleon)	500	Inferred from homology
S28	G3RK45	S28.001;		PRCP	Gorilla gorilla gorilla (Western lowland gorilla)	517	Inferred from homology
S28	A0A0D9QUP5			PRCP	Chlorocebus sabaeus (Green monkey) (Simia sabaea)	496	Inferred from homology
S28	A0A1D5QEN9			PRCP	Macaca mulatta (Rhesus macaque)	516	Inferred from homology
S28	A0A2K5P5S5			PRCP	Cercocebus atys (Sooty mangabey) (Cercocebus torquatus atys)	516	Inferred from homology
S28	A0A2K6R949			PRCP	Rhinopithecus roxellana (Golden snub-nosed monkey) (Pygathrix roxellana)	516	Inferred from homology
S28	A0A2Y9FD64		XP_007120155.1	PRCP	Physeter macrocephalus (Sperm whale) (Physeter catodon)	497	Inferred from homology
S28	A0A452E757			PRCP	Capra hircus (Goat)	511	Inferred from homology
S28	A0A4X2K9L6		XP_027703997.1	PRCP	Vombatus ursinus (Common wombat)	502	Inferred from homology
S28	A0A5F9DF00			PRCP	Oryctolagus cuniculus (Rabbit)	494	Inferred from homology
S28	A0A663EJE1			PRCP	Aquila chrysaetos chrysaetos	481	Inferred from homology
S28	A0A670XYE5			PRCP	Pseudonaja textilis (Eastern brown snake)	502	Inferred from homology
S28	A0A7N5KDC5			PRCP	Ailuropoda melanoleuca (Giant panda)	515	Inferred from homology
S28	A0A8B9BX63			PRCP	Anser brachyrhynchus (Pink-footed goose)	482	Inferred from homology
S28	A0A8C2LLI9		XP_003507065.2	LOC100752448	Cricetulus griseus (Chinese hamster) (Cricetulus barabensis griseus)	508	Inferred from homology
S28	A0A8C2SUX1		XP_015707876.1	PRCP	Coturnix japonica (Japanese quail) (Coturnix coturnix japonica)	485	Inferred from homology
S28	A0A8C5YZQ7			PRCP	Marmota marmota marmota (Alpine marmot)	496	Inferred from homology
S28	A0A8D0BQC7				Salvator merianae (Argentine black and white tegu) (Tupinambis merianae)	498	Inferred from homology
S28	A0A8D2I259			PRCP	Urocitellus parryii (Arctic ground squirrel) (Spermophilus parryii)	465	Inferred from homology
S28	A0A9N7Z6J9				Pleuronectes platessa (European plaice)	798	Inferred from homology
S28	F1STV0	S28.001;		PRCP	Sus scrofa (Pig)	511	Evidence at protein level
S28	M3Y9K6	S28.001;	XP_004763527.1	PRCP	Mustela putorius furo (European domestic ferret) (Mustela furo)	497	Inferred from homology
S28	A0A2I3HVQ8			PRCP	Nomascus leucogenys (Northern white-cheeked gibbon) (Hylobates leucogenys)	513	Inferred from homology
S28	A0A2I3T7D3			PRCP	Pan troglodytes (Chimpanzee)	517	Inferred from homology
S28	A0A2J8V0J8			PRCP	Pongo abelii (Sumatran orangutan) (Pongo pygmaeus abelii)	517	Inferred from homology
S28	A0A2K5CMQ1			PRCP	Aotus nancymaae (Ma's night monkey)	496	Inferred from homology
S28	A0A671G845		XP_032977288.1	PRCP	Rhinolophus ferrumequinum (Greater horseshoe bat)	502	Inferred from homology
S28	A0A672TDY2			PRCP	Strigops habroptila (Kakapo)	484	Inferred from homology
S28	A0A8C0CMW1		XP_036717555.1	PRCP	Balaenoptera musculus (Blue whale)	497	Inferred from homology
S28	A0A8C6C1B7		XP_029064981.1	PRCP	Monodon monoceros (Narwhal) (Ceratodon monodon)	499	Inferred from homology
S28	A0A8C6HH56				Mus spicilegus (Mound-building mouse)	491	Inferred from homology
S28	A0A8C7A4J2				Neovison vison (American mink) (Mustela vison)	497	Inferred from homology
S28	A0A8C9JI14			PRCP	Panthera tigris altaica (Siberian tiger)	497	Inferred from homology
S28	A0AAD7SY16				Aldrovandia affinis	689	Inferred from homology
S28	A0A1D5PVG8		XP_040514679.1	PRCP	Gallus gallus (Chicken)	483	Evidence at protein level
S28	A0A286XWA1		XP_003468571.1	PRCP	Cavia porcellus (Guinea pig)	494	Inferred from homology
S28	A0A286ZJD8			DPP7	Sus scrofa (Pig)	578	Evidence at protein level
S28	A0A2K6SRC6		XP_003935096.1	PRCP	Saimiri boliviensis boliviensis (Bolivian squirrel monkey)	496	Inferred from homology
S28	A0A6I8NUY9			PRCP	Ornithorhynchus anatinus (Duckbill platypus)	517	Inferred from homology
S28	A0A8B9YB04			PRCP	Bos mutus grunniens (Wild yak) (Bos grunniens)	499	Inferred from homology
S28	A0A8C3VEW1			PRCP	Catagonus wagneri (Chacoan peccary)	493	Inferred from homology
S28	A0A8C6XDE4			PRCP	Naja naja (Indian cobra)	493	Inferred from homology
S28	A0A8C9EC02		XP_032496853.1	PRCP	Phocoena sinus (Vaquita)	499	Inferred from homology
S28	A0A8D0GP68			PRCP	Sphenodon punctatus (Tuatara) (Hatteria punctata)	494	Inferred from homology
S28	A0A2I3MEX1			PRCP	Papio anubis (Olive baboon)	516	Inferred from homology
S28	A0A2Y9PVX5		XP_022449649.1	PRCP	Delphinapterus leucas (Beluga whale)	499	Inferred from homology
S28	A0A670HTQ4			PRCP	Podarcis muralis (Wall lizard) (Lacerta muralis)	492	Inferred from homology
S28	A0A6P5Q0S2		XP_021023115.1	Prcp	Mus caroli (Ryukyu mouse) (Ricefield mouse)	491	Inferred from homology
S28	A0A8C4VJP3		XP_030414228.1	PRCP	Gopherus evgoodei (Goodes thornscrub tortoise)	491	Inferred from homology
S28	A0A8C6CWD1			PRCP	Moschus moschiferus (Siberian musk deer) (Moschus sibiricus)	497	Inferred from homology
S28	A0A8C9MHQ6			PRCP	Serinus canaria (Island canary) (Fringilla canaria)	479	Inferred from homology
S28	A0A9V1FMD8		XP_019305498.1	PRCP	Panthera pardus (Leopard) (Felis pardus)	497	Inferred from homology
S28	A0AAW0MRF9				Mugilogobius chulae (yellowstripe goby)	733	Inferred from homology
S28	G7PNC6	S28.001;		PRCP	Macaca fascicularis (Crab-eating macaque) (Cynomolgus monkey)	516	Inferred from homology
S28	H0ZRS7			PRCP	Taeniopygia guttata (Zebra finch) (Poephila guttata)	477	Inferred from homology
S28	I3N7Q0			PRCP	Ictidomys tridecemlineatus (Thirteen-lined ground squirrel) (Spermophilus tridecemlineatus)	496	Inferred from homology
S28	A0AAF6DLP3	S28.002;		DPP7	Bos taurus (Bovine)	593	Inferred from homology
S28	A0A8I6AJ69			Dpp7	Rattus norvegicus (Rat)	490	Evidence at protein level
S28	A0A8M3ASI7		XP_009289787.1	prcp	Danio rerio (Zebrafish) (Brachydanio rerio)	521	Inferred from homology
S28	F1MAU4			PRCP	Bos taurus (Bovine)	484	Inferred from homology
S28	Q6DG46	S28.001;	NP_001002694.1	prcp	Danio rerio (Zebrafish) (Brachydanio rerio)	490	Evidence at transcript level
S28	Q9VIM0	S28.001;	NP_001260630.1	38C.55	Drosophila melanogaster (Fruit fly)	475	Evidence at protein level
S28	A0A091DEB1	S28.001;			Fukomys damarensis (Damaraland mole rat) (Cryptomys damarensis)	493	Inferred from homology
S28	A0A091GDB7	S28.001;			Cuculus canorus (Common cuckoo)	431	Inferred from homology
S28	A0A091HD11	S28.001;			Buceros rhinoceros silvestris	433	Inferred from homology
S28	A0A091J2A5	S28.002;			Egretta garzetta (Little egret)	468	Inferred from homology
S28	A0A091MNP4	S28.001;			Acanthisitta chloris (rifleman)	429	Inferred from homology
S28	A0A091QW93				Leptosomus discolor (Madagascar cuckoo roller) (Cuculus discolor)	431	Inferred from homology
S28	A0A091SBY2	S28.002;			Nestor notabilis (Kea)	427	Inferred from homology
S28	A0A091TA79	S28.002;			Phaethon lepturus (White-tailed tropicbird)	470	Inferred from homology
S28	A0A091TF46	S28.001;			Phaethon lepturus (White-tailed tropicbird)	431	Inferred from homology
S28	A0A091X4G6	S28.001;			Opisthocomus hoazin (Hoatzin) (Phasianus hoazin)	431	Inferred from homology
S28	A0A093JFB6	S28.002;			Fulmarus glacialis (Northern fulmar)	470	Inferred from homology
S28	A0A093JJP8				Eurypyga helias (Sunbittern) (Ardea helias)	283	Inferred from homology
S28	A0A093PNW4	S28.001;			Phalacrocorax carbo (Great cormorant) (Pelecanus carbo)	431	Inferred from homology
S28	A0A094MG31				Antrostomus carolinensis (Chuck-will's-widow) (Caprimulgus carolinensis)	431	Inferred from homology
S28	A0A096LWW6				Poecilia formosa (Amazon molly) (Limia formosa)	500	Inferred from homology
S28	A0A096N232		XP_003910532.1	PRCP	Papio anubis (Olive baboon)	496	Inferred from homology
S28	A0A0Q3P768				Amazona aestiva (Blue-fronted Amazon parrot)	443	Inferred from homology
S28	A0A0V1AX92			PRCP	Trichinella spiralis (Trichina worm)	864	Inferred from homology
S28	A0A0V1G685			PRCP	Trichinella pseudospiralis (Parasitic roundworm)	871	Inferred from homology
S28	A0A0V1K801			SRA1	Trichinella pseudospiralis (Parasitic roundworm)	500	Inferred from homology
S28	A0A1D1VU18			RvY_15197-1	Ramazzottius varieornatus (Water bear) (Tardigrade)	494	Inferred from homology
S28	A0A1S3EZ17		XP_012869663.1	Prcp	Dipodomys ordii (Ord's kangaroo rat)	496	Inferred from homology
S28	A0A1U7TIS2		XP_008056303.1	PRCP	Carlito syrichta (Philippine tarsier) (Tarsius syrichta)	391	Inferred from homology
S28	A0A1V4JRH3			PRCP	Patagioenas fasciata monilis	477	Inferred from homology
S28	A0A2I0LKS2			DPP7	Columba livia (Rock dove)	469	Inferred from homology
S28	A0A2J7R1W7			PRCP_1	Cryptotermes secundus	479	Inferred from homology
S28	A0A2K5IRK1				Colobus angolensis palliatus (Peters' Angolan colobus)	469	Inferred from homology
S28	A0A2K5P5T1		XP_011900066.1	PRCP	Cercocebus atys (Sooty mangabey) (Cercocebus torquatus atys)	496	Inferred from homology
S28	A0A2K6BH31			DPP7	Macaca nemestrina (Pig-tailed macaque)	492	Inferred from homology
S28	A0A2K6R930			PRCP	Rhinopithecus roxellana (Golden snub-nosed monkey) (Pygathrix roxellana)	486	Inferred from homology
S28	A0A2K6T4F6		XP_003941393.1	DPP7	Saimiri boliviensis boliviensis (Bolivian squirrel monkey)	513	Inferred from homology
S28	A0A2P6TKN8				Chlorella sorokiniana (Freshwater green alga)	3339	Inferred from homology
S28	A0A2U3Y116		XP_006737425.1	DPP7	Leptonychotes weddellii (Weddell seal) (Otaria weddellii)	497	Inferred from homology
S28	A0A2U3YV72		XP_006747630.1	PRCP	Leptonychotes weddellii (Weddell seal) (Otaria weddellii)	497	Inferred from homology
S28	A0A2W1BEN4			HaOG209720	Helicoverpa armigera (Cotton bollworm) (Heliothis armigera)	469	Inferred from homology
S28	A0A2Y9GSA0		XP_021542173.1	LOC110577238	Neomonachus schauinslandi (Hawaiian monk seal) (Monachus schauinslandi)	497	Inferred from homology
S28	A0A2Y9GSI7		XP_021542172.1	LOC110577238	Neomonachus schauinslandi (Hawaiian monk seal) (Monachus schauinslandi)	503	Inferred from homology
S28	A0A341CU24		XP_024618176.1	DPP7	Neophocaena asiaeorientalis asiaeorientalis (Yangtze finless porpoise) (Neophocaena phocaenoides subsp. asiaeorientalis)	512	Inferred from homology
S28	A0A3B1JWV4				Astyanax mexicanus (Blind cave fish) (Astyanax fasciatus mexicanus)	500	Inferred from homology
S28	A0A3B3QIV4				Paramormyrops kingsleyae	534	Inferred from homology
S28	A0A3B3ZBE9				Periophthalmus magnuspinnatus	458	Inferred from homology
S28	A0A3B4DRQ0			PRCP	Pygocentrus nattereri (Red-bellied piranha)	494	Inferred from homology
S28	A0A3B4ECI0		XP_017546720.1	DPP7	Pygocentrus nattereri (Red-bellied piranha)	493	Inferred from homology
S28	A0A3B4FU41		XP_005736014.1	prcp	Pundamilia nyererei	502	Inferred from homology
S28	A0A3B5LUK7				Xiphophorus couchianus (Monterrey platyfish)	483	Inferred from homology
S28	A0A3P8R0F6		XP_026048952.1	PRCP	Astatotilapia calliptera (Eastern happy) (Chromis callipterus)	502	Inferred from homology
S28	A0A3P8V899		XP_008307030.1		Cynoglossus semilaevis (Tongue sole)	496	Inferred from homology
S28	A0A3P9CN82				Maylandia zebra (zebra mbuna)	480	Inferred from homology
S28	A0A3P9PJ92				Poecilia reticulata (Guppy) (Acanthophacelus reticulatus)	455	Inferred from homology
S28	A0A3P9PJF2		XP_008424607.1		Poecilia reticulata (Guppy) (Acanthophacelus reticulatus)	510	Inferred from homology
S28	A0A3Q0GGU7		XP_025058854.1	DPP7	Alligator sinensis (Chinese alligator)	469	Inferred from homology
S28	A0A3Q1CC39			PRCP	Amphiprion ocellaris (Clown anemonefish)	442	Inferred from homology
S28	A0A3Q1JJL7			PRCP	Anabas testudineus (Climbing perch) (Anthias testudineus)	448	Inferred from homology
S28	A0A3Q2GN20				Cyprinodon variegatus (Sheepshead minnow)	467	Inferred from homology
S28	A0A3Q2PHD6				Fundulus heteroclitus (Killifish) (Mummichog)	510	Inferred from homology
S28	A0A3Q2USR7				Haplochromis burtoni (Burton's mouthbrooder) (Chromis burtoni)	497	Inferred from homology
S28	A0A3Q2XM32				Hippocampus comes (Tiger tail seahorse)	474	Inferred from homology
S28	A0A3Q2ZRN8		XP_017271763.1		Kryptolebias marmoratus (Mangrove killifish) (Rivulus marmoratus)	511	Inferred from homology
S28	A0A3Q3E253				Labrus bergylta (ballan wrasse)	495	Inferred from homology
S28	A0A3Q3S5G4				Mastacembelus armatus (zig-zag eel)	445	Inferred from homology
S28	A0A3Q7NSB5		XP_025721197.1	DPP7	Callorhinus ursinus (Northern fur seal)	497	Inferred from homology
S28	A0A3S0ZHS9				Elysia chlorotica (Eastern emerald elysia) (Sea slug)	496	Inferred from homology
S28	A0A401RWA3				Chiloscyllium punctatum (Brownbanded bambooshark) (Hemiscyllium punctatum)	484	Inferred from homology
S28	A0A452F4B1		XP_017911752.1	DPP7	Capra hircus (Goat)	488	Inferred from homology
S28	A0A452I8U6				Gopherus agassizii (Agassiz's desert tortoise)	526	Inferred from homology
S28	A0A452IXK9				Gopherus agassizii (Agassiz's desert tortoise)	491	Inferred from homology
S28	A0A484DGY0				Perca flavescens (American yellow perch) (Morone flavescens)	505	Inferred from homology
S28	A0A493SXW4			PRCP	Anas platyrhynchos platyrhynchos (Northern mallard)	483	Inferred from homology
S28	A0A4D9EUP5				Platysternon megacephalum (big-headed turtle)	491	Inferred from homology
S28	A0A4W2BNP7				Bos indicus x Bos taurus (Hybrid cattle)	499	Inferred from homology
S28	A0A4W6CAC8			PRCP	Lates calcarifer (Barramundi) (Holocentrus calcarifer)	452	Inferred from homology
S28	A0A4W6FPE1			DPP7	Lates calcarifer (Barramundi) (Holocentrus calcarifer)	448	Inferred from homology
S28	A0A5F9D5I0			PRCP	Oryctolagus cuniculus (Rabbit)	450	Inferred from homology
S28	A0A5N5KEA2				Pangasianodon hypophthalmus (Striped catfish) (Helicophagus hypophthalmus)	492	Inferred from homology
S28	A0A663LP95			PRCP	Athene cunicularia (Burrowing owl) (Speotyto cunicularia)	459	Inferred from homology
S28	A0A665TV67			prcp	Echeneis naucrates (Live sharksucker)	500	Inferred from homology
S28	A0A667IBU7			DPP7	Lynx canadensis (Canada lynx) (Felis canadensis)	570	Inferred from homology
S28	A0A667XAH9			DPP7	Myripristis murdjan (pinecone soldierfish)	470	Inferred from homology
S28	A0A667YQF6			PRCP	Myripristis murdjan (pinecone soldierfish)	484	Inferred from homology
S28	A0A667YXM5			PRCP	Myripristis murdjan (pinecone soldierfish)	460	Inferred from homology
S28	A0A670Y1M6			PRCP	Pseudonaja textilis (Eastern brown snake)	474	Inferred from homology
S28	A0A671S3N8			dpp7	Sinocyclocheilus anshuiensis	512	Inferred from homology
S28	A0A671TDI3			PRCP	Sparus aurata (Gilthead sea bream)	462	Inferred from homology
S28	A0A671WS71		XP_030271991.1	DPP7	Sparus aurata (Gilthead sea bream)	493	Inferred from homology
S28	A0A672FQ19			dpp7	Salarias fasciatus (Jewelled blenny) (Blennius fasciatus)	475	Inferred from homology
S28	A0A672FWN1			prcp	Salarias fasciatus (Jewelled blenny) (Blennius fasciatus)	440	Inferred from homology
S28	A0A672FWN5			prcp	Salarias fasciatus (Jewelled blenny) (Blennius fasciatus)	461	Inferred from homology
S28	A0A673IGG7			dpp7	Sinocyclocheilus rhinocerous	501	Inferred from homology
S28	A0A673IJB3			dpp7	Sinocyclocheilus rhinocerous	480	Inferred from homology
S28	A0A673WEY8			PRCP	Salmo trutta (Brown trout)	445	Inferred from homology
S28	A0A673WNR4			PRCP	Salmo trutta (Brown trout)	525	Inferred from homology
S28	A0A673WQT8			PRCP	Salmo trutta (Brown trout)	472	Inferred from homology
S28	A0A674D4T0			DPP7	Salmo trutta (Brown trout)	492	Inferred from homology
S28	A0A674IJ50			DPP7	Terrapene triunguis (Three-toed box turtle)	508	Inferred from homology
S28	A0A674N8C7		XP_003968706.2	prcp	Takifugu rubripes (Japanese pufferfish) (Fugu rubripes)	500	Inferred from homology
S28	A0A6I9ZS66		XP_014930046.1	PRCP	Acinonyx jubatus (Cheetah)	508	Inferred from homology
S28	A0A6J2QZ36		XP_029303090.1	prcp	Cottoperca gobio (Frogmouth) (Aphritis gobio)	502	Inferred from homology
S28	A0A6P3W0Q1		XP_012686386.1	LOC105903222	Clupea harengus (Atlantic herring)	494	Inferred from homology
S28	A0A6P3XP18		XP_014479718.1	LOC106747005	Dinoponera quadriceps (South American ant)	487	Inferred from homology
S28	A0A6P4J4R2		XP_017029503.1	LOC108079631	Drosophila kikkawai (Fruit fly)	475	Inferred from homology
S28	A0A6P6I6S5		XP_025783861.1	PRCP	Puma concolor (Mountain lion) (Felis concolor)	508	Inferred from homology
S28	A0A6P7J094		XP_028270045.1	dpp7	Parambassis ranga (Indian glassy fish)	495	Inferred from homology
S28	A0A6P7L3V3		XP_028989252.1	dpp7	Betta splendens (Siamese fighting fish)	496	Inferred from homology
S28	A0A6Q2Z849			PRCP	Esox lucius (Northern pike)	460	Inferred from homology
S28	A0A7E6DZL0		XP_035884638.1	LOC114499443	Phyllostomus discolor (pale spear-nosed bat)	392	Inferred from homology
S28	A0A7H8R5Q2		XP_035346360.1		Talaromyces rugulosus (Penicillium rugulosum)	1067	Inferred from homology
S28	A0A7J7RW72				Pipistrellus kuhlii (Kuhl's pipistrelle)	488	Inferred from homology
S28	A0A7J8ECZ0				Molossus molossus (Pallas' mastiff bat) (Vespertilio molossus)	512	Inferred from homology
S28	A0A7J8ECZ2				Molossus molossus (Pallas' mastiff bat) (Vespertilio molossus)	503	Inferred from homology
S28	A0A7J8EDT1				Molossus molossus (Pallas' mastiff bat) (Vespertilio molossus)	592	Inferred from homology
S28	A0A7J8H4V9				Rousettus aegyptiacus (Egyptian fruit bat) (Pteropus aegyptiacus)	497	Inferred from homology
S28	A0A7J8IHM1				Rousettus aegyptiacus (Egyptian fruit bat) (Pteropus aegyptiacus)	496	Inferred from homology
S28	A0A7K4K836			Dpp7	Crypturellus soui	476	Inferred from homology
S28	A0A7K4KHR7			Prcp	Crypturellus soui	442	Inferred from homology
S28	A0A7K4LJE2			Prcp	Crypturellus undulatus	438	Inferred from homology
S28	A0A7K4QSK5			Dpp7	Neopipo cinnamomea	475	Inferred from homology
S28	A0A7K4WTG5			Dpp7	Tachuris rubrigastra	473	Inferred from homology
S28	A0A7K5E575			Prcp	Polioptila caerulea (Blue-grey gnatcatcher)	438	Inferred from homology
S28	A0A7K5G0C8			Prcp	Probosciger aterrimus (Palm cockatoo)	379	Inferred from homology
S28	A0A7K5G7V0			Prcp	Chunga burmeisteri (Black-legged seriema)	438	Inferred from homology
S28	A0A7K5GSA5			Dpp7	Chunga burmeisteri (Black-legged seriema)	477	Inferred from homology
S28	A0A7K5JEG5			Dpp7	Toxostoma redivivum (California thrasher)	471	Inferred from homology
S28	A0A7K5KGT9			Dpp7	Mionectes macconnelli (McConnell's flycatcher)	485	Inferred from homology
S28	A0A7K5PZA5			Prcp	Erythrocercus mccallii	438	Inferred from homology
S28	A0A7K5SZX4			Dpp7	Urocynchramus pylzowi	483	Inferred from homology
S28	A0A7K5UMS6			Dpp7	Cephalopterus ornatus (Amazonian umbrellabird)	483	Inferred from homology
S28	A0A7K5VSS9			Dpp7	Platysteira castanea	490	Inferred from homology
S28	A0A7K5XUM2			Dpp7	Dromas ardeola	473	Inferred from homology
S28	A0A7K5Y368			Prcp	Dromas ardeola	438	Inferred from homology
S28	A0A7K5YYH7			Dpp7	Pterocles burchelli	472	Inferred from homology
S28	A0A7K6ET20			Dpp7	Grantiella picta	487	Inferred from homology
S28	A0A7K6JTY8			Prcp	Oreocharis arfaki (tit berrypecker)	438	Inferred from homology
S28	A0A7K6MNG9			Prcp	Panurus biarmicus (Bearded tit)	438	Inferred from homology
S28	A0A7K6U5R0			Dpp7	Aegotheles bennettii	426	Inferred from homology
S28	A0A7K6UQQ7			Prcp	Notiomystis cincta	441	Inferred from homology
S28	A0A7K6WQ59			Prcp	Steatornis caripensis (Oilbird)	295	Inferred from homology
S28	A0A7K6ZW14			Dpp7	Nothoprocta pentlandii	435	Inferred from homology
S28	A0A7K7EPU6			Prcp	Sylvia atricapilla (blackcap)	438	Inferred from homology
S28	A0A7K7F0Z8			Prcp	Chionis minor (Black-faced sheathbill)	438	Inferred from homology
S28	A0A7K7GGU8			Prcp	Erithacus rubecula (European robin)	438	Inferred from homology
S28	A0A7K7I7N2			Prcp	Loxia curvirostra (Red crossbill)	438	Inferred from homology
S28	A0A7K7KNZ1			Dpp7	Asarcornis scutulata	493	Inferred from homology
S28	A0A7K7LJF3			Prcp	Asarcornis scutulata	438	Inferred from homology
S28	A0A7K7NRR9			Dpp7	Haliaeetus albicilla (White-tailed sea-eagle) (Falco albicilla)	473	Inferred from homology
S28	A0A7K7SXU0			Dpp7	Sapayoa aenigma (broad-billed sapayoa)	427	Inferred from homology
S28	A0A7K7V753			Prcp	Eudromia elegans (Elegant crested-tinamou)	442	Inferred from homology
S28	A0A7K7XGK1			Prcp	Mohoua ochrocephala	438	Inferred from homology
S28	A0A7K8BML2			Prcp	Rhagologus leucostigma	438	Inferred from homology
S28	A0A7K8CQE9			Dpp7	Eulacestoma nigropectus (wattled ploughbill)	485	Inferred from homology
S28	A0A7K8EJQ4			Dpp7	Leucopsar rothschildi (Bali myna) (Rothschild's mynah)	471	Inferred from homology
S28	A0A7K8G193			Dpp7	Orthonyx spaldingii (Chowchilla)	487	Inferred from homology
S28	A0A7K8K2V6			Prcp	Lophotis ruficrista	441	Inferred from homology
S28	A0A7K8L1M6			Prcp	Ardeotis kori	441	Inferred from homology
S28	A0A7K8S4B5			Dpp7	Rhodinocichla rosea	487	Inferred from homology
S28	A0A7K8T9J6			Prcp	Nyctibius bracteatus (Rufous potoo)	438	Inferred from homology
S28	A0A7K8YIB6			Dpp7	Sakesphorus luctuosus	463	Inferred from homology
S28	A0A7K9C739			Dpp7	Psilopogon haemacephalus (coppersmith barbet)	491	Inferred from homology
S28	A0A7K9D1I9			Dpp7	Hemiprocne comata	472	Inferred from homology
S28	A0A7K9F0R1			Dpp7	Stercorarius parasiticus (Parasitic jaeger) (Arctic skua)	473	Inferred from homology
S28	A0A7K9H364			Prcp	Loxia leucoptera (White-winged crossbill)	438	Inferred from homology
S28	A0A7K9JBN9			Prcp	Myiagra hebetior	438	Inferred from homology
S28	A0A7K9NWU9			Dpp7	Edolisoma coerulescens	485	Inferred from homology
S28	A0A7K9PZX1			Dpp7	Pachycephala philippinensis (yellow-belllied whistler)	497	Inferred from homology
S28	A0A7K9QM90			Dpp7	Irena cyanogastra (Philippine fairy-bluebird)	464	Inferred from homology
S28	A0A7K9YHZ8			Dpp7	Odontophorus gujanensis (marbled wood quail)	495	Inferred from homology
S28	A0A7K9YWR7			Prcp	Odontophorus gujanensis (marbled wood quail)	438	Inferred from homology
S28	A0A7K9ZGR5			Dpp7	Dicrurus megarhynchus	472	Inferred from homology
S28	A0A7L0CCE8			Prcp	Spizaetus tyrannus (black hawk-eagle)	438	Inferred from homology
S28	A0A7L0DJA1			Dpp7	Rostratula benghalensis (greater painted-snipe)	489	Inferred from homology
S28	A0A7L0HXS4			Dpp7	Arenaria interpres (Ruddy turnstone) (Tringa interpres)	433	Inferred from homology
S28	A0A7L0I0J6			Prcp	Arenaria interpres (Ruddy turnstone) (Tringa interpres)	442	Inferred from homology
S28	A0A7L0MLT7			Prcp	Amazona guildingii	442	Inferred from homology
S28	A0A7L0P7E6			Dpp7	Mesembrinibis cayennensis	473	Inferred from homology
S28	A0A7L0QQW2			Prcp	Setophaga kirtlandii (Kirtland's warbler) (Dendroica kirtlandii)	438	Inferred from homology
S28	A0A7L0V3P3			Dpp7	Leptocoma aspasia	476	Inferred from homology
S28	A0A7L1GFN2			Dpp7	Indicator maculatus (spotted honeyguide)	493	Inferred from homology
S28	A0A7L1HA12			Dpp7	Nycticryphes semicollaris	436	Inferred from homology
S28	A0A7L1L5P2			Prcp	Himantopus himantopus (Black-winged stilt) (Charadrius himantopus)	438	Inferred from homology
S28	A0A7L1NS33			Prcp	Rhinopomastus cyanomelas (Common scimitarbill)	438	Inferred from homology
S28	A0A7L1THK0			Dpp7	Aramus guarauna (Limpkin) (Scolopax guarauna)	470	Inferred from homology
S28	A0A7L2H5C1			Dpp7	Nyctibius grandis (Great potoo)	470	Inferred from homology
S28	A0A7L2HV17			Prcp	Sagittarius serpentarius (Secretary bird)	438	Inferred from homology
S28	A0A7L2J3X6			Prcp	Cinclus mexicanus (American dipper)	438	Inferred from homology
S28	A0A7L2KL55			Prcp	Zosterops hypoxanthus	441	Inferred from homology
S28	A0A7L2PNR3			Dpp7	Hypocryptadius cinnamomeus	471	Inferred from homology
S28	A0A7L2Q8B7			Prcp	Hypocryptadius cinnamomeus	438	Inferred from homology
S28	A0A7L2RDD8			Prcp	Neodrepanis coruscans (wattled asity)	438	Inferred from homology
S28	A0A7L2S606			Dpp7	Mystacornis crossleyi	437	Inferred from homology
S28	A0A7L2SEL6			Prcp	Mystacornis crossleyi	438	Inferred from homology
S28	A0A7L2VY54			Dpp7	Brachypteracias leptosomus (short-legged ground-roller)	492	Inferred from homology
S28	A0A7L3AX31			Prcp	Syrrhaptes paradoxus (Pallas's sandgrouse)	437	Inferred from homology
S28	A0A7L3DT65			Prcp	Pluvianellus socialis (Magellanic plover)	438	Inferred from homology
S28	A0A7L3I0W3			Prcp	Pardalotus punctatus (spotted pardalote)	438	Inferred from homology
S28	A0A7L3VIY0			Dpp7	Molothrus ater (Brown-headed cowbird)	473	Inferred from homology
S28	A0A7L3W8U6			Prcp	Atlantisia rogersi (Inaccessible Island rail)	442	Inferred from homology
S28	A0A7L4FD22			Dpp7	Pampusana beccarii (Western bronze ground-dove)	474	Inferred from homology
S28	A0A7L4G794			Prcp	Pampusana beccarii (Western bronze ground-dove)	437	Inferred from homology
S28	A0A7L4KNK3			Prcp	Callaeas wilsoni (North Island kokako)	442	Inferred from homology
S28	A0A7N8XEW0				Mastacembelus armatus (zig-zag eel)	449	Inferred from homology
S28	A0A7N9CSF9			DPP7	Macaca fascicularis (Crab-eating macaque) (Cynomolgus monkey)	479	Inferred from homology
S28	A0A803W9P9			DPP7	Ficedula albicollis (Collared flycatcher) (Muscicapa albicollis)	536	Inferred from homology
S28	A0A851JDN8			Prcp	Donacobius atricapilla	438	Inferred from homology
S28	A0A851K7L1			Dpp7	Vidua chalybeata (Village indigobird)	487	Inferred from homology
S28	A0A851MDF8			Dpp7	Campylorhamphus procurvoides	463	Inferred from homology
S28	A0A851QY48			Prcp	Tychaedon coryphoeus (Karoo scrub-robin) (Erythropygia coryphaeus)	438	Inferred from homology
S28	A0A851TJ09			Dpp7	Nothocercus nigrocapillus	474	Inferred from homology
S28	A0A851VI96			Dpp7	Copsychus sechellarum	492	Inferred from homology
S28	A0A851ZEN4			Prcp	Calcarius ornatus (Chestnut-collared longspur)	438	Inferred from homology
S28	A0A852LSQ4			Dpp7	Centropus bengalensis (lesser coucal)	507	Inferred from homology
S28	A0A852N8B1			Dpp7	Pteruthius melanotis	456	Inferred from homology
S28	A0A8B6F9C7				Mytilus galloprovincialis (Mediterranean mussel)	496	Inferred from homology
S28	A0A8B7ABA3		XP_007945258.1	DPP7	Orycteropus afer afer	599	Inferred from homology
S28	A0A8B7PQI3		XP_018027731.1	LOC108682974	Hyalella azteca (Amphipod)	480	Inferred from homology
S28	A0A8B7RDI4		XP_019499110.1	PRCP	Hipposideros armiger (Great Himalayan leaf-nosed bat)	495	Inferred from homology
S28	A0A8B8D6M0		XP_022323280.1	LOC111124590	Crassostrea virginica (Eastern oyster)	486	Inferred from homology
S28	A0A8B8SXX9		XP_032334870.1	DPP7	Camelus ferus (Wild bactrian camel) (Camelus bactrianus ferus)	497	Inferred from homology
S28	A0A8B9S2K1				Apteryx owenii (Little spotted kiwi)	466	Inferred from homology
S28	A0A8C0BRH5				Buteo japonicus	436	Inferred from homology
S28	A0A8C0HDE7			DPP7	Chelonoidis abingdonii (Abingdon island giant tortoise) (Testudo abingdonii)	496	Inferred from homology
S28	A0A8C0JCP1			PRCP	Chelonoidis abingdonii (Abingdon island giant tortoise) (Testudo abingdonii)	468	Inferred from homology
S28	A0A8C0JDV1			PRCP	Chelonoidis abingdonii (Abingdon island giant tortoise) (Testudo abingdonii)	481	Inferred from homology
S28	A0A8C1C6S2				Cyprinus carpio carpio	488	Inferred from homology
S28	A0A8C1F4K0				Cyprinus carpio carpio	500	Inferred from homology
S28	A0A8C1HDS4				Cyprinus carpio carpio	460	Inferred from homology
S28	A0A8C3ABX7				Cyclopterus lumpus (Lumpsucker)	497	Inferred from homology
S28	A0A8C3KWN1				Chrysolophus pictus (Golden pheasant) (Phasianus pictus)	483	Inferred from homology
S28	A0A8C3TK41			LOC116992579	Catharus ustulatus (Russet-backed thrush) (Hylocichla ustulatus)	469	Inferred from homology
S28	A0A8C3XFW2				Cyanoderma ruficeps (rufous-capped babbler)	479	Inferred from homology
S28	A0A8C4IQN0				Dicentrarchus labrax (European seabass) (Morone labrax)	444	Inferred from homology
S28	A0A8C4J117			PRCP	Dromaius novaehollandiae (Emu)	504	Inferred from homology
S28	A0A8C4SAK0		XP_028656144.1	PRCP	Erpetoichthys calabaricus (Rope fish) (Calamoichthys calabaricus)	542	Inferred from homology
S28	A0A8C5EBN4			prcp	Gouania willdenowi (Blunt-snouted clingfish) (Lepadogaster willdenowi)	504	Inferred from homology
S28	A0A8C5EBZ8			prcp	Gouania willdenowi (Blunt-snouted clingfish) (Lepadogaster willdenowi)	472	Inferred from homology
S28	A0A8C5HF17			dpp7	Gouania willdenowi (Blunt-snouted clingfish) (Lepadogaster willdenowi)	472	Inferred from homology
S28	A0A8C5JMC6				Junco hyemalis (Dark-eyed junco)	496	Inferred from homology
S28	A0A8C5LI65			Dpp7	Jaculus jaculus (Lesser Egyptian jerboa)	497	Inferred from homology
S28	A0A8C5RHX9			DPP7	Laticauda laticaudata (Blue-ringed sea krait) (Blue-lipped sea krait)	474	Inferred from homology
S28	A0A8C5U002				Malurus cyaneus samueli	477	Inferred from homology
S28	A0A8C6RD23			LOC103742987	Nannospalax galili (Northern Israeli blind subterranean mole rat) (Spalax galili)	461	Inferred from homology
S28	A0A8C6TLG1				Neogobius melanostomus (round goby)	472	Inferred from homology
S28	A0A8C6XDV9			PRCP	Naja naja (Indian cobra)	481	Inferred from homology
S28	A0A8C6XE75			PRCP	Naja naja (Indian cobra)	455	Inferred from homology
S28	A0A8C6XG25			PRCP	Naja naja (Indian cobra)	469	Inferred from homology
S28	A0A8C6Z3X4			DPP7	Nothoprocta perdicaria (Chilean tinamou) (Crypturus perdicarius)	477	Inferred from homology
S28	A0A8C7ENU0		XP_044120391.1	DPP7	Neovison vison (American mink) (Mustela vison)	521	Inferred from homology
S28	A0A8C7MK42			PRCP	Oncorhynchus kisutch (Coho salmon) (Salmo kisutch)	503	Inferred from homology
S28	A0A8C7VN59				Oncorhynchus mykiss (Rainbow trout) (Salmo gairdneri)	487	Inferred from homology
S28	A0A8C8EA14				Otus sunia (Oriental scops-owl)	487	Inferred from homology
S28	A0A8C8RTF1				Pelusios castaneus (West African mud turtle)	490	Inferred from homology
S28	A0A8C8UE73				Peromyscus maniculatus bairdii (Prairie deer mouse)	490	Inferred from homology
S28	A0A8C8VFX8				Pelusios castaneus (West African mud turtle)	509	Inferred from homology
S28	A0A8C8XUL6			DPP7	Panthera leo (Lion)	536	Inferred from homology
S28	A0A8C9F2W9				Pavo cristatus (Indian peafowl) (Blue peafowl)	471	Inferred from homology
S28	A0A8C9IH48			PRCP	Piliocolobus tephrosceles (Ugandan red Colobus)	516	Inferred from homology
S28	A0A8C9PNT6				Spermophilus dauricus (Daurian ground squirrel)	496	Inferred from homology
S28	A0A8C9SVQ6		XP_018619078.2	PRCP	Scleropages formosus (Asian bonytongue) (Osteoglossum formosum)	506	Inferred from homology
S28	A0A8D2H1U0		XP_026251214.1	DPP7	Urocitellus parryii (Arctic ground squirrel) (Spermophilus parryii)	498	Inferred from homology
S28	A0A8I3NNG3		XP_005633493.1	PRCP	Canis lupus familiaris (Dog) (Canis familiaris)	497	Inferred from homology
S28	A0A8I6S6M2			106670933	Cimex lectularius (Bed bug) (Acanthia lectularia)	467	Inferred from homology
S28	A0A8S4NWF9				Owenia fusiformis (Polychaete worm)	639	Inferred from homology
S28	A0A8S4SDE2			jg11006	Pararge aegeria aegeria	471	Inferred from homology
S28	A0A8T2IF13				Hymenochirus boettgeri (Congo dwarf clawed frog)	502	Inferred from homology
S28	A0A8U7N4P9			DPP7	Corvus moneduloides (New Caledonian crow)	476	Inferred from homology
S28	A0A8V1AIZ0			DPP7	Gallus gallus (Chicken)	519	Evidence at protein level
S28	A0A8W8L7R7				Magallana gigas (Pacific oyster) (Crassostrea gigas)	486	Inferred from homology
S28	A0A8X6TI77			PRCP	Nephila pilipes (Giant wood spider) (Nephila maculata)	470	Inferred from homology
S28	A0A913ZVN2		XP_038055559.1		Patiria miniata (Bat star) (Asterina miniata)	505	Inferred from homology
S28	A0A922HZ58				Dermatophagoides farinae (American house dust mite)	1493	Inferred from homology
S28	A0A9D3M4V7				Anguilla anguilla (European freshwater eel) (Muraena anguilla)	539	Inferred from homology
S28	A0A9J7ZMV2				Cyprinus carpio carpio	487	Inferred from homology
S28	A0A9N7YEC3				Pleuronectes platessa (European plaice)	527	Inferred from homology
S28	A0A9Q0MPC7			Ino80	Pseudolycoriella hygida	1881	Inferred from homology
S28	A0A9Q1D9T9				Conger conger (Conger eel) (Muraena conger)	497	Inferred from homology
S28	A0A9Q1G9Y2				Synaphobranchus kaupii (Kaup's arrowtooth eel)	597	Inferred from homology
S28	A0A9W2X7K7		XP_054947459.1	PRCP	Physeter macrocephalus (Sperm whale) (Physeter catodon)	496	Inferred from homology
S28	A0A9W3B5M2		XP_055894764.1	LOC106063884	Biomphalaria glabrata (Bloodfluke planorb) (Freshwater snail)	509	Inferred from homology
S28	A0A9W3H4K2		XP_010971744.2	PRCP	Camelus bactrianus (Bactrian camel)	504	Inferred from homology
S28	A0AA40L2C3			Prcp	Pygoscelis papua (Gentoo penguin)	438	Inferred from homology
S28	A0AA88Q268				Cirrhinus molitorella (mud carp)	494	Inferred from homology
S28	A0AA97J1G0		XP_054829582.1	PRCP	Eublepharis macularius (Leopard gecko) (Cyrtodactylus macularius)	494	Inferred from homology
S28	A0AA97MEI9			Prcp	Menura novaehollandiae (superb lyrebird)	438	Inferred from homology
S28	A0AAD1R8H5				Pelobates cultripes (Western spadefoot toad)	496	Inferred from homology
S28	A0AAD3R3A7				Lates japonicus (Japanese lates)	365	Inferred from homology
S28	A0AAD4Y2F7				Ovis ammon polii	1024	Inferred from homology
S28	A0AAD5ABI4				Silurus asotus (Amur catfish) (Parasilurus asotus)	492	Inferred from homology
S28	A0AAD5FRL9				Silurus asotus (Amur catfish) (Parasilurus asotus)	493	Inferred from homology
S28	A0AAD9BXS8				Dissostichus eleginoides (Patagonian toothfish) (Dissostichus amissus)	490	Inferred from homology
S28	A0AAD9NYF6				Ridgeia piscesae (Tubeworm)	556	Inferred from homology
S28	A0AAE0SSM5				Potamilus streckersoni	488	Inferred from homology
S28	A0AAJ7JD32		XP_017889844.1	LOC108630830	Ceratina calcarata	490	Inferred from homology
S28	A0AAN7SAZ4				Aquatica leii	901	Inferred from homology
S28	A0AAN8PKP2				Patella caerulea (Rayed Mediterranean limpet)	487	Inferred from homology
S28	A0AAN9HCF3				Phoxinus phoxinus (Eurasian minnow)	500	Inferred from homology
S28	A0AAN9HF22				Phoxinus phoxinus (Eurasian minnow)	493	Inferred from homology
S28	A0AAQ6IH25		XP_026198495.1	DPP7	Anabas testudineus (Climbing perch) (Anthias testudineus)	512	Inferred from homology
S28	A0AAR2LFM0			PRCP	Pygocentrus nattereri (Red-bellied piranha)	471	Inferred from homology
S28	A0AAW0HAM7				Myodes glareolus (Bank vole) (Clethrionomys glareolus)	506	Inferred from homology
S28	A0AAW1BLV9				Crotalus adamanteus (Eastern diamondback rattlesnake)	493	Inferred from homology
S28	A0AAW1EPR3				Zoarces viviparus (Viviparous eelpout) (Blennius viviparus)	494	Inferred from homology
S28	A0AAX6S3C4		XP_021102830.1	Prcp	Heterocephalus glaber (Naked mole rat)	511	Inferred from homology
S28	A0AAY4C3Z9			DPP7	Denticeps clupeoides (denticle herring)	477	Inferred from homology
S28	A0AAY4CC96			PRCP	Denticeps clupeoides (denticle herring)	485	Inferred from homology
S28	A0AAZ3PII8			PRCP	Oncorhynchus tshawytscha (Chinook salmon) (Salmo tshawytscha)	503	Inferred from homology
S28	A0ABC9XKR3				Grus japonensis (Japanese crane) (Red-crowned crane)	501	Inferred from homology
S28	B4KG44	S28.001;		Dmoj\GI18077	Drosophila mojavensis (Fruit fly)	469	Inferred from homology
S28	B4LSQ5	S28.001;		Dvir\GJ16686	Drosophila virilis (Fruit fly)	469	Inferred from homology
S28	D6WVZ7	S28.001;		AUGUSTUS-3.0.2_06303	Tribolium castaneum (Red flour beetle)	478	Inferred from homology
S28	F7FFS2			PRCP	Callithrix jacchus (White-tufted-ear marmoset) (Simia Jacchus)	391	Inferred from homology
S28	F7GCQ1	S28.002;		DPP7	Macaca mulatta (Rhesus macaque)	454	Inferred from homology
S28	G1S3Q1			PRCP	Nomascus leucogenys (Northern white-cheeked gibbon) (Hylobates leucogenys)	492	Inferred from homology
S28	G3NG87	S28.002;			Gasterosteus aculeatus aculeatus (three-spined stickleback)	483	Inferred from homology
S28	H0VW45		XP_023422157.1	DPP7	Cavia porcellus (Guinea pig)	507	Inferred from homology
S28	H2LCB4		XP_004075329.1	PRCP	Oryzias latipes (Japanese rice fish) (Japanese killifish)	504	Inferred from homology
S28	H3H3C8				Phytophthora ramorum (Sudden oak death agent)	1128	Inferred from homology
S28	K7BC74	S28.002;		DPP7	Pan troglodytes (Chimpanzee)	492	Evidence at transcript level
S28	K7DG91	S28.001;	XP_001175153.1	PRCP	Pan troglodytes (Chimpanzee)	496	Evidence at transcript level
S28	L8YFE0				Tupaia chinensis (Chinese tree shrew) (Tupaia belangeri chinensis)	471	Inferred from homology
S28	M7BHB1	S28.001;			Chelonia mydas (Green sea-turtle) (Chelonia agassizi)	476	Inferred from homology
S28	Q7QHZ3	S28.001;		1270489	Anopheles gambiae (African malaria mosquito)	481	Inferred from homology
S28	R0JHD8	S28.001;			Anas platyrhynchos (Mallard) (Anas boschas)	435	Inferred from homology
S28	A0A087VAA3	S28.002;			Balearica regulorum gibbericeps (East African grey crowned-crane)	470	Inferred from homology
S28	A0A087VM43	S28.001;			Balearica regulorum gibbericeps (East African grey crowned-crane)	431	Inferred from homology
S28	A0A091VIG4	S28.001;			Nipponia nippon (Crested ibis) (Ibis nippon)	430	Inferred from homology
S28	A0A093C843	S28.001;			Pterocles gutturalis (yellow-throated sandgrouse)	388	Inferred from homology
S28	A0A093I8J0				Dryobates pubescens (Downy woodpecker) (Picoides pubescens)	290	Inferred from homology
S28	A0A096NWP4		XP_003911085.1		Papio anubis (Olive baboon)	492	Inferred from homology
S28	A0A099ZL37	S28.002;			Tinamus guttatus (White-throated tinamou)	462	Inferred from homology
S28	A0A0A0A9N4	S28.001;			Charadrius vociferus (Killdeer) (Aegialitis vocifera)	431	Inferred from homology
S28	A0A151N4Z3			PRCP	Alligator mississippiensis (American alligator)	485	Inferred from homology
S28	A0A1A7ZL09		XP_015806793.1	PRCP	Nothobranchius furzeri (Turquoise killifish)	503	Inferred from homology
S28	A0A1S3I872		XP_013394465.1	LOC106161932	Lingula anatina (Brachiopod) (Lingula unguis)	488	Inferred from homology
S28	A0A1S3J1M8		XP_013404342.1	LOC106169430	Lingula anatina (Brachiopod) (Lingula unguis)	492	Inferred from homology
S28	A0A1U7QYH3		XP_005083751.1	Dpp7	Mesocricetus auratus (Golden hamster)	506	Inferred from homology
S28	A0A218ULK2			DPP7	Lonchura striata (white-rumped munia)	439	Inferred from homology
S28	A0A2K5I3Q7		XP_011794289.1		Colobus angolensis palliatus (Peters' Angolan colobus)	496	Inferred from homology
S28	A0A2K5NIA9		XP_011904237.1	DPP7	Cercocebus atys (Sooty mangabey) (Cercocebus torquatus atys)	492	Inferred from homology
S28	A0A2K5UTG9			PRCP	Macaca fascicularis (Crab-eating macaque) (Cynomolgus monkey)	496	Inferred from homology
S28	A0A2K5VZ35			DPP7	Macaca fascicularis (Crab-eating macaque) (Cynomolgus monkey)	523	Inferred from homology
S28	A0A2K6K449		XP_017730691.1	PRCP	Rhinopithecus bieti (Black snub-nosed monkey) (Pygathrix bieti)	496	Inferred from homology
S28	A0A2K6P6U2			DPP7	Rhinopithecus roxellana (Golden snub-nosed monkey) (Pygathrix roxellana)	453	Inferred from homology
S28	A0A2U4CFT0		XP_019804295.1	PRCP	Tursiops truncatus (Atlantic bottle-nosed dolphin) (Delphinus truncatus)	497	Inferred from homology
S28	A0A2U9BQU5				Scophthalmus maximus (Turbot) (Psetta maxima)	422	Inferred from homology
S28	A0A2Y9H4V9		XP_021546671.1	DPP7	Neomonachus schauinslandi (Hawaiian monk seal) (Monachus schauinslandi)	497	Inferred from homology
S28	A0A2Y9NW82		XP_022433798.1	DPP7	Delphinapterus leucas (Beluga whale)	512	Inferred from homology
S28	A0A2Y9RUA1		XP_023595529.1	PRCP	Trichechus manatus latirostris (Florida manatee)	505	Inferred from homology
S28	A0A315VYM2				Gambusia affinis (Western mosquitofish) (Heterandria affinis)	504	Inferred from homology
S28	A0A340XG66		XP_007459067.1	DPP7	Lipotes vexillifer (Yangtze river dolphin)	567	Inferred from homology
S28	A0A3B3CWH3				Oryzias melastigma (Marine medaka)	469	Inferred from homology
S28	A0A3B3UJL6		XP_014894660.1		Poecilia latipinna (sailfin molly)	496	Inferred from homology
S28	A0A3B4X3W8		XP_023253474.1		Seriola lalandi dorsalis	494	Inferred from homology
S28	A0A3B4YM09		XP_023261634.1		Seriola lalandi dorsalis	504	Inferred from homology
S28	A0A3B5BBD9		XP_008283381.1	dpp7	Stegastes partitus (bicolor damselfish)	492	Inferred from homology
S28	A0A3P9CN77		XP_004558665.2		Maylandia zebra (zebra mbuna)	521	Inferred from homology
S28	A0A3Q0FMN4		XP_025047445.1	PRCP	Alligator sinensis (Chinese alligator)	388	Inferred from homology
S28	A0A3Q1I0Q6		XP_026222399.1	PRCP	Anabas testudineus (Climbing perch) (Anthias testudineus)	497	Inferred from homology
S28	A0A3Q1I273				Acanthochromis polyacanthus (spiny chromis)	500	Inferred from homology
S28	A0A3Q2QC99		XP_012711936.2		Fundulus heteroclitus (Killifish) (Mummichog)	497	Inferred from homology
S28	A0A3Q2USN4				Haplochromis burtoni (Burton's mouthbrooder) (Chromis burtoni)	465	Inferred from homology
S28	A0A3Q2VE02				Haplochromis burtoni (Burton's mouthbrooder) (Chromis burtoni)	480	Inferred from homology
S28	A0A3Q3JKS7				Monopterus albus (Swamp eel)	500	Inferred from homology
S28	A0A3Q3MED0				Mastacembelus armatus (zig-zag eel)	500	Inferred from homology
S28	A0A3Q3ML49		XP_026167631.1		Mastacembelus armatus (zig-zag eel)	495	Inferred from homology
S28	A0A3Q3S5G6		XP_026172380.1		Mastacembelus armatus (zig-zag eel)	503	Inferred from homology
S28	A0A3Q3WAG0				Mola mola (Ocean sunfish) (Tetraodon mola)	477	Inferred from homology
S28	A0A484DBJ7				Perca flavescens (American yellow perch) (Morone flavescens)	483	Inferred from homology
S28	A0A4D9EHS0				Platysternon megacephalum (big-headed turtle)	525	Inferred from homology
S28	A0A4U5UZB2				Collichthys lucidus (Big head croaker) (Sciaena lucida)	494	Inferred from homology
S28	A0A4V3SBQ2				Temnothorax longispinosus	1731	Inferred from homology
S28	A0A4W2DPV1				Bos indicus x Bos taurus (Hybrid cattle)	488	Inferred from homology
S28	A0A4W3JWP5			LOC103184608	Callorhinchus milii (Ghost shark)	441	Inferred from homology
S28	A0A4W4GQP6			DPP7	Electrophorus electricus (Electric eel) (Gymnotus electricus)	470	Inferred from homology
S28	A0A4W4GX56		XP_026866649.2	DPP7	Electrophorus electricus (Electric eel) (Gymnotus electricus)	494	Inferred from homology
S28	A0A4W6FMY0			DPP7	Lates calcarifer (Barramundi) (Holocentrus calcarifer)	469	Inferred from homology
S28	A0A4X2K841		XP_027704957.1	DPP7	Vombatus ursinus (Common wombat)	491	Inferred from homology
S28	A0A5B7ET74			PRCP	Portunus trituberculatus (Swimming crab) (Neptunus trituberculatus)	460	Inferred from homology
S28	A0A5C6PBY0				Takifugu flavidus (sansaifugu)	500	Inferred from homology
S28	A0A5E4AA83				Marmota monax (Woodchuck)	368	Inferred from homology
S28	A0A5F4WBK7			PRCP	Callithrix jacchus (White-tufted-ear marmoset) (Simia Jacchus)	470	Inferred from homology
S28	A0A5F8A2B1		XP_014971768.2	DPP7	Macaca mulatta (Rhesus macaque)	492	Inferred from homology
S28	A0A5F8H1Q0		XP_007475483.1	DPP7	Monodelphis domestica (Gray short-tailed opossum)	495	Inferred from homology
S28	A0A5N4DN66				Camelus dromedarius (Dromedary) (Arabian camel)	405	Inferred from homology
S28	A0A5N4DN73				Camelus dromedarius (Dromedary) (Arabian camel)	405	Inferred from homology
S28	A0A5N5M5Y7				Pangasianodon hypophthalmus (Striped catfish) (Helicophagus hypophthalmus)	493	Inferred from homology
S28	A0A667H454			DPP7	Lynx canadensis (Canada lynx) (Felis canadensis)	527	Inferred from homology
S28	A0A668T977			PRCP	Oreochromis aureus (Israeli tilapia) (Chromis aureus)	502	Inferred from homology
S28	A0A669B3V1			DPP7	Oreochromis niloticus (Nile tilapia) (Tilapia nilotica)	495	Inferred from homology
S28	A0A670KG27		XP_028571711.1	DPP7	Podarcis muralis (Wall lizard) (Lacerta muralis)	492	Inferred from homology
S28	A0A670XXY7			PRCP	Pseudonaja textilis (Eastern brown snake)	454	Inferred from homology
S28	A0A670YKU5			DPP7	Pseudonaja textilis (Eastern brown snake)	514	Inferred from homology
S28	A0A671E6J7		XP_032980065.1	DPP7	Rhinolophus ferrumequinum (Greater horseshoe bat)	494	Inferred from homology
S28	A0A671E6R0			DPP7	Rhinolophus ferrumequinum (Greater horseshoe bat)	517	Inferred from homology
S28	A0A671RR64		XP_016318530.1	prcp	Sinocyclocheilus anshuiensis	498	Inferred from homology
S28	A0A671WUX6			DPP7	Sparus aurata (Gilthead sea bream)	452	Inferred from homology
S28	A0A672F8C9			prcp	Salarias fasciatus (Jewelled blenny) (Blennius fasciatus)	461	Inferred from homology
S28	A0A672FFD0			prcp	Salarias fasciatus (Jewelled blenny) (Blennius fasciatus)	456	Inferred from homology
S28	A0A672FW22			dpp7	Salarias fasciatus (Jewelled blenny) (Blennius fasciatus)	493	Inferred from homology
S28	A0A672L512			dpp7	Sinocyclocheilus grahami (Dianchi golden-line fish) (Barbus grahami)	494	Inferred from homology
S28	A0A672NYZ9		XP_016138697.1	prcp	Sinocyclocheilus grahami (Dianchi golden-line fish) (Barbus grahami)	487	Inferred from homology
S28	A0A672TEF0			PRCP	Strigops habroptila (Kakapo)	459	Inferred from homology
S28	A0A672TGA1			PRCP	Strigops habroptila (Kakapo)	456	Inferred from homology
S28	A0A672UE97		XP_030362599.1	DPP7	Strigops habroptila (Kakapo)	507	Inferred from homology
S14	Q16740	S14.003;	NP_006003.1	CLPP	Homo sapiens (Human)	277	Evidence at protein level
S14	P56772	S14.002;	NP_051083.1	clpP1	Arabidopsis thaliana (Mouse-ear cress)	196	Evidence at protein level
S14	Q8LB10	S14.001;	NP_567521.1	CLPR4	Arabidopsis thaliana (Mouse-ear cress)	305	Evidence at protein level
S14	Q9FN42	S14.A02;	NP_568427.1	CLPP2	Arabidopsis thaliana (Mouse-ear cress)	241	Evidence at protein level
S14	Q9S834	S14.A01;	NP_563657.1	CLPP5	Arabidopsis thaliana (Mouse-ear cress)	298	Evidence at protein level
S14	Q9XJ35		NP_564560.1	CLPR1	Arabidopsis thaliana (Mouse-ear cress)	387	Evidence at protein level
S14	Q9SAA2	S14.006;	NP_563893.1	CLPP6	Arabidopsis thaliana (Mouse-ear cress)	271	Evidence at protein level
S14	Q9SXJ6	S14.A03;	NP_564880.1	CLPP3	Arabidopsis thaliana (Mouse-ear cress)	309	Evidence at protein level
S14	O88696	S14.003;	NP_059089.1	Clpp	Mus musculus (Mouse)	272	Evidence at protein level
S14	Q27539	S14.A04;	NP_001254239.1	clpp-1	Caenorhabditis elegans	221	Evidence at protein level
S14	Q8L770		NP_001031008.1	CLPR3	Arabidopsis thaliana (Mouse-ear cress)	330	Evidence at protein level
S14	Q9XJ36			CLPR2	Arabidopsis thaliana (Mouse-ear cress)	279	Evidence at protein level
S14	Q94B60	S14.010;	NP_568644.1	CLPP4	Arabidopsis thaliana (Mouse-ear cress)	292	Evidence at protein level
S14	P42380		NP_958364.1	clpP	Chlamydomonas reinhardtii (Chlamydomonas smithii)	524	Evidence at protein level
S14	P0C314	S14.002;	NP_039410.1	clpP	Oryza sativa subsp. japonica (Rice)	216	Inferred from homology
S14	Q2KHU4	S14.003;	NP_001039879.1	CLPP	Bos taurus (Bovine)	272	Evidence at transcript level
S14	A8WPG6	S14.A04;		clpp-1	Caenorhabditis briggsae	219	Inferred from homology
S14	P26567	S14.002;	NP_043048.1	clpP	Zea mays (Maize)	216	Inferred from homology
S14	Q2PMR0	S14.002;	YP_538790.1	clpP	Glycine max (Soybean) (Glycine hispida)	196	Inferred from homology
S14	Q9M3K5	S14.002;	NP_054959.1	clpP	Spinacia oleracea (Spinach)	196	Inferred from homology
S14	A0A360	S14.002;	YP_817507.1	clpP	Coffea arabica (Arabian coffee)	196	Inferred from homology
S14	A1E9U9	S14.002;	YP_899432.1	clpP	Sorghum bicolor (Sorghum) (Sorghum vulgare)	216	Inferred from homology
S14	P12210	S14.002;	NP_054525.1	clpP	Nicotiana tabacum (Common tobacco)	196	Evidence at transcript level
S14	Q0ZIZ4	S14.002;	YP_567102.1	clpP	Vitis vinifera (Grape)	196	Inferred from homology
S14	Q2L926	S14.002;	YP_538961.1	clpP	Gossypium hirsutum (Upland cotton) (Gossypium mexicanum)	196	Inferred from homology
S14	Q3C1K4	S14.002;	YP_358703.1	clpP	Nicotiana sylvestris (Wood tobacco) (South American tobacco)	196	Inferred from homology
S14	Q6ENE9	S14.002;	YP_052774.1	clpP	Oryza nivara (Indian wild rice) (Oryza sativa f. spontanea)	216	Inferred from homology
S14	Q0P3P4	S14.002;	YP_717211.1	clpP	Ostreococcus tauri (Marine green alga)	200	Inferred from homology
S14	Q27S24	S14.002;	YP_635664.1	clpP	Solanum tuberosum (Potato)	198	Inferred from homology
S14	Q2MI76	S14.002;	YP_008563113.1	clpP	Solanum lycopersicum (Tomato) (Lycopersicon esculentum)	206	Inferred from homology
S14	Q6YXM7	S14.002;	YP_009477507.1	clpP	Physcomitrium patens (Spreading-leaved earth moss) (Physcomitrella patens)	199	Inferred from homology
S14	A4GYT6	S14.002;	YP_001109527.1	clpP	Populus trichocarpa (Western balsam poplar) (Populus balsamifera subsp. trichocarpa)	196	Inferred from homology
S14	P24064	S14.002;	NP_114282.1	clpP	Triticum aestivum (Wheat)	216	Inferred from homology
S14	Q70XY2	S14.002;	NP_904123.1	clpP	Amborella trichopoda	202	Inferred from homology
S14	Q9VKY3	S14.003;	NP_001260332.1	ClpP	Drosophila melanogaster (Fruit fly)	253	Evidence at protein level
S14	M0R208			CLPP	Homo sapiens (Human)	190	Evidence at protein level
S14	A0A553PKM8				Tigriopus californicus (Marine copepod)	1332	Inferred from homology
S14	A0A812PR43			lon	Symbiodinium necroappetens	1912	Inferred from homology
S14	A0AA38F9P0				Taxus chinensis (Chinese yew) (Taxus wallichiana var. chinensis)	780	Inferred from homology
S14	A0A182EAX1				Onchocerca ochengi (Filarial nematode worm)	1927	Inferred from homology
S14	A0A1A9VKD8				Glossina austeni (Savannah tsetse fly)	1005	Inferred from homology
S14	M0RAD5			Clpp	Rattus norvegicus (Rat)	333	Inferred from homology
S14	Q502B9	S14.003;	NP_001018520.1	clpp	Danio rerio (Zebrafish) (Brachydanio rerio)	266	Evidence at protein level
S14	A0A2R8YEF5			CLPP	Homo sapiens (Human)	33	Evidence at protein level
S14	M0QXE9			CLPP	Homo sapiens (Human)	71	Evidence at protein level
S14	A0A024BK29		YP_009033910.1	clpP	Dioscorea cayennensis subsp. rotundata (White Guinea yam) (Dioscorea rotundata)	203	Inferred from homology
S14	A0A0A8K8G7		YP_009116367.1	clpP	Ananas comosus (Pineapple) (Ananas ananas)	203	Inferred from homology
S14	A0A0D9RBE5		XP_007993163.1	CLPP	Chlorocebus sabaeus (Green monkey) (Simia sabaea)	277	Inferred from homology
S14	A0A0F7RPG8		YP_003434369.1	clpP	Vigna radiata var. radiata (Mung bean) (Phaseolus aureus)	194	Inferred from homology
S14	A0A0U9HKT2			clpP	Klebsormidium nitens (Green alga) (Ulothrix nitens)	205	Inferred from homology
S14	A0A0V0UBJ9			CLPP	Trichinella murrelli	851	Inferred from homology
S14	A0A0V1H886			CLPP	Trichinella zimbabwensis	930	Inferred from homology
S14	A0A1D5UFU5		XP_044333511.1	LOC123053949	Triticum aestivum (Wheat)	300	Inferred from homology
S14	A0A1W6CCE5		YP_817507.1	clpP	Coffea arabica (Arabian coffee)	196	Inferred from homology
S14	A0A286RX07		YP_009429475.1	clpP	Nicotiana attenuata (Coyote tobacco)	196	Inferred from homology
S14	A0A2K6R877		XP_010365479.1	CLPP	Rhinopithecus roxellana (Golden snub-nosed monkey) (Pygathrix roxellana)	277	Inferred from homology
S14	A0A5N6NSQ1				Mikania micrantha (bitter vine)	632	Inferred from homology
S14	A0A674EGB6			CLPP	Salmo trutta (Brown trout)	262	Inferred from homology
S14	A0A6I8N9M5			CLPP	Ornithorhynchus anatinus (Duckbill platypus)	329	Inferred from homology
S14	A0A6P5J1B4		XP_020827103.1	CLPP	Phascolarctos cinereus (Koala)	251	Inferred from homology
S14	A0A7J7TAL9				Pipistrellus kuhlii (Kuhl's pipistrelle)	273	Inferred from homology
S14	A0A7N9CFT2			CLPP	Macaca fascicularis (Crab-eating macaque) (Cynomolgus monkey)	327	Inferred from homology
S14	A0A812NLY7			clpX	Symbiodinium pilosum (Dinoflagellate)	620	Inferred from homology
S14	A0A8C6L1T9			CLPP	Nothobranchius furzeri (Turquoise killifish)	263	Inferred from homology
S14	A0A8C7JMK0			CLPP	Oncorhynchus kisutch (Coho salmon) (Salmo kisutch)	263	Inferred from homology
S14	A0A8C9RN02		XP_018594088.1	CLPP	Scleropages formosus (Asian bonytongue) (Osteoglossum formosum)	267	Inferred from homology
S14	A0A8X7V5T8				Brassica carinata (Ethiopian mustard) (Abyssinian cabbage)	1507	Inferred from homology
S14	A0A9Q0JNZ0				Turnera subulata	642	Inferred from homology
S14	A0AAF5CY99				Strongyloides stercoralis (Threadworm)	1471	Inferred from homology
S14	A0AAN7CDW2				Achaetomium macrosporum	788	Inferred from homology
S14	A0AAU9RD54				Thlaspi arvense (Field penny-cress)	772	Inferred from homology
S14	B3MPS3	S14.003;		Dana\GF15771	Drosophila ananassae (Fruit fly)	252	Inferred from homology
S14	F6YQ20			CLPP	Macaca mulatta (Rhesus macaque)	277	Inferred from homology
S14	H2QF44	S14.003;	XP_512312.2	CLPP	Pan troglodytes (Chimpanzee)	277	Evidence at transcript level
S14	I3NF86	S14.003;		CLPP	Ictidomys tridecemlineatus (Thirteen-lined ground squirrel) (Spermophilus tridecemlineatus)	272	Inferred from homology
S14	K3Y916		XP_004976290.1	LOC101774931	Setaria italica (Foxtail millet) (Panicum italicum)	298	Inferred from homology
S14	K7FHW9			CLPP	Pelodiscus sinensis (Chinese softshell turtle) (Trionyx sinensis)	214	Inferred from homology
S14	U3DUU6	S14.003;	XP_002761668.1	CLPP	Callithrix jacchus (White-tufted-ear marmoset) (Simia Jacchus)	273	Evidence at transcript level
S14	W8H123	S14.002;	YP_009020064.1	clpP	Prunus mume (Japanese apricot) (Armeniaca mume)	195	Inferred from homology
S14	A0A074ZSB2		XP_009167513.1		Opisthorchis viverrini (Southeast Asian liver fluke)	696	Inferred from homology
S14	A0A0E0JJD7				Oryza punctata (Red rice)	829	Inferred from homology
S14	A0A0V1CK84			CLPP	Trichinella britovi (Parasitic roundworm)	851	Inferred from homology
S14	A0A0V1LH81			CLPP	Trichinella nativa	856	Inferred from homology
S14	A0A0V1M4K5			CLPP	Trichinella papuae	835	Inferred from homology
S14	A0A176WHW8				Marchantia polymorpha subsp. ruderalis	1311	Inferred from homology
S14	A0A1A9UK45				Glossina austeni (Savannah tsetse fly)	611	Inferred from homology
S14	A0A286ZRL1		XP_003480866.3	CLPP	Sus scrofa (Pig)	273	Evidence at protein level
S14	A0A2I0B867			CLPP4	Apostasia shenzhenica	765	Inferred from homology
S14	A0A2K5CZV0		XP_012291546.1	CLPP	Aotus nancymaae (Ma's night monkey)	273	Inferred from homology
S14	A0A2K5XNV0		XP_011822806.1	CLPP	Mandrillus leucophaeus (Drill) (Papio leucophaeus)	277	Inferred from homology
S14	A0A2Z7A7V6				Dorcoceras hygrometricum	1505	Inferred from homology
S14	A0A3B6NRW0		XP_044403409.1	LOC123127688	Triticum aestivum (Wheat)	300	Inferred from homology
S14	A0A3Q0S3H9				Amphilophus citrinellus (Midas cichlid) (Cichlasoma citrinellum)	278	Inferred from homology
S14	A0A401Q1Z9				Scyliorhinus torazame (Cloudy catshark) (Catulus torazame)	828	Inferred from homology
S14	A0A4S4CZR9				Camellia sinensis var. sinensis (China tea)	193	Inferred from homology
S14	A0A4S4ED28				Camellia sinensis var. sinensis (China tea)	305	Inferred from homology
S14	A0A5K7W188			clpP1	Paulinella micropora	183	Inferred from homology
S14	A0A673XNJ6			CLPP	Salmo trutta (Brown trout)	264	Inferred from homology
S14	A0A673XUW0			CLPP	Salmo trutta (Brown trout)	205	Inferred from homology
S14	A0A6J2MI33		XP_028377648.1	LOC114504152	Phyllostomus discolor (pale spear-nosed bat)	273	Inferred from homology
S14	A0A803P0F9				Cannabis sativa (Hemp) (Marijuana)	1578	Inferred from homology
S14	A0A803SP96			CLPP	Anolis carolinensis (Green anole) (American chameleon)	259	Inferred from homology
S14	A0A804KLE4				Musa acuminata subsp. malaccensis (Wild banana) (Musa malaccensis)	259	Inferred from homology
S14	A0A804NTN9				Zea mays (Maize)	383	Evidence at protein level
S14	A0A813BZ99			clpP	Symbiodinium necroappetens	1427	Inferred from homology
S14	A0A834GBN5				Rhododendron simsii (Sims's rhododendron)	906	Inferred from homology
S14	A0A835M486				Coptis chinensis	376	Inferred from homology
S14	A0A8C0GBY6		XP_032636260.1	CLPP	Chelonoidis abingdonii (Abingdon island giant tortoise) (Testudo abingdonii)	248	Inferred from homology
S14	A0A8C6WBG1		XP_008835137.1	Clpp	Nannospalax galili (Northern Israeli blind subterranean mole rat) (Spalax galili)	272	Inferred from homology
S14	A0A8D0KER5				Salvator merianae (Argentine black and white tegu) (Tupinambis merianae)	250	Inferred from homology
S14	A0A8D2DT53			CLPP	Sciurus vulgaris (Eurasian red squirrel)	272	Inferred from homology
S14	A0A8H7UJM0				Umbelopsis vinacea	609	Inferred from homology
S14	A0A8K0N1Y8				Cocos nucifera (Coconut palm)	1114	Inferred from homology
S14	A0A8X8BYB7			Clpp	Polypterus senegalus (Senegal bichir)	461	Inferred from homology
S14	A0A8X8Y6J7				Salvia splendens (Scarlet sage)	1106	Inferred from homology
S14	A0A9L0JZ73			CLPP	Equus asinus (Donkey) (Equus africanus asinus)	272	Inferred from homology
S14	A0A9P1CT11				Cladocopium goreaui	1618	Inferred from homology
S14	A0AAN7CWW3				Corynascus novoguineensis	789	Inferred from homology
S14	A0AAV6HJJ9			rps11	Rhododendron griersonianum	653	Inferred from homology
S14	A0AAW2BGQ3				Lithocarpus litseifolius	827	Inferred from homology
S14	B3N9M4	S14.003;		Dere\GG10114	Drosophila erecta (Fruit fly)	253	Inferred from homology
S14	B3TN74	S14.002;	YP_002000510.1	clpP	Brachypodium distachyon (Purple false brome) (Trachynia distachya)	216	Inferred from homology
S14	D3WC42	S14.002;	YP_009093975.1	clpP	Nelumbo nucifera (Sacred lotus)	202	Inferred from homology
S14	D4PBD6	S14.002;	YP_003540956.1	clpP	Phoenix dactylifera (Date palm)	204	Inferred from homology
S14	E9NPS1	S14.002;	YP_004221999.1	clpP	Coccomyxa subellipsoidea (strain C-169) (Green microalga)	195	Inferred from homology
S14	F4MKS0		YP_004376445.1	clpP	Olea europaea subsp. europaea	196	Inferred from homology
S14	G9IB87	S14.002;	YP_004935691.1	clpP	Sesamum indicum (Oriental sesame) (Sesamum orientale)	196	Inferred from homology
S14	I3JG90		XP_003446439.1	CLPP	Oreochromis niloticus (Nile tilapia) (Tilapia nilotica)	270	Inferred from homology
S14	M0ZSK0			LOC102579725	Solanum tuberosum (Potato)	564	Inferred from homology
S14	S4SYT1	S14.002;		clpP	Medicago truncatula (Barrel medic) (Medicago tribuloides)	195	Inferred from homology
S14	A0A068LEC3		YP_009046939.1	clpP	Raphanus sativus (Radish) (Raphanus raphanistrum var. sativus)	196	Inferred from homology
S14	A0A076MF81	S14.002;	YP_009054454.1	clpP	Populus euphratica (Euphrates poplar)	195	Inferred from homology
S14	A0A0R3X6A0				Hydatigena taeniaeformis (Feline tapeworm) (Taenia taeniaeformis)	601	Inferred from homology
S14	A0A0V1BBF1			CLPP	Trichinella spiralis (Trichina worm)	873	Inferred from homology
S14	A0A0V1LHS3			CLPP	Trichinella nativa	853	Inferred from homology
S14	A0A175YDI3		YP_011069456.1	clpP	Daucus carota subsp. sativus (Carrot)	197	Inferred from homology
S14	A0A1A7ZNC5		XP_015824441.1	CLPP	Nothobranchius furzeri (Turquoise killifish)	265	Inferred from homology
S14	A0A1L5YB28			MYN1_Chr_65	Paulinella micropora	191	Inferred from homology
S14	A0A1Q9EC18			clpP	Symbiodinium microadriaticum (Dinoflagellate) (Zooxanthella microadriatica)	1427	Inferred from homology
S14	A0A1S4EU34		YP_004841808.1	clpP	Cucumis melo (Muskmelon)	196	Inferred from homology
S14	A0A2A2JKG3				Diploscapter pachys	361	Inferred from homology
S14	A0A2K5LV81		XP_011928645.1	CLPP	Cercocebus atys (Sooty mangabey) (Cercocebus torquatus atys)	277	Inferred from homology
S14	A0A2R9CDX0		XP_003819379.1	CLPP	Pan paniscus (Pygmy chimpanzee) (Bonobo)	277	Inferred from homology
S14	A0A3B6PL73		XP_044413328.1	LOC123137576	Triticum aestivum (Wheat)	300	Inferred from homology
S14	A0A498HHH9				Malus domestica (Apple) (Pyrus malus)	1780	Inferred from homology
S14	A0A498JWT7				Malus domestica (Apple) (Pyrus malus)	555	Inferred from homology
S14	A0A5A7QG90				Striga asiatica (Asiatic witchweed) (Buchnera asiatica)	1103	Inferred from homology
S14	A0A671FIK0		XP_032990343.1	CLPP	Rhinolophus ferrumequinum (Greater horseshoe bat)	273	Inferred from homology
S14	A0A673XNI2			CLPP	Salmo trutta (Brown trout)	260	Inferred from homology
S14	A0A674EHF6			CLPP	Salmo trutta (Brown trout)	263	Inferred from homology
S14	A0A674EHH9			CLPP	Salmo trutta (Brown trout)	203	Inferred from homology
S14	A0A6P5XXG3		XP_022732802.1	LOC111286928	Durio zibethinus (Durian)	514	Inferred from homology
S14	A0A8B8WZ68		XP_036702531.1	LOC118892248	Balaenoptera musculus (Blue whale)	274	Inferred from homology
S14	A0A8C2VK43		XP_005405783.1	CLPP	Chinchilla lanigera (Long-tailed chinchilla) (Chinchilla villidera)	272	Inferred from homology
S14	A0A8C3YKZ4			CLPP	Catagonus wagneri (Chacoan peccary)	273	Inferred from homology
S14	A0A8C7MWP1			CLPP	Oncorhynchus kisutch (Coho salmon) (Salmo kisutch)	264	Inferred from homology
S14	A0A8C8X209			CLPP	Panthera leo (Lion)	273	Inferred from homology
S14	A0A8S1ZGL1				Arabidopsis arenosa (Sand rock-cress) (Cardaminopsis arenosa)	1804	Inferred from homology
S14	A0A8S4QNW9			jg12668	Pararge aegeria aegeria	522	Inferred from homology
S14	A0A8U0Q4F5		XP_038836490.1	LOC120034122	Salvelinus namaycush (Lake trout) (Salmo namaycush)	267	Inferred from homology
S14	A0AAD5B7D7				Silurus asotus (Amur catfish) (Parasilurus asotus)	312	Inferred from homology
S14	A0AAD8CPH3			Clpp	Acipenser oxyrinchus oxyrinchus	253	Inferred from homology
S14	A0AAE1ZEX7				Schistosoma mekongi (Parasitic worm)	595	Inferred from homology
S14	A0AAW0I4R8			clpP	Quercus suber (Cork oak)	196	Inferred from homology
S14	F2YGL7	S14.002;	YP_004347777.1	clpP	Chlorella variabilis (Green alga)	201	Inferred from homology
S14	G3HCK3	S14.003;	XP_003501814.1	Clpp	Cricetulus griseus (Chinese hamster) (Cricetulus barabensis griseus)	272	Inferred from homology
S14	H3AG32			CLPP	Latimeria chalumnae (Coelacanth)	247	Inferred from homology
S14	I1HFT6		XP_003567789.1	LOC100841936	Brachypodium distachyon (Purple false brome) (Trachynia distachya)	390	Inferred from homology
S14	I1IBV3	S14.A02;	XP_010235743.1	LOC100822145	Brachypodium distachyon (Purple false brome) (Trachynia distachya)	302	Inferred from homology
S14	A0A0V0S5L9			CLPP	Trichinella nelsoni	894	Inferred from homology
S14	A0A0V0UBR5			CLPP	Trichinella murrelli	853	Inferred from homology
S14	A0A0V1BBM3			CLPP	Trichinella spiralis (Trichina worm)	875	Inferred from homology
S14	A0A0V1FWQ8			CLPP	Trichinella pseudospiralis (Parasitic roundworm)	903	Inferred from homology
S14	A0A0V1H9T7			CLPP	Trichinella zimbabwensis	906	Inferred from homology
S14	A0A140G1U2		NP_054525.1	clpP	Nicotiana tabacum (Common tobacco)	196	Inferred from homology
S14	A0A172QDG5		YP_009256352.1	clpP	Ziziphus jujuba (Chinese jujube) (Ziziphus sativa)	200	Inferred from homology
S14	A0A1U8QDV1		YP_358703.1	clpP	Nicotiana sylvestris (Wood tobacco) (South American tobacco)	196	Inferred from homology
S14	A0A3B6QIB1		XP_044420093.1	LOC123144901	Triticum aestivum (Wheat)	296	Inferred from homology
S14	A0A452FS09		XP_017906416.1	CLPP	Capra hircus (Goat)	272	Inferred from homology
S14	A0A4V3XDF0				Phellinidium pouzarii	1176	Inferred from homology
S14	A0A4W6E0X6		XP_018553870.1	CLPP	Lates calcarifer (Barramundi) (Holocentrus calcarifer)	267	Inferred from homology
S14	A0A4Z2D8Z9				Schistosoma japonicum (Blood fluke)	632	Inferred from homology
S14	A0A556TVQ2				Bagarius yarrelli (Goonch) (Bagrus yarrelli)	510	Inferred from homology
S14	A0A5K7W158			MYN1_Chr_383	Paulinella micropora	188	Inferred from homology
S14	A0A6I9LNJ0		XP_006982338.1	Clpp	Peromyscus maniculatus bairdii (Prairie deer mouse)	272	Inferred from homology
S14	A0A6P4EDV4		XP_016974699.1	LOC108041318	Drosophila rhopaloa (Fruit fly)	251	Inferred from homology
S14	A0A8C4T038		XP_028678446.1	CLPP	Erpetoichthys calabaricus (Rope fish) (Calamoichthys calabaricus)	259	Inferred from homology
S14	A0A8J5HPN2			GCP2	Zingiber officinale (Ginger) (Amomum zingiber)	642	Inferred from homology
S14	A0A9P3LYJ8				Entomortierella parvispora	619	Inferred from homology
S14	A0A9Q0S4B4			clpP_0	Pseudolycoriella hygida	495	Inferred from homology
S14	A0AAD8CNL9			Clpp	Acipenser oxyrinchus oxyrinchus	251	Inferred from homology
S14	A0AAN7A141				Chaetomidium leptoderma	800	Inferred from homology
S14	A0AAP0DRV0				Deinandra increscens subsp. villosa	671	Inferred from homology
S14	B4NZA9	S14.003;		Dyak\GE18928	Drosophila yakuba (Fruit fly)	253	Inferred from homology
S14	E0VQL5	S14.003;	XP_002428409.1	8237199	Pediculus humanus subsp. corporis (Body louse)	252	Inferred from homology
S14	E3W0L8	S14.002;	YP_004021690.1	clpP	Prunus persica (Peach) (Amygdalus persica)	195	Inferred from homology
S14	G1D783	S14.002;	YP_005090203.1	clpP	Ricinus communis (Castor bean)	195	Inferred from homology
S14	G1PAH2	S14.001;	XP_006101171.1	CLPP	Myotis lucifugus (Little brown bat)	273	Inferred from homology
S14	G3WAY9		XP_031803613.1	CLPP	Sarcophilus harrisii (Tasmanian devil) (Sarcophilus laniarius)	246	Inferred from homology
S14	G7IET9			11419358	Medicago truncatula (Barrel medic) (Medicago tribuloides)	373	Inferred from homology
S14	H0VPX7	S14.003;	XP_003461161.1	CLPP	Cavia porcellus (Guinea pig)	272	Inferred from homology
S14	H2NX76			CLPP	Pongo abelii (Sumatran orangutan) (Pongo pygmaeus abelii)	277	Inferred from homology
S14	I1IZU5	S14.A02;	XP_003581445.1	LOC100828358	Brachypodium distachyon (Purple false brome) (Trachynia distachya)	300	Inferred from homology
S14	I1PN65		XP_052152838.1	LOC127771064	Oryza glaberrima (African rice)	305	Inferred from homology
S14	O97252	S14.011;	XP_001351149.1		Plasmodium falciparum (isolate 3D7)	370	Evidence at protein level
S14	Q3KQF3	S14.003;	NP_001088816.1	clpp.L	Xenopus laevis (African clawed frog)	247	Evidence at transcript level
S14	U3R2P8		YP_009295129.1	clpP	Ipomoea nil (Japanese morning glory) (Pharbitis nil)	204	Inferred from homology
S14	A0A0R3W4C9				Taenia asiatica (Asian tapeworm)	586	Inferred from homology
S14	A0A0S2M9W9		YP_009186193.1	clpP	Juglans regia (English walnut)	196	Inferred from homology
S14	A0A0V1A3X4			CLPP	Trichinella patagoniensis	873	Inferred from homology
S14	A0A0V1H8Y0			CLPP	Trichinella zimbabwensis	859	Inferred from homology
S14	A0A0V1LHB5			CLPP	Trichinella nativa	875	Inferred from homology
S14	A0A1B0C1S7				Glossina palpalis gambiensis	500	Inferred from homology
S14	A0A1B0G4B1				Glossina morsitans morsitans (Savannah tsetse fly)	646	Inferred from homology
S14	A0A1V8SRB4				Cryoendolithus antarcticus	963	Inferred from homology
S14	A0A1Z1GAK6		YP_009390834.1	clpP	Punica granatum (Pomegranate)	196	Inferred from homology
S14	A0A2K5SDY8			CLPP	Cebus imitator (Panamanian white-faced capuchin) (Cebus capucinus imitator)	273	Inferred from homology
S14	A0A2K6V8D4		XP_003938903.1	CLPP	Saimiri boliviensis boliviensis (Bolivian squirrel monkey)	273	Inferred from homology
S14	A0A2P6TZ20				Chlorella sorokiniana (Freshwater green alga)	618	Inferred from homology
S14	A0A430QIH6				Schistosoma bovis (Blood fluke)	483	Inferred from homology
S14	A0A444UX02				Acipenser ruthenus (Sterlet sturgeon)	437	Inferred from homology
S14	A0A4X2ME57		XP_027706586.1	CLPP	Vombatus ursinus (Common wombat)	251	Inferred from homology
S14	A0A667YMY0		XP_029914468.1	CLPP	Myripristis murdjan (pinecone soldierfish)	267	Inferred from homology
S14	A0A6A6K2W4				Hevea brasiliensis (Para rubber tree) (Siphonia brasiliensis)	548	Inferred from homology
S14	A0A6H0E4Z1		YP_009766866.1	clpP	Arachis duranensis (Wild peanut)	197	Inferred from homology
S14	A0A7N5KJG6		XP_034513506.1	CLPP	Ailuropoda melanoleuca (Giant panda)	273	Inferred from homology
S14	A0A8C9SSU9			CLPP	Scleropages formosus (Asian bonytongue) (Osteoglossum formosum)	249	Inferred from homology
S14	A0A8C9U0H6			CLPP	Scleropages formosus (Asian bonytongue) (Osteoglossum formosum)	248	Inferred from homology
S14	A0A8I5N433		XP_003914800.1	CLPP	Papio anubis (Olive baboon)	277	Inferred from homology
S14	A0A8S9YMU4				Paragonimus skrjabini miyazakii	584	Inferred from homology
S14	A0A8T0AZ59				Silurus meridionalis (Southern catfish) (Silurus soldatovi meridionalis)	310	Inferred from homology
S14	A0A9P0KU07				Acanthoscelides obtectus (Bean weevil) (Bruchus obtectus)	196	Inferred from homology
S14	A0AAN6PQ17				Parachaetomium inaequale	775	Inferred from homology
S14	A0AAN6VBC8		XP_062641648.1		Dichotomopilus funicola	782	Inferred from homology
S14	A0AAV1EHI4			clpP1	Oldenlandia corymbosa var. corymbosa	196	Inferred from homology
S14	B5LMP8	S14.002;	YP_002149757.1	clpP	Cicer arietinum (Chickpea) (Garbanzo)	197	Inferred from homology
S14	B6TRZ5	S14.A02;	NP_001150643.1	LOC100284276	Zea mays (Maize)	302	Evidence at protein level
S14	C0P421	S14.A03;	NP_001149210.2	LOC100282832	Zea mays (Maize)	310	Evidence at protein level
S14	C1KR79	S14.002;	YP_002808657.1	clpP	Micromonas commoda (strain RCC299 / NOUM17 / CCMP2709) (Picoplanktonic green alga)	200	Inferred from homology
S14	F6UF15	S14.003;		CLPP	Equus caballus (Horse)	370	Evidence at protein level
S14	H2MSC2	S14.003;	XP_004071942.1	CLPP	Oryzias latipes (Japanese rice fish) (Japanese killifish)	265	Inferred from homology
S14	H9LAY6	S14.002;	YP_006073129.1	clpP	Elaeis guineensis var. tenera (Oil palm)	204	Inferred from homology
S14	H9LIC0	S14.002;	YP_538961.1	clpP	Gossypium hirsutum (Upland cotton) (Gossypium mexicanum)	196	Inferred from homology
S14	K3Z6X2		XP_004961020.1	LOC101764693	Setaria italica (Foxtail millet) (Panicum italicum)	390	Inferred from homology
S14	M3Y596	S14.003;	XP_004771628.1	CLPP	Mustela putorius furo (European domestic ferret) (Mustela furo)	273	Inferred from homology
S14	Q5VQ13				Oryza sativa subsp. japonica (Rice)	297	Evidence at protein level
S14	Q7XKK0	S14.A02;			Oryza sativa subsp. japonica (Rice)	259	Evidence at protein level
S14	F4HZE0				Arabidopsis thaliana (Mouse-ear cress)	370	Evidence at protein level
S14	Q0JNQ7	S14.001;			Oryza sativa subsp. japonica (Rice)	298	Evidence at protein level
S14	Q50LH5				Oryza sativa subsp. japonica (Rice)	282	Evidence at protein level
S14	Q10LK7				Oryza sativa subsp. japonica (Rice)	341	Evidence at protein level
S14	F4IAG5	S14.006;	NP_001184966.1	CLPP6	Arabidopsis thaliana (Mouse-ear cress)	289	Evidence at protein level
S14	Q0JBL5	S14.A02;			Oryza sativa subsp. japonica (Rice)	309	Evidence at protein level
S14	Q0JMF9	S14.A03;			Oryza sativa subsp. japonica (Rice)	314	Evidence at protein level
S14	Q6L4S1				Oryza sativa subsp. japonica (Rice)	386	Evidence at protein level
S14	A0AAF6Z0I0			CLPP	Bos taurus (Bovine)	247	Inferred from homology
S14	Q6H7I9	S14.A02;			Oryza sativa subsp. japonica (Rice)	298	Evidence at protein level
S14	Q7XBR2	S14.010;			Oryza sativa subsp. japonica (Rice)	293	Evidence at protein level
S14	Q852G0	S14.006;			Oryza sativa subsp. japonica (Rice)	259	Evidence at protein level
S14	A0A022PXB4				Erythranthe guttata (Yellow monkey flower) (Mimulus guttatus)	290	Inferred from homology
S14	A0A022Y7M7				Trichophyton soudanense CBS 452.61	238	Inferred from homology
S14	A0A060RNH3	S14.011;		ClpP	Plasmodium reichenowi	370	Inferred from homology
S14	A0A061DSA7				Theobroma cacao (Cacao) (Cocoa)	247	Inferred from homology
S14	A0A061E1T2				Theobroma cacao (Cacao) (Cocoa)	273	Inferred from homology
S14	A0A061EHZ1				Theobroma cacao (Cacao) (Cocoa)	316	Inferred from homology
S14	A0A061F377				Theobroma cacao (Cacao) (Cocoa)	325	Inferred from homology
S14	A0A061G8D9				Theobroma cacao (Cacao) (Cocoa)	288	Inferred from homology
S14	A0A066XZJ3				Colletotrichum sublineola (Sorghum anthracnose fungus)	228	Inferred from homology
S14	A0A067F0M4				Citrus sinensis (Sweet orange) (Citrus aurantium var. sinensis)	246	Inferred from homology
S14	A0A067GQ18				Citrus sinensis (Sweet orange) (Citrus aurantium var. sinensis)	217	Inferred from homology
S14	A0A067GSQ1				Citrus sinensis (Sweet orange) (Citrus aurantium var. sinensis)	301	Inferred from homology
S14	A0A067H1Y5				Citrus sinensis (Sweet orange) (Citrus aurantium var. sinensis)	246	Inferred from homology
S14	A0A067H7P1	S14.A01;			Citrus sinensis (Sweet orange) (Citrus aurantium var. sinensis)	305	Inferred from homology
S14	A0A067JKX3				Jatropha curcas (Barbados nut)	326	Inferred from homology
S14	A0A067L623				Jatropha curcas (Barbados nut)	308	Inferred from homology
S14	A0A067MQ52				Botryobasidium botryosum (strain FD-172 SS1)	253	Inferred from homology
S14	A0A067PJK2				Jaapia argillacea MUCL 33604	237	Inferred from homology
S14	A0A067TXM4				Galerina marginata (strain CBS 339.88)	250	Inferred from homology
S14	A0A072TKH2				Medicago truncatula (Barrel medic) (Medicago tribuloides)	216	Inferred from homology
S14	A0A074Y7C4		XP_013342108.1		Aureobasidium subglaciale (strain EXF-2481) (Aureobasidium pullulans var. subglaciale)	199	Inferred from homology
S14	A0A078F8J8			BnaC07g34050D	Brassica napus (Rape)	306	Inferred from homology
S14	A0A078FT17			BnaC08g41260D	Brassica napus (Rape)	488	Inferred from homology
S14	A0A078HEJ2	S14.010;		BnaC06g27560D	Brassica napus (Rape)	313	Inferred from homology
S14	A0A078IMU5			BnaCnng20510D	Brassica napus (Rape)	277	Inferred from homology
S14	A0A078JP28			BnaCnng62830D	Brassica napus (Rape)	210	Inferred from homology
S14	A0A078JSB6			BnaA07g36020D	Brassica napus (Rape)	125	Inferred from homology
S14	A0A087HG17				Arabis alpina (Alpine rock-cress)	295	Inferred from homology
S14	A0A087SNV6		XP_011400377.1		Auxenochlorella protothecoides (Green microalga) (Chlorella protothecoides)	195	Inferred from homology
S14	A0A087SS18		XP_011401542.1		Auxenochlorella protothecoides (Green microalga) (Chlorella protothecoides)	301	Inferred from homology
S14	A0A090L1Y1		XP_024501319.1		Strongyloides ratti (Parasitic roundworm)	230	Inferred from homology
S14	A0A096P986		XP_003083911.2		Ostreococcus tauri (Marine green alga)	292	Inferred from homology
S14	A0A097PDN8			clpP	Triticum turgidum subsp. durum (Durum wheat) (Triticum durum)	216	Inferred from homology
S14	A0A0A0KKQ7	S14.001;			Cucumis sativus (Cucumber)	285	Inferred from homology
S14	A0A0A0L3S1	S14.010;			Cucumis sativus (Cucumber)	293	Inferred from homology
S14	A0A0A0LA84	S14.A03;			Cucumis sativus (Cucumber)	339	Inferred from homology
S14	A0A0A0LC78	S14.001;			Cucumis sativus (Cucumber)	243	Inferred from homology
S14	A0A0A0LLX4	S14.006;			Cucumis sativus (Cucumber)	274	Inferred from homology
S14	A0A0A1TNP2				[Torrubiella] hemipterigena	251	Inferred from homology
S14	A0A0B0MXF1				Gossypium arboreum (Tree cotton) (Gossypium nanking)	265	Inferred from homology
S14	A0A0B0NUQ5				Gossypium arboreum (Tree cotton) (Gossypium nanking)	240	Inferred from homology
S14	A0A0B2R8I2				Glycine soja (Wild soybean)	304	Inferred from homology
S14	A0A0B7FNB4				Thanatephorus cucumeris (strain AG1-IB / isolate 7/3/14) (Lettuce bottom rot fungus) (Rhizoctonia solani)	281	Inferred from homology
S14	A0A0C2D2D3				Ancylostoma duodenale	142	Inferred from homology
S14	A0A0C2XUZ4				Serendipita vermifera MAFF 305830	243	Inferred from homology
S14	A0A0C3JE60				Pisolithus tinctorius Marx 270	218	Inferred from homology
S14	A0A0C3QCM4				Tulasnella calospora MUT 4182	228	Inferred from homology
S14	A0A0C9XXC2				Laccaria amethystina LaAM-08-1	244	Inferred from homology
S14	A0A0D0E4C7				Paxillus rubicundulus Ve08.2h10	245	Inferred from homology
S14	A0A0D2C824		XP_016239945.1		Exophiala spinifera	247	Inferred from homology
S14	A0A0D2DZA6		XP_016268649.1		Exophiala oligosperma	248	Inferred from homology
S14	A0A0D2GR60		XP_013287271.1		Fonsecaea pedrosoi CBS 271.37	254	Inferred from homology
S14	A0A0D2IPG1		XP_016632954.1		Fonsecaea multimorphosa CBS 102226	252	Inferred from homology
S14	A0A0D2J1Y1		XP_013270041.1		Rhinocladiella mackenziei CBS 650.93	249	Inferred from homology
S14	A0A0D2LWI9				Gossypium raimondii (Peruvian cotton) (Gossypium klotzschianum subsp. raimondii)	366	Inferred from homology
S14	A0A0D2LX96		XP_013893136.1		Monoraphidium neglectum	344	Inferred from homology
S14	A0A0D2PVC1				Gossypium raimondii (Peruvian cotton) (Gossypium klotzschianum subsp. raimondii)	244	Inferred from homology
S14	A0A0D2Q085				Gossypium raimondii (Peruvian cotton) (Gossypium klotzschianum subsp. raimondii)	219	Inferred from homology
S14	A0A0D2QGI8				Gossypium raimondii (Peruvian cotton) (Gossypium klotzschianum subsp. raimondii)	208	Inferred from homology
S14	A0A0D2QR56				Gossypium raimondii (Peruvian cotton) (Gossypium klotzschianum subsp. raimondii)	206	Inferred from homology
S14	A0A0D2QWA4				Gossypium raimondii (Peruvian cotton) (Gossypium klotzschianum subsp. raimondii)	207	Inferred from homology
S14	A0A0D2R6I8				Gossypium raimondii (Peruvian cotton) (Gossypium klotzschianum subsp. raimondii)	288	Inferred from homology
S14	A0A0D2RK08				Gossypium raimondii (Peruvian cotton) (Gossypium klotzschianum subsp. raimondii)	238	Inferred from homology
S14	A0A0D2T5R5				Gossypium raimondii (Peruvian cotton) (Gossypium klotzschianum subsp. raimondii)	262	Inferred from homology
S14	A0A0D2TPV2				Gossypium raimondii (Peruvian cotton) (Gossypium klotzschianum subsp. raimondii)	285	Inferred from homology
S14	A0A0D2U864				Gossypium raimondii (Peruvian cotton) (Gossypium klotzschianum subsp. raimondii)	238	Inferred from homology
S14	A0A0D2W3L2				Gossypium raimondii (Peruvian cotton) (Gossypium klotzschianum subsp. raimondii)	248	Inferred from homology
S14	A0A0D3BMD8				Brassica oleracea var. oleracea	424	Inferred from homology
S14	A0A0D3DXX8				Brassica oleracea var. oleracea	152	Inferred from homology
S14	A0A0D3FY44				Oryza barthii	259	Inferred from homology
S14	A0A0D3GBK1				Oryza barthii	386	Inferred from homology
S14	A0A0D3IR32		XP_005766146.1		Emiliania huxleyi (strain CCMP1516)	259	Inferred from homology
S14	A0A0D3J253		XP_005770017.1		Emiliania huxleyi (strain CCMP1516)	158	Inferred from homology
S14	A0A0D3K1S5		XP_005782139.1		Emiliania huxleyi (strain CCMP1516)	254	Inferred from homology
S14	A0A0D6END5			SPOSA6832_02936	Sporidiobolus salmonicolor (Yeast-like fungus) (Sporobolomyces salmonicolor)	204	Inferred from homology
S14	A0A0D6LVE0				Ancylostoma ceylanicum	167	Inferred from homology
S14	A0A0D7AX43				Cylindrobasidium torrendii FP15055 ss-10	74	Inferred from homology
S14	A0A0D9V1E9				Leersia perrieri	174	Inferred from homology
S14	A0A0D9WKI0				Leersia perrieri	606	Inferred from homology
S14	A0A0D9WKI1				Leersia perrieri	385	Inferred from homology
S14	A0A0D9YVD6				Oryza glumipatula	298	Inferred from homology
S14	A0A0D9Z8U0				Oryza glumipatula	259	Inferred from homology
S14	A0A0D9Z8U1				Oryza glumipatula	179	Inferred from homology
S14	A0A0E0BEA5				Oryza glumipatula	293	Inferred from homology
S14	A0A0E0D0C8				Oryza meridionalis	372	Inferred from homology
S14	A0A0E0D238				Oryza meridionalis	259	Inferred from homology
S14	A0A0E0DV61				Oryza meridionalis	391	Inferred from homology
S14	A0A0E0GJE7				Oryza nivara (Indian wild rice) (Oryza sativa f. spontanea)	259	Inferred from homology
S14	A0A0E0MX19				Oryza rufipogon (Brownbeard rice) (Asian wild rice)	319	Inferred from homology
S14	A0A0F4YLE3		XP_013325035.1		Rasamsonia emersonii (strain ATCC 16479 / CBS 393.64 / IMI 116815)	966	Inferred from homology
S14	A0A0G4ETG5				Vitrella brassicaformis (strain CCMP3155)	280	Inferred from homology
S14	A0A0J0XTT2		XP_018280979.1		Cutaneotrichosporon oleaginosum	266	Inferred from homology
S14	A0A0K0EF72				Strongyloides stercoralis (Threadworm)	230	Inferred from homology
S14	A0A0K9NVL6				Zostera marina (Eelgrass)	297	Inferred from homology
S14	A0A0K9NZJ6				Zostera marina (Eelgrass)	261	Inferred from homology
S14	A0A0K9P5J5				Zostera marina (Eelgrass)	292	Inferred from homology
S14	A0A0L0N0W6				Tolypocladium ophioglossoides (strain CBS 100239) (Snaketongue truffleclub) (Elaphocordyceps ophioglossoides)	255	Inferred from homology
S14	A0A0L0S6X8				Allomyces macrogynus (strain ATCC 38327) (Allomyces javanicus var. macrogynus)	279	Inferred from homology
S14	A0A0L0UND1				Puccinia striiformis f. sp. tritici PST-78	224	Inferred from homology
S14	A0A0L0UWF1				Puccinia striiformis f. sp. tritici PST-78	247	Inferred from homology
S14	A0A0M0JCY9				Chrysochromulina tobinii	208	Inferred from homology
S14	A0A0M9VSN5				Escovopsis weberi	224	Inferred from homology
S14	A0A0N4W5T9				Haemonchus placei (Barber's pole worm)	204	Inferred from homology
S14	A0A0Q3N7V2				Brachypodium distachyon (Purple false brome) (Trachynia distachya)	181	Inferred from homology
S14	A0A0S3RR49			Vigan.04G012000	Vigna angularis var. angularis	319	Inferred from homology
S14	A0A0S3SR43			Vigan.08G196500	Vigna angularis var. angularis	304	Inferred from homology
S14	A0A0U2JWG9		YP_009172164.1	clpP	Setaria viridis (Green bristlegrass) (Setaria italica subsp. viridis)	216	Inferred from homology
S14	A0A125YS39		XP_018637998.1		Toxoplasma gondii (strain ATCC 50611 / Me49)	486	Inferred from homology
S14	A0A150GEB9				Gonium pectorale (Green alga)	284	Inferred from homology
S14	A0A150GMR3				Gonium pectorale (Green alga)	243	Inferred from homology
S14	A0A150GW21				Gonium pectorale (Green alga)	352	Inferred from homology
S14	A0A150H0U0				Gonium pectorale (Green alga)	288	Inferred from homology
S14	A0A151JAN7				Trachymyrmex cornetzi	235	Inferred from homology
S14	A0A158NVQ2			105624869	Atta cephalotes (Leafcutter ant)	234	Inferred from homology
S14	A0A158QSH9				Mesocestoides corti (Flatworm)	430	Inferred from homology
S14	A0A161XJC3				Daucus carota subsp. sativus (Carrot)	295	Inferred from homology
S14	A0A165FGU9		XP_040766690.1		Laetiporus sulphureus 93-53	255	Inferred from homology
S14	A0A166HGS2				Daucus carota subsp. sativus (Carrot)	291	Inferred from homology
S14	A0A167AIE6				Beauveria brongniartii RCEF 3172	220	Inferred from homology
S14	A0A175YDT8				Daucus carota subsp. sativus (Carrot)	271	Inferred from homology
S14	A0A176VID4				Marchantia polymorpha subsp. ruderalis	320	Inferred from homology
S14	A0A177B0U7				Intoshia linei	227	Inferred from homology
S14	A0A179FKZ3		XP_018143393.1		Pochonia chlamydosporia 170	216	Inferred from homology
S14	A0A180G7X5				Puccinia triticina (isolate 1-1 / race 1 (BBBD)) (Brown leaf rust fungus)	257	Inferred from homology
S14	A0A182PED1				Anopheles epiroticus	220	Inferred from homology
S14	A0A183CVX7				Gongylonema pulchrum	220	Inferred from homology
S14	A0A183G928				Heligmosomoides polygyrus (Parasitic roundworm)	174	Inferred from homology
S14	A0A183IDA5				Soboliphyme baturini	227	Inferred from homology
S14	A0A199VYH2		XP_020107751.1	LOC109723700	Ananas comosus (Pineapple) (Ananas ananas)	293	Inferred from homology
S14	A0A1A6A2Q2		XP_018262178.1		Kwoniella dejecticola CBS 10117	263	Inferred from homology
S14	A0A1A8YSM5				Plasmodium ovale wallikeri	596	Inferred from homology
S14	A0A1A9Z9D3				Glossina pallidipes (Tsetse fly)	234	Inferred from homology
S14	A0A1B8B621				Fusarium poae	255	Inferred from homology
S14	A0A1B9I856		XP_019012912.1		Kwoniella pini CBS 10737	261	Inferred from homology
S14	A0A1D2VCF0		XP_020045665.1		Ascoidea rubescens DSM 1968	198	Inferred from homology
S14	A0A1D3TM69			ClpR	Plasmodium ovale (malaria parasite P. ovale)	239	Inferred from homology
S14	A0A1E1MJR7				Rhynchosporium secalis (Barley scald fungus)	243	Inferred from homology
S14	A0A1E3B161				Aspergillus cristatus (Chinese Fuzhuan brick tea-fermentation fungus) (Eurotium cristatum)	252	Inferred from homology
S14	A0A1E4TEL5				Tortispora caseinolytica NRRL Y-17796	207	Inferred from homology
S14	A0A1E5V0W3				Dichanthelium oligosanthes	195	Inferred from homology
S14	A0A1E7EP80				Fragilariopsis cylindrus CCMP1102	285	Inferred from homology
S14	A0A1E7ESX7				Fragilariopsis cylindrus CCMP1102	239	Inferred from homology
S14	A0A1E7ETX8				Fragilariopsis cylindrus CCMP1102	220	Inferred from homology
S14	A0A1G4AUM0		XP_022469973.1		Colletotrichum orchidophilum	253	Inferred from homology
S14	A0A1I7SV79				Bursaphelenchus xylophilus (Pinewood nematode worm) (Aphelenchoides xylophilus)	233	Inferred from homology
S14	A0A1I7VLG3		XP_003142917.1		Loa loa (Eye worm) (Filaria loa)	218	Inferred from homology
S14	A0A1I8AM08				Steinernema glaseri	463	Inferred from homology
S14	A0A1J1H8D1		XP_028532858.1	ClpP	Plasmodium relictum	337	Inferred from homology
S14	A0A1J6IE36			CLPR2_3	Nicotiana attenuata (Coyote tobacco)	239	Inferred from homology
S14	A0A1J6JKV5			CLPR3	Nicotiana attenuata (Coyote tobacco)	324	Inferred from homology
S14	A0A1J8PVW6				Rhizopogon vesiculosus	169	Inferred from homology
S14	A0A1J9RZ92		XP_020134023.1		Diplodia corticola	227	Inferred from homology
S14	A0A1L9PF58		XP_040665881.1		Aspergillus versicolor CBS 583.65	263	Inferred from homology
S14	A0A1L9UVF7		XP_067482922.1		Aspergillus brasiliensis (strain CBS 101740 / IMI 381727 / IBT 21946)	252	Inferred from homology
S14	A0A1N6LXL7		XP_021337686.1		Babesia microti (strain RI)	251	Inferred from homology
S14	A0A1Q3AZC7				Cephalotus follicularis (Albany pitcher plant)	249	Inferred from homology
S14	A0A1Q3C6H2				Cephalotus follicularis (Albany pitcher plant)	329	Inferred from homology
S14	A0A1Q3CTP6				Cephalotus follicularis (Albany pitcher plant)	306	Inferred from homology
S14	A0A1Q8S5R1				Colletotrichum chlorophyti	254	Inferred from homology
S14	A0A1R1PEM5				Zancudomyces culisetae (Gut fungus) (Smittium culisetae)	115	Inferred from homology
S14	A0A1R1Y881				Smittium culicis	153	Inferred from homology
S14	A0A1R1YTY4				Smittium culicis	194	Inferred from homology
S14	A0A1R3GPU3				Corchorus capsularis (Jute)	257	Inferred from homology
S14	A0A1R3K863				Corchorus olitorius	326	Inferred from homology
S14	A0A1R3KKH9				Corchorus olitorius	304	Inferred from homology
S14	A0A1S2XUC6		XP_004494595.1	LOC101497838	Cicer arietinum (Chickpea) (Garbanzo)	325	Inferred from homology
S14	A0A1S2YJW6		XP_004505710.1	LOC101498767	Cicer arietinum (Chickpea) (Garbanzo)	245	Inferred from homology
S14	A0A1S3BJF4		XP_008448589.1	LOC103490719	Cucumis melo (Muskmelon)	293	Inferred from homology
S14	A0A1S3BY88		XP_008454281.1	LOC103494727	Cucumis melo (Muskmelon)	306	Inferred from homology
S14	A0A1S3C615		XP_008457103.1	LOC103496858	Cucumis melo (Muskmelon)	339	Inferred from homology
S14	A0A1S3FNP4		XP_012878183.1	Clpp	Dipodomys ordii (Ord's kangaroo rat)	272	Inferred from homology
S14	A0A1S3THS9		XP_014493315.1	LOC106755643	Vigna radiata var. radiata (Mung bean) (Phaseolus aureus)	241	Inferred from homology
S14	A0A1S3XHP3		XP_016439485.1	LOC107765360	Nicotiana tabacum (Common tobacco)	314	Inferred from homology
S14	A0A1S3YB37		XP_016449212.1	LOC107774235	Nicotiana tabacum (Common tobacco)	289	Inferred from homology
S14	A0A1S3Z3S1		XP_016459013.1	LOC107782632	Nicotiana tabacum (Common tobacco)	289	Inferred from homology
S14	A0A1S3ZU04		XP_016467793.1	LOC107790385	Nicotiana tabacum (Common tobacco)	302	Inferred from homology
S14	A0A1S4A824		XP_016472734.1	LOC107794723	Nicotiana tabacum (Common tobacco)	237	Inferred from homology
S14	A0A1S4BBV8		XP_016486415.1	LOC107806708	Nicotiana tabacum (Common tobacco)	237	Inferred from homology
S14	A0A1U7QLD5		XP_005081409.1	LOC101826471	Mesocricetus auratus (Golden hamster)	272	Inferred from homology
S14	A0A1U7RT02		XP_006023454.1	CLPP	Alligator sinensis (Chinese alligator)	244	Inferred from homology
S14	A0A1U7YMG9		XP_009803181.1	LOC104248593	Nicotiana sylvestris (Wood tobacco) (South American tobacco)	174	Inferred from homology
S14	A0A1U7YPS2		XP_009800835.1	LOC104246668	Nicotiana sylvestris (Wood tobacco) (South American tobacco)	289	Inferred from homology
S14	A0A1U7ZDP6		XP_010246082.1	LOC104589444	Nelumbo nucifera (Sacred lotus)	304	Inferred from homology
S14	A0A1U7ZY18		XP_010258730.1	LOC104598392	Nelumbo nucifera (Sacred lotus)	306	Inferred from homology
S14	A0A1U8A3B4		XP_010259290.1	LOC104598776	Nelumbo nucifera (Sacred lotus)	301	Inferred from homology
S14	A0A1U8A5A6		XP_010256518.1	LOC104596866	Nelumbo nucifera (Sacred lotus)	315	Inferred from homology
S14	A0A1U8HTB3		XP_016666589.1	LOC107886985	Gossypium hirsutum (Upland cotton) (Gossypium mexicanum)	273	Inferred from homology
S14	A0A1U8IV12		XP_016681906.1	LOC107900718	Gossypium hirsutum (Upland cotton) (Gossypium mexicanum)	288	Inferred from homology
S14	A0A1U8IV56		XP_016679794.2	LOC107898767	Gossypium hirsutum (Upland cotton) (Gossypium mexicanum)	273	Inferred from homology
S14	A0A1U8MFW8		XP_016724449.1	LOC107936264	Gossypium hirsutum (Upland cotton) (Gossypium mexicanum)	141	Inferred from homology
S14	A0A1V6PJS5				Penicillium decumbens	258	Inferred from homology
S14	A0A1V6PUV5				Penicillium antarcticum	257	Inferred from homology
S14	A0A1V6TU79				Penicillium steckii	253	Inferred from homology
S14	A0A1V9ZH02				Achlya hypogyna (Oomycete) (Protoachlya hypogyna)	225	Inferred from homology
S14	A0A1X2IXX7				Absidia repens	210	Inferred from homology
S14	A0A1X6P0G7				Porphyra umbilicalis (Purple laver) (Red alga)	268	Inferred from homology
S14	A0A1Y1HRR6				Klebsormidium nitens (Green alga) (Ulothrix nitens)	427	Inferred from homology
S14	A0A1Y1HXE7				Klebsormidium nitens (Green alga) (Ulothrix nitens)	305	Inferred from homology
S14	A0A1Y1JHC6		XP_028543334.1		Plasmodium gonderi	373	Inferred from homology
S14	A0A1Y1VJK9				Piromyces finnis	279	Inferred from homology
S14	A0A1Y2D499				Neocallimastix californiae	279	Inferred from homology
S14	A0A1Y3BCT3				Euroglyphus maynei (Mayne's house dust mite)	230	Inferred from homology
S14	A0A1Y3BU91				Helianthus annuus (Common sunflower)	196	Inferred from homology
S14	A0A1Y3BXI8				Helianthus annuus (Common sunflower)	173	Inferred from homology
S14	A0A1Z5JGI0				Fistulifera solaris (Oleaginous diatom)	265	Inferred from homology
S14	A0A1Z5JHC6				Fistulifera solaris (Oleaginous diatom)	260	Inferred from homology
S14	A0A1Z5KER0				Fistulifera solaris (Oleaginous diatom)	268	Inferred from homology
S14	A0A1Z5S9T7				Sorghum bicolor (Sorghum) (Sorghum vulgare)	339	Inferred from homology
S14	A0A1Z5TVS1				Hortaea werneckii EXF-2000	1170	Inferred from homology
S14	A0A200PWE9				Macleaya cordata (Five-seeded plume-poppy) (Bocconia cordata)	250	Inferred from homology
S14	A0A200R7J0				Macleaya cordata (Five-seeded plume-poppy) (Bocconia cordata)	256	Inferred from homology
S14	A0A212FK55				Danaus plexippus plexippus	333	Inferred from homology
S14	A0A218Y0D2		XP_031381051.1	LOC116195820	Punica granatum (Pomegranate)	245	Inferred from homology
S14	A0A225X0G7				Phytophthora megakarya	221	Inferred from homology
S14	A0A232LXM7				Elaphomyces granulatus	260	Inferred from homology
S14	A0A250XIF3				Chlamydomonas eustigma	285	Inferred from homology
S14	A0A251LP46				Manihot esculenta (Cassava) (Jatropha manihot)	308	Inferred from homology
S14	A0A251P5D2				Prunus persica (Peach) (Amygdalus persica)	348	Inferred from homology
S14	A0A251RQA8				Helianthus annuus (Common sunflower)	316	Inferred from homology
S14	A0A251RZJ1			CLPR1	Helianthus annuus (Common sunflower)	397	Inferred from homology
S14	A0A251S399				Helianthus annuus (Common sunflower)	110	Inferred from homology
S14	A0A251SWC2			CLPR4	Helianthus annuus (Common sunflower)	290	Inferred from homology
S14	A0A251UI97			CLPP4	Helianthus annuus (Common sunflower)	292	Inferred from homology
S14	A0A251UVW4				Helianthus annuus (Common sunflower)	194	Inferred from homology
S14	A0A251UZL9				Helianthus annuus (Common sunflower)	143	Inferred from homology
S14	A0A251VAS3				Helianthus annuus (Common sunflower)	301	Inferred from homology
S14	A0A251VKM4				Helianthus annuus (Common sunflower)	220	Inferred from homology
S14	A0A286UQ95				Pyrrhoderma noxium	223	Inferred from homology
S14	A0A2A9ML00		XP_029220316.1		Besnoitia besnoiti (Apicomplexan protozoan)	478	Inferred from homology
S14	A0A2B7X9Y6				Blastomyces parvus	248	Inferred from homology
S14	A0A2B7Y1J4				Helicocarpus griseus UAMH5409	241	Inferred from homology
S14	A0A2C5XF64			clpP	Ceratocystis fimbriata CBS 114723	274	Inferred from homology
S14	A0A2C6KEV5		XP_067916826.1		Cystoisospora suis	166	Inferred from homology
S14	A0A2C9V095				Manihot esculenta (Cassava) (Jatropha manihot)	290	Inferred from homology
S14	A0A2C9WBP2				Manihot esculenta (Cassava) (Jatropha manihot)	332	Inferred from homology
S14	A0A2D0Q1Q1		XP_017312663.2	clpp	Ictalurus punctatus (Channel catfish) (Silurus punctatus)	305	Inferred from homology
S14	A0A2D3V1H4		XP_023629970.1		Ramularia collo-cygni	201	Inferred from homology
S14	A0A2G2V5G7				Capsicum baccatum (Peruvian pepper)	297	Inferred from homology
S14	A0A2G2YS28				Capsicum annuum (Capsicum pepper)	65	Inferred from homology
S14	A0A2G3ALL0				Capsicum annuum (Capsicum pepper)	74	Inferred from homology
S14	A0A2G5C9R0				Aquilegia coerulea (Rocky mountain columbine)	202	Inferred from homology
S49	Q9C9C0	S49.004;	NP_565077.2	SPPA	Arabidopsis thaliana (Mouse-ear cress)	677	Evidence at transcript level
S49	A0A9W8AE49				Tieghemiomyces parasiticus	1057	Inferred from homology
S49	A0A2P6TSD1				Chlorella sorokiniana (Freshwater green alga)	2745	Inferred from homology
S49	A0A813H741				Polarella glacialis (Dinoflagellate)	882	Inferred from homology
S49	A0A8J5CQE7				Zingiber officinale (Ginger) (Amomum zingiber)	1360	Inferred from homology
S49	A0A8J5G3Y7				Zingiber officinale (Ginger) (Amomum zingiber)	1329	Inferred from homology
S49	A0A1Q9DRY9			erkA	Symbiodinium microadriaticum (Dinoflagellate) (Zooxanthella microadriatica)	1618	Inferred from homology
S49	A0A9E7HJE5				Musa troglodytarum (fe'i banana)	1224	Inferred from homology
S49	A0A1P8AUG2		NP_001322608.1	SPPA	Arabidopsis thaliana (Mouse-ear cress)	601	Evidence at protein level
S49	Q54YA6		XP_642296.1		Dictyostelium discoideum (Social amoeba)	649	Inferred from homology
S49	A0A072TET7				Medicago truncatula (Barrel medic) (Medicago tribuloides)	1593	Inferred from homology
S49	A0A0F7RZT1			SSCI01670.1	Sporisorium scitamineum	911	Inferred from homology
S49	A0A0R0KFW2			LOC100781522	Glycine max (Soybean) (Glycine hispida)	594	Inferred from homology
S49	A0A1A9UKK9				Glossina austeni (Savannah tsetse fly)	1682	Inferred from homology
S49	A0A1Q9C836			sohB	Symbiodinium microadriaticum (Dinoflagellate) (Zooxanthella microadriatica)	1213	Inferred from homology
S49	A0A1Y1I4A6				Klebsormidium nitens (Green alga) (Ulothrix nitens)	731	Inferred from homology
S49	A0A1Z5JU76				Fistulifera solaris (Oleaginous diatom)	648	Inferred from homology
S49	A0A251UU25			SPPA	Helianthus annuus (Common sunflower)	675	Inferred from homology
S49	A0A2Z7A952				Dorcoceras hygrometricum	1276	Inferred from homology
S49	A0A328DA81				Cuscuta australis	673	Inferred from homology
S49	A0A498I5C0				Malus domestica (Apple) (Pyrus malus)	679	Inferred from homology
S49	A0A4D9D742				Nannochloropsis salina CCMP1776	763	Inferred from homology
S49	A0A4U6WH06				Setaria viridis (Green bristlegrass) (Setaria italica subsp. viridis)	672	Inferred from homology
S49	A0A5D2BF19				Gossypium darwinii (Darwin's cotton) (Gossypium barbadense var. darwinii)	683	Inferred from homology
S49	A0A5D2JNZ5				Gossypium tomentosum (Hawaiian cotton) (Gossypium sandvicense)	683	Inferred from homology
S49	A0A5J9UYH1				Eragrostis curvula (weeping love grass)	669	Inferred from homology
S49	A0A6G1DYD2				Oryza meyeriana var. granulata	666	Inferred from homology
S49	A0A7J9FM73				Gossypium trilobum	683	Inferred from homology
S49	A0A7N0TSU3				Kalanchoe fedtschenkoi (Lavender scallops) (South American air plant)	679	Inferred from homology
S49	A0A803P9S5		XP_030493781.1	LOC115709737	Cannabis sativa (Hemp) (Marijuana)	698	Inferred from homology
S49	A0A811P878				Miscanthus lutarioriparius	671	Inferred from homology
S49	A0A811PT19				Miscanthus lutarioriparius	671	Inferred from homology
S49	A0A835FBP7				Digitaria exilis	671	Inferred from homology
S49	A0A8T2X241				Populus deltoides (Eastern poplar) (Eastern cottonwood)	576	Inferred from homology
S49	A0A8X7TTW5				Brassica carinata (Ethiopian mustard) (Abyssinian cabbage)	665	Inferred from homology
S49	A0A9Q0HD08				Protea cynaroides	736	Inferred from homology
S49	A0A9W7FNH0				Triparma verrucosa	704	Inferred from homology
S49	A0A9W7L3Q2				Triparma columacea	640	Inferred from homology
S49	A0AA36IGT2				Effrenium voratum	481	Inferred from homology
S49	A0AA36IHC6				Effrenium voratum	455	Inferred from homology
S49	A0AAD2GCG5				Cylindrotheca closterium	767	Inferred from homology
S49	A0AAD9D9N6				Skeletonema marinoi	749	Inferred from homology
S49	A0AAN9MGS2				Phaseolus coccineus (Scarlet runner bean) (Phaseolus multiflorus)	674	Inferred from homology
S49	A0AAU9MUE2				Lactuca virosa	621	Inferred from homology
S49	A0AAV7EIR3				Aristolochia fimbriata (White veined hardy Dutchman's pipe vine)	684	Inferred from homology
S49	A0AAV9I8N8				Galdieria yellowstonensis	617	Inferred from homology
S49	A0AAW1QT97				[Myrmecia] bisecta	803	Inferred from homology
S49	A0AB34IYK5				Prymnesium parvum (Toxic golden alga)	673	Inferred from homology
S49	A0ABD1XM77				Riccia fluitans	736	Inferred from homology
S49	A0ABD3MJ82				Discostella pseudostelligera	1014	Inferred from homology
S49	A0ABD3QCW4				Cyclotella atomus	642	Inferred from homology
S49	A0ABD3RAJ3				Cyclostephanos tholiformis	916	Inferred from homology
S49	A2X967				Oryza sativa subsp. indica (Rice)	684	Inferred from homology
S49	B3SEX9				Trichoplax adhaerens (Trichoplax reptans)	783	Inferred from homology
S49	K0SKH7				Thalassiosira oceanica (Marine diatom)	725	Inferred from homology
S49	K0TMR4				Thalassiosira oceanica (Marine diatom)	531	Inferred from homology
S49	A0A067FHK8				Citrus sinensis (Sweet orange) (Citrus aurantium var. sinensis)	690	Inferred from homology
S49	A0A0D2SA96				Gossypium raimondii (Peruvian cotton) (Gossypium klotzschianum subsp. raimondii)	615	Inferred from homology
S49	A0A0M0JL12				Chrysochromulina tobinii	686	Inferred from homology
S49	A0A0R0F9M4		XP_003549586.2	LOC100809623	Glycine max (Soybean) (Glycine hispida)	649	Inferred from homology
S49	A0A1U7XCL8		XP_009787401.1	LOC104235361	Nicotiana sylvestris (Wood tobacco) (South American tobacco)	562	Inferred from homology
S49	A0A1Z5JRR7				Fistulifera solaris (Oleaginous diatom)	572	Inferred from homology
S49	A0A2C9WH44				Manihot esculenta (Cassava) (Jatropha manihot)	690	Inferred from homology
S49	A0A2K3DLZ5		XP_042923314.1		Chlamydomonas reinhardtii (Chlamydomonas smithii)	703	Inferred from homology
S49	A0A3B6QHM3		XP_044420704.1	LOC123145370	Triticum aestivum (Wheat)	660	Inferred from homology
S49	A0A448Z1W6				Pseudo-nitzschia multistriata	756	Inferred from homology
S49	A0A498JRL3				Malus domestica (Apple) (Pyrus malus)	677	Inferred from homology
S49	A0A5D2BGM6				Gossypium darwinii (Darwin's cotton) (Gossypium barbadense var. darwinii)	615	Inferred from homology
S49	A0A5P1EIF1				Asparagus officinalis (Garden asparagus)	717	Inferred from homology
S49	A0A7I8IRS7				Spirodela intermedia (Intermediate duckweed)	563	Inferred from homology
S49	A0A7N2MPY5		XP_030938073.1	LOC115963268	Quercus lobata (Valley oak)	693	Inferred from homology
S49	A0A812KYI1			sohB	Symbiodinium pilosum (Dinoflagellate)	566	Inferred from homology
S49	A0A8I6YLR7			LOC123403010	Hordeum vulgare subsp. vulgare (Domesticated barley)	645	Inferred from homology
S49	A0A8J2SKG0				Pelagomonas calceolata	611	Inferred from homology
S49	A0A8J5X3S1				Diacronema lutheri (Unicellular marine alga) (Monochrysis lutheri)	692	Inferred from homology
S49	A0A8T2GX56				Arabidopsis thaliana x Arabidopsis arenosa	601	Inferred from homology
S49	A0A9N8HEC9				Seminavis robusta	731	Inferred from homology
S49	A0AA35Z171				Lactuca saligna (Willowleaf lettuce)	611	Inferred from homology
S49	A0AA36E5Q9				Lactuca saligna (Willowleaf lettuce)	623	Inferred from homology
S49	A0AA88DMC2				Ficus carica (Common fig)	786	Inferred from homology
S49	A0AAD2AEY0				Fraxinus pennsylvanica	683	Inferred from homology
S49	A0AAD2CYS9				Cylindrotheca closterium	576	Inferred from homology
S49	A0AAD2FEJ2				Cylindrotheca closterium	777	Inferred from homology
S49	A0AAD3D2M3				Chaetoceros tenuissimus	800	Inferred from homology
S49	A0AAD3P504				Nepenthes gracilis (Slender pitcher plant)	1060	Predicted
S49	A0AAD5C8Q4				Ambrosia artemisiifolia (Common ragweed)	609	Inferred from homology
S49	A0AAD8JMT7				Tagetes erecta (African marigold)	609	Inferred from homology
S49	A0AAE0AWN1				Dipteronia sinensis	673	Inferred from homology
S49	A0AAN9T0U3				Psophocarpus tetragonolobus (Winged bean) (Dolichos tetragonolobus)	665	Inferred from homology
S49	A0AAP0HBD1				Deinandra increscens subsp. villosa	672	Inferred from homology
S49	A0AAU9SMV7				Thlaspi arvense (Field penny-cress)	677	Inferred from homology
S49	A0AAV1Y370				Lupinus luteus (European yellow lupine)	663	Inferred from homology
S49	A0AAV5BL69			ga02596	Eleusine coracana subsp. coracana	669	Inferred from homology
S49	A0AAV8QZS0				Ensete ventricosum (Abyssinian banana) (Musa ensete)	682	Inferred from homology
S49	A0AAV9CUR1				Acorus calamus (Sweet flag)	613	Inferred from homology
S49	A0AAW0KCK6			SPPA_0	Quercus suber (Cork oak)	592	Inferred from homology
S49	A0AAW1QT69				[Myrmecia] bisecta	817	Inferred from homology
S49	A0AAW1WQC7				Rubus argutus (Southern blackberry)	660	Inferred from homology
S49	A0ABC9EDL5				Urochloa decumbens	672	Inferred from homology
S49	A0ABD3RH74				Cyclostephanos tholiformis	930	Inferred from homology
S49	D7KRP5				Arabidopsis lyrata subsp. lyrata (Lyre-leaved rock-cress)	676	Inferred from homology
S49	J3LGP3	S49.004;			Oryza brachyantha (malo sina)	580	Inferred from homology
S49	K3YQM2		XP_004953779.1	LOC101782735	Setaria italica (Foxtail millet) (Panicum italicum)	672	Inferred from homology
S49	M5WED3				Prunus persica (Peach) (Amygdalus persica)	693	Inferred from homology
S49	A0A0D3D0I4		XP_013591906.1		Brassica oleracea var. oleracea	677	Inferred from homology
S49	A0A0D9VKI7				Leersia perrieri	665	Inferred from homology
S49	A0A0R0JRK5				Glycine max (Soybean) (Glycine hispida)	335	Inferred from homology
S49	A0A1Z5J9H9				Fistulifera solaris (Oleaginous diatom)	570	Inferred from homology
S49	A0A1Z5JD66				Fistulifera solaris (Oleaginous diatom)	659	Inferred from homology
S49	A0A1Z5K3E5				Fistulifera solaris (Oleaginous diatom)	659	Inferred from homology
S49	A0A250XLV8				Chlamydomonas eustigma	717	Inferred from homology
S49	A0A2Z6LUZ5				Trifolium subterraneum (Subterranean clover)	600	Inferred from homology
S49	A0A3B6NUB9		XP_044404168.1	LOC123128265	Triticum aestivum (Wheat)	657	Inferred from homology
S49	A0A448ZFG3				Pseudo-nitzschia multistriata	606	Inferred from homology
S49	A0A5C7H3M7				Acer yangbiense	669	Inferred from homology
S49	A0A5D2JMU8				Gossypium tomentosum (Hawaiian cotton) (Gossypium sandvicense)	622	Inferred from homology
S49	A0A5D2TPI0				Gossypium mustelinum (Cotton) (Gossypium caicoense)	683	Inferred from homology
S49	A0A5D2TRT2				Gossypium mustelinum (Cotton) (Gossypium caicoense)	615	Inferred from homology
S49	A0A6D2JI28				Microthlaspi erraticum	671	Inferred from homology
S49	A0A7J7G3W8				Camellia sinensis (Tea plant) (Thea sinensis)	381	Predicted
S49	A0A812M722			sohB	Symbiodinium natans	627	Inferred from homology
S49	A0A812WL83			aphB	Symbiodinium necroappetens	1938	Inferred from homology
S49	A0A836BQY4				Edaphochlamys debaryana	1200	Inferred from homology
S49	A0A8I7BCC3		XP_044952923.1	LOC123403010	Hordeum vulgare subsp. vulgare (Domesticated barley)	658	Inferred from homology
S49	A0A8J5YXG5				Gossypium anomalum	802	Inferred from homology
S49	A0A8R7QR30		XP_048535789.1	LOC125514492	Triticum urartu (Red wild einkorn) (Crithodium urartu)	657	Inferred from homology
S49	A0A8R7VGB8				Triticum urartu (Red wild einkorn) (Crithodium urartu)	657	Inferred from homology
S49	A0A8S1IQX4				Ostreobium quekettii	574	Inferred from homology
S49	A0A8S1ZYU1				Arabidopsis arenosa (Sand rock-cress) (Cardaminopsis arenosa)	676	Inferred from homology
S49	A0A8T0X0N5				Panicum virgatum (Blackwell switchgrass)	671	Inferred from homology
S49	A0A8T0XQG5				Panicum virgatum (Blackwell switchgrass)	672	Inferred from homology
S49	A0A8T2Q687				Ceratopteris richardii (Triangle waterfern)	718	Inferred from homology
S49	A0A9D3VL02				Gossypium stocksii	683	Inferred from homology
S49	A0A9D4UA19				Adiantum capillus-veneris (Maidenhair fern)	714	Inferred from homology
S49	A0A9P6UX26				Linnemannia gamsii	335	Inferred from homology
S49	A0A9Q1M7T5				Anisodus acutangulus	676	Inferred from homology
S49	A0A9R1VHQ4				Lactuca sativa (Garden lettuce)	707	Inferred from homology
S49	A0A9W6F3I7			PLEST001199	Pleodorina starrii	765	Inferred from homology
S49	A0AA36IH23				Effrenium voratum	463	Inferred from homology
S49	A0AA36IIF4				Effrenium voratum	473	Inferred from homology
S49	A0AA88UI10				Escallonia rubra	619	Inferred from homology
S49	A0AAD3DK19				Astrephomene gubernaculifera	632	Inferred from homology
S49	A0AAD3H107				Chaetoceros tenuissimus	685	Inferred from homology
S49	A0AAD3H437				Chaetoceros tenuissimus	582	Inferred from homology
S49	A0AAD5IP81				Acer negundo (Box elder)	669	Inferred from homology
S49	A0AAD8JT79				Tagetes erecta (African marigold)	680	Inferred from homology
S49	A0AAF0E4R5				Malassezia caprae	623	Inferred from homology
S49	A0AAN9JTU3				Clitoria ternatea (Butterfly pea)	661	Inferred from homology
S49	A0AAU9N205				Lactuca virosa	676	Inferred from homology
S49	A0AAW1R7S5				[Myrmecia] bisecta	664	Inferred from homology
S49	A0ABC8KQP1				Eruca vesicaria subsp. sativa (Garden rocket) (Eruca sativa)	674	Inferred from homology
S49	A0ABC9EBW6				Urochloa decumbens	672	Inferred from homology
S49	A0ABD3N3J0				Discostella pseudostelligera	803	Inferred from homology
S49	A0ABD3Q3D6				Stephanodiscus triporus	692	Inferred from homology
S49	I1IEA3		XP_003570458.1	LOC100825414	Brachypodium distachyon (Purple false brome) (Trachynia distachya)	662	Inferred from homology
S49	I1P3U8		XP_052142672.1	LOC127762266	Oryza glaberrima (African rice)	674	Inferred from homology
S49	K3YQN0			LOC101782735	Setaria italica (Foxtail millet) (Panicum italicum)	670	Inferred from homology
S49	L1K4M5		XP_005842263.1		Guillardia theta (strain CCMP2712) (Cryptophyte)	572	Inferred from homology
S49	W1PFI7				Amborella trichopoda	673	Inferred from homology
S49	W7U451				Nannochloropsis gaditana	763	Inferred from homology
S49	A0A022RDN3				Erythranthe guttata (Yellow monkey flower) (Mimulus guttatus)	674	Inferred from homology
S49	A0A087HI85				Arabis alpina (Alpine rock-cress)	670	Inferred from homology
S49	A0A1J7IRQ2				Lupinus angustifolius (Narrow-leaved blue lupine)	657	Inferred from homology
S49	A0A3Q7FRI8				Solanum lycopersicum (Tomato) (Lycopersicon esculentum)	719	Inferred from homology
S49	A0A453PGT9				Aegilops tauschii subsp. strangulata (Goatgrass)	649	Inferred from homology
S49	A0A4P1RU08				Lupinus angustifolius (Narrow-leaved blue lupine)	812	Inferred from homology
S49	A0A507E6U2				Powellomyces hirtus	664	Inferred from homology
S49	A0A540LGK4				Malus baccata (Siberian crab apple) (Pyrus baccata)	679	Inferred from homology
S49	A0A565B0T7				Arabis nemorensis	675	Inferred from homology
S49	A0A5J5Q902				Gossypium barbadense (Sea Island cotton) (Hibiscus barbadensis)	615	Inferred from homology
S49	A0A5J5QA77				Gossypium barbadense (Sea Island cotton) (Hibiscus barbadensis)	683	Inferred from homology
S49	A0A5N6N539				Mikania micrantha (bitter vine)	609	Inferred from homology
S49	A0A6A4M3B5				Rhododendron williamsianum	967	Inferred from homology
S49	A0A803P9S6			LOC115709737	Cannabis sativa (Hemp) (Marijuana)	519	Inferred from homology
S49	A0A812PKY2			sohB	Symbiodinium natans	472	Inferred from homology
S49	A0A813E0H6				Polarella glacialis (Dinoflagellate)	2021	Inferred from homology
S49	A0A8T0X4Y9				Panicum virgatum (Blackwell switchgrass)	632	Inferred from homology
S49	A0A9P6JBA8				Mortierella alpina (Oleaginous fungus) (Mortierella renispora)	642	Inferred from homology
S49	A0A9Q0K0W5				Protea cynaroides	743	Inferred from homology
S49	A0AA38U865				Centaurea solstitialis (yellow star-thistle)	667	Inferred from homology
S49	A0AA39SBN1				Acer saccharum (Sugar maple)	669	Inferred from homology
S49	A0AAD5D2K9				Ambrosia artemisiifolia (Common ragweed)	1029	Inferred from homology
S49	A0AAD6P039				Salix udensis	672	Inferred from homology
S49	A0AAD7XLU1				Chrysophaeum taylorii	573	Inferred from homology
S49	A0AAD8RF55				Lolium multiflorum (Italian ryegrass) (Lolium perenne subsp. multiflorum)	662	Inferred from homology
S49	A0AAD9XQE6				Dipteronia dyeriana	673	Inferred from homology
S49	A0AAF0WLS0				Daucus carota subsp. sativus (Carrot)	679	Inferred from homology
S49	A0AAQ3L5Y6				Canna indica (Indian-shot)	683	Inferred from homology
S49	A0AAV0LD87				Linum tenue	390	Inferred from homology
S49	A0AAV9EU73				Acorus calamus (Sweet flag)	659	Inferred from homology
S49	A0ABC8V6T8				Urochloa decumbens	670	Inferred from homology
S49	A0ABC9EDU0				Urochloa decumbens	643	Inferred from homology
S49	A0ABD3QUV4				Cyclotella cryptica	754	Inferred from homology
S49	A0ABD3QX38				Stephanodiscus triporus	678	Inferred from homology
S49	C5XZE9				Sorghum bicolor (Sorghum) (Sorghum vulgare)	672	Inferred from homology
S49	D7SIQ7				Vitis vinifera (Grape)	425	Inferred from homology
S49	F0ZIM1		XP_003287257.1		Dictyostelium purpureum (Slime mold)	639	Inferred from homology
S49	I1JWL3		XP_003522978.1	LOC100781522	Glycine max (Soybean) (Glycine hispida)	683	Inferred from homology
S49	K0T411				Thalassiosira oceanica (Marine diatom)	619	Inferred from homology
S49	V4T1M5				Citrus clementina (Clementine) (Citrus deliciosa x Citrus sinensis)	658	Inferred from homology
S49	A0A078B8K6			Contig17476.g18587	Stylonychia lemnae (Ciliate)	450	Inferred from homology
S49	A0A0A0LSI5				Cucumis sativus (Cucumber)	684	Inferred from homology
S49	A0A0D2T521				Gossypium raimondii (Peruvian cotton) (Gossypium klotzschianum subsp. raimondii)	683	Inferred from homology
S49	A0A0D3K416		XP_005782930.1		Emiliania huxleyi (strain CCMP1516)	461	Inferred from homology
S49	A0A176VXB6				Marchantia polymorpha subsp. ruderalis	854	Inferred from homology
S49	A0A1Y2ET97				Leucosporidium creatinivorum	576	Inferred from homology
S49	A0A1Z5JX27				Fistulifera solaris (Oleaginous diatom)	704	Inferred from homology
S49	A0A2K3DAQ7		XP_042920246.1		Chlamydomonas reinhardtii (Chlamydomonas smithii)	770	Inferred from homology
S49	A0A2R6XMI2				Marchantia polymorpha (Common liverwort) (Marchantia aquatica)	737	Inferred from homology
S49	A0A2T7FC14				Panicum hallii var. hallii	672	Inferred from homology
S49	A0A316UUT5		XP_025362285.1		Jaminaea rosea	1039	Inferred from homology
S49	A0A3B6PPU5		XP_044413950.1	LOC123138108	Triticum aestivum (Wheat)	660	Inferred from homology
S49	A0A444X7E3				Arachis hypogaea (Peanut)	669	Inferred from homology
S49	A0A445B3T6				Arachis hypogaea (Peanut)	669	Inferred from homology
S49	A0A448Z8V5				Pseudo-nitzschia multistriata	526	Inferred from homology
S49	A0A448ZI13				Pseudo-nitzschia multistriata	695	Inferred from homology
S49	A0A6P5YBD0		XP_022737702.1	LOC111290593	Durio zibethinus (Durian)	682	Inferred from homology
S49	A0A7J9J9L1				Gossypium armourianum	683	Inferred from homology
S49	A0A835F6R8				Digitaria exilis	671	Inferred from homology
S49	A0A835YS56				Tribonema minus	638	Inferred from homology
S49	A0A9C6T7H5		XP_052111371.1	LOC107470964	Arachis duranensis (Wild peanut)	676	Inferred from homology
S49	A0A9D4YPC1				Pisum sativum (Garden pea) (Lathyrus oleraceus)	680	Inferred from homology
S49	A0A9W6ZKC5				Triparma strigata	704	Inferred from homology
S49	A0A9W7ECW8				Triparma laevis f. longispina	675	Inferred from homology
S49	A0AA36IRJ0				Effrenium voratum	820	Inferred from homology
S49	A0AAE0WD30				Potamilus streckersoni	338	Inferred from homology
S49	A0AAE1VA49				Anisodus tanguticus	676	Inferred from homology
S49	A0AAN7EDQ2				Quercus rubra (Northern red oak) (Quercus borealis)	676	Inferred from homology
S49	A0AAN9FYI0				Crotalaria pallida (Smooth rattlebox) (Crotalaria striata)	670	Inferred from homology
S49	A0AAV0G9H3				Cuscuta epithymum	677	Inferred from homology
S49	A0AAV0YZE6				Vicia faba (Broad bean) (Faba vulgaris)	678	Inferred from homology
S49	A0AAV5EI03			gb09675	Eleusine coracana subsp. coracana	622	Inferred from homology
S49	A0AAW1RX26				Apatococcus lobatus	664	Inferred from homology
S49	A0AAW1SKU5				Elliptochloris bilobata	684	Inferred from homology
S49	A0ABD3GKA8				Riccia sorocarpa	695	Inferred from homology
S49	A0ABD3N684				Cyclotella atomus	692	Inferred from homology
S49	A0ABD3RC67				Cyclostephanos tholiformis	845	Inferred from homology
S49	A9UZC6		XP_001745919.1		Monosiga brevicollis (Choanoflagellate)	1557	Predicted
S49	B9RE86				Ricinus communis (Castor bean)	578	Inferred from homology
S49	G7E4K9		XP_014570509.1	Mo04448	Mixia osmundae (strain CBS 9802 / IAM 14324 / JCM 22182 / KY 12970)	894	Inferred from homology
S49	M4DHG9		XP_009106056.1		Brassica campestris (Field mustard)	669	Inferred from homology
S49	R0IBM4				Capsella rubella	677	Inferred from homology
S49	V4K9N7				Eutrema salsugineum (Saltwater cress) (Sisymbrium salsugineum)	682	Inferred from homology
S49	Q6Z329				Oryza sativa subsp. japonica (Rice)	674	Evidence at protein level
S49	A0A0P0VNY9				Oryza sativa subsp. japonica (Rice)	520	Evidence at protein level
S49	A0A066VI69		XP_013241250.1		Tilletiaria anomala (strain ATCC 24038 / CBS 436.72 / UBC 951)	871	Inferred from homology
S49	A0A087SLC9		XP_011399471.1		Auxenochlorella protothecoides (Green microalga) (Chlorella protothecoides)	651	Inferred from homology
S49	A0A0D2LNM0		XP_013890601.1		Monoraphidium neglectum	82	Inferred from homology
S49	A0A0D6EM20			SPOSA6832_02629	Sporidiobolus salmonicolor (Yeast-like fungus) (Sporobolomyces salmonicolor)	882	Inferred from homology
S49	A0A0K3CI81			FGENESH: predicted gene_10.47	Rhodotorula toruloides (Yeast) (Rhodosporidium toruloides)	928	Inferred from homology
S49	A0A103XYN2				Cynara cardunculus var. scolymus (Globe artichoke) (Cynara scolymus)	1187	Inferred from homology
S49	A0A1E7FH26				Fragilariopsis cylindrus CCMP1102	172	Inferred from homology
S49	A0A1I8JA66				Macrostomum lignano	277	Inferred from homology
S49	A0A1R2BYU2				Stentor coeruleus	244	Inferred from homology
S49	A0A1R2CV84				Stentor coeruleus	268	Predicted
S49	A0A1R3GYV4				Corchorus capsularis (Jute)	240	Inferred from homology
S49	A0A1R3HIB2				Corchorus olitorius	717	Inferred from homology
S49	A0A1R3L2Y1				Corchorus olitorius	427	Inferred from homology
S49	A0A1U7ZVX7		XP_010257856.1	LOC104597827	Nelumbo nucifera (Sacred lotus)	704	Inferred from homology
S49	A0A1Y1WX15				Anaeromyces robustus	717	Inferred from homology
S49	A0A1Y2BI95				Neocallimastix californiae	656	Inferred from homology
S49	A0A200QPZ6				Macleaya cordata (Five-seeded plume-poppy) (Bocconia cordata)	704	Inferred from homology
S49	A0A238F7Q0				Microbotryum intermedium	861	Inferred from homology
S49	A0A251TRC5				Helianthus annuus (Common sunflower)	167	Inferred from homology
S49	A0A251TRV6				Helianthus annuus (Common sunflower)	190	Inferred from homology
S49	A0A2G2WR63				Capsicum baccatum (Peruvian pepper)	774	Inferred from homology
S49	A0A2G5EPA5				Aquilegia coerulea (Rocky mountain columbine)	564	Inferred from homology
S49	A0A2G9FVY0				Handroanthus impetiginosus	341	Inferred from homology
S49	A0A2I0VYT5				Dendrobium catenatum	126	Inferred from homology
S49	A0A2I0XC40				Dendrobium catenatum	302	Inferred from homology
S49	A0A2N5SRM8				Puccinia coronata f. sp. avenae	847	Inferred from homology
S49	A0A2P6RTT4				Rosa chinensis (China rose)	213	Inferred from homology
S49	A0A2P6TR91				Chlorella sorokiniana (Freshwater green alga)	331	Inferred from homology
S49	A0A2R5G2R5				Hondaea fermentalgiana	989	Inferred from homology
S49	A0A2R6PRX4				Actinidia chinensis var. chinensis (Chinese soft-hair kiwi)	696	Inferred from homology
S49	A0A2S4WDU3				Puccinia striiformis	842	Inferred from homology
S49	A0A2V0PK53				Raphidocelis subcapitata	612	Inferred from homology
S49	A0A2V3IG20				Gracilariopsis chorda	1004	Inferred from homology
S49	A0A316W0Y4		XP_025369938.1		Ceraceosorus guamensis	990	Inferred from homology
S49	A0A371ERT0			SPPA	Mucuna pruriens (Velvet bean) (Dolichos pruriens)	231	Inferred from homology
S49	A0A371H4P4			SPPA	Mucuna pruriens (Velvet bean) (Dolichos pruriens)	355	Inferred from homology
S49	A0A383VWV1				Tetradesmus obliquus (Green alga) (Acutodesmus obliquus)	809	Inferred from homology
S49	A0A388JXK6				Chara braunii (Braun's stonewort)	229	Inferred from homology
S49	A0A392N2M5				Trifolium medium	126	Inferred from homology
S49	A0A392UPE2				Trifolium medium	65	Inferred from homology
S49	A0A433QFL8				Jimgerdemannia flammicorona	338	Inferred from homology
S49	A0A453PGT2				Aegilops tauschii subsp. strangulata (Goatgrass)	128	Inferred from homology
S49	A0A453PGV1				Aegilops tauschii subsp. strangulata (Goatgrass)	342	Inferred from homology
S49	A0A484LVU5				Cuscuta campestris	209	Inferred from homology
S49	A0A4D9CYY9				Nannochloropsis salina CCMP1776	295	Inferred from homology
S49	A0A5B8MID5				Chloropicon primus	628	Inferred from homology
S49	A0A5C3EAP1				Ustilago trichophora	948	Inferred from homology
S49	A0A5C5FWK4				Rhodotorula diobovata	895	Inferred from homology
S49	A0A5D2Y2E7				Gossypium mustelinum (Cotton) (Gossypium caicoense)	682	Inferred from homology
S49	A0A5J4Z7N2				Porphyridium purpureum (Red alga) (Porphyridium cruentum)	692	Inferred from homology
S49	A0A5J5BMJ8				Nyssa sinensis	114	Inferred from homology
S49	A0A699ZJ17				Haematococcus lacustris (Green alga) (Haematococcus pluvialis)	215	Inferred from homology
S49	A0A6A2XK71				Hibiscus syriacus (Rose of Sharon)	444	Predicted
S49	A0A6J1AIV1		XP_021286761.1	LOC110418377	Herrania umbratica	711	Inferred from homology
S49	A0A6P6AY32		XP_022769675.1	LOC111313277	Durio zibethinus (Durian)	688	Inferred from homology
S49	A0A6P8J9Z6		XP_031573645.1	LOC116307512	Actinia tenebrosa (Australian red waratah sea anemone)	280	Inferred from homology
S49	A0A6P9EFF8		XP_035547015.1	LOC108997805	Juglans regia (English walnut)	684	Inferred from homology
S49	A0A7J0GN00				Actinidia rufa	439	Inferred from homology
S49	A0A7J7C8H0				Tripterygium wilfordii (Thunder God vine)	636	Inferred from homology
S49	A0A7J7IIC2				Cyanidiococcus yangmingshanensis	729	Inferred from homology
S49	A0A7J8M3L6				Gossypium lobatum	543	Inferred from homology
S49	A0A7J8UNP3				Gossypium klotzschianum	723	Inferred from homology
S49	A0A7J9GVC3				Gossypium harknessii	357	Inferred from homology
S49	A0A803N387				Chenopodium quinoa (Quinoa)	144	Inferred from homology
S49	A0A835DPL9				Tetracentron sinense (Spur-leaf)	755	Inferred from homology
S49	A0A835LLR4				Coptis chinensis	664	Inferred from homology
S49	A0A835TIZ9				Chlamydomonas incerta	750	Inferred from homology
S49	A0A835YG62				Edaphochlamys debaryana	754	Inferred from homology
S49	A0A8B8NGL1		XP_030521610.2	LOC115734812	Rhodamnia argentea	676	Inferred from homology
S49	A0A8J2SRG1				Pelagomonas calceolata	422	Inferred from homology
S49	A0A8J4BB99				Volvox africanus	659	Inferred from homology
S49	A0A8J4BFK6				Volvox africanus	648	Inferred from homology
S49	A0A8J4CS75				Volvox reticuliferus	770	Inferred from homology
S49	A0A8J4FSY2				Volvox reticuliferus	437	Inferred from homology
S49	A0A8J4R2Z8				Castanea mollissima (Chinese chestnut)	698	Inferred from homology
S49	A0A8J5F7Z2				Zingiber officinale (Ginger) (Amomum zingiber)	771	Inferred from homology
S49	A0A8J5W353				Zizania palustris (Northern wild rice)	665	Inferred from homology
S49	A0A8J5XW61				Diacronema lutheri (Unicellular marine alga) (Monochrysis lutheri)	554	Inferred from homology
S49	A0A8S0S1C4				Olea europaea subsp. europaea	410	Inferred from homology
S49	A0A8S1JE06				Ostreobium quekettii	657	Inferred from homology
S49	A0A8S1K641				Paramecium sonneborni	234	Predicted
S49	A0A8S1PXF4				Paramecium sonneborni	310	Predicted
S49	A0A8S1RFL1				Paramecium sonneborni	243	Predicted
S49	A0A8S1T131				Paramecium octaurelia	239	Predicted
S49	A0A8S1TSC0				Paramecium pentaurelia	248	Predicted
S49	A0A8S1TYS7				Paramecium pentaurelia	239	Predicted
S49	A0A8S1V0W7				Paramecium pentaurelia	219	Predicted
S49	A0A8S1Y709				Paramecium pentaurelia	243	Predicted
S49	A0A8S4QID4			jg27271	Pararge aegeria aegeria	450	Inferred from homology
S49	A0A8T2X102				Populus deltoides (Eastern poplar) (Eastern cottonwood)	691	Inferred from homology
S49	A0A8X6LS55			Wcon_01651	Trichonephila clavata (Joro spider) (Nephila clavata)	342	Inferred from homology
S49	A0A8X7XR08				Populus tomentosa (Chinese white poplar)	782	Inferred from homology
S49	A0A8X8ZNI4				Salvia splendens (Scarlet sage)	647	Inferred from homology
S49	A0A8X8ZRR9				Salvia splendens (Scarlet sage)	308	Inferred from homology
S49	A0A9C7PV50				Galdieria partita	844	Inferred from homology
S49	A0A9D4TZ12				Chlorella vulgaris (Green alga)	697	Inferred from homology
S49	A0A9D5APD4				Pisum sativum (Garden pea) (Lathyrus oleraceus)	476	Inferred from homology
S49	A0A9K3L7N3				Nitzschia inconspicua	580	Predicted
S49	A0A9K3NP03				Helianthus annuus (Common sunflower)	288	Inferred from homology
S49	A0A9K3PMG7				Nitzschia inconspicua	546	Predicted
S49	A0A9K3PTZ3				Nitzschia inconspicua	787	Inferred from homology
S49	A0A9N8EJR9				Seminavis robusta	754	Inferred from homology
S49	A0A9P0ZB07				Cuscuta europaea (European dodder)	705	Inferred from homology
S49	A0A9P1FCI2				Cladocopium goreaui	1230	Inferred from homology
S49	A0A9P3H1D4				Entomortierella parvispora	687	Inferred from homology
S49	A0A9P5SRP1				Podila minutissima	674	Inferred from homology
S49	A0A9P6QEA7				Mortierella polycephala	694	Inferred from homology
S49	A0A9P6UKL8				Linnemannia gamsii	680	Inferred from homology
S49	A0A9P6V0R8				Dissophora globulifera	629	Inferred from homology
S49	A0A9P7XSH1				Linnemannia hyalina	680	Inferred from homology
S49	A0A9Q3GKW1				Austropuccinia psidii MF-1	849	Inferred from homology
S49	A0A9W6ZMU9				Triparma laevis f. longispina	328	Inferred from homology
S49	A0A9W7E5L3				Triparma retinervis	313	Inferred from homology
S49	A0A9W7GA55				Triparma retinervis	251	Inferred from homology
S49	A0A9W8H9C5				Coemansia javaensis	682	Inferred from homology
S49	A0A9W8I0Y7				Coemansia guatemalensis	782	Inferred from homology
S49	A0A9X0CD47				Desmophyllum pertusum	277	Inferred from homology
S49	A0AA35WEP2				Geodia barretti (Barrett's horny sponge)	281	Inferred from homology
S49	A0AA36FN99				Mesorhabditis spiculigera	420	Inferred from homology
S49	A0AA39DCF8				Vitis rotundifolia (Muscadine grape)	686	Inferred from homology
S49	A0AA41VDD8				Papaver nudicaule (Iceland poppy)	698	Inferred from homology
S49	A0AA86T6R0				Sphenostylis stenocarpa	322	Inferred from homology
S49	A0AAD1YN04				Fraxinus pennsylvanica	682	Inferred from homology
S49	A0AAD3RXE0				Nepenthes gracilis (Slender pitcher plant)	544	Inferred from homology
S49	A0AAD3TCC3				Nepenthes gracilis (Slender pitcher plant)	323	Inferred from homology
S49	A0AAD4P296				Perilla frutescens var. hirtella (Perilla citriodora) (Perilla setoyensis)	683	Inferred from homology
S49	A0AAD5C6J0				Ambrosia artemisiifolia (Common ragweed)	689	Inferred from homology
S49	A0AAD5DTH3				Chlorella ohadii	306	Inferred from homology
S49	A0AAD5E2V4		XP_051440460.1		Umbelopsis ramanniana AG	699	Inferred from homology
S49	A0AAD6LN27				Populus alba x Populus x berolinensis	324	Inferred from homology
S49	A0AAD8W406				Lolium multiflorum (Italian ryegrass) (Lolium perenne subsp. multiflorum)	652	Inferred from homology
S49	A0AAD8YJB2				Skeletonema marinoi	1196	Inferred from homology
S49	A0AAD9REV0				Odynerus spinipes	184	Inferred from homology
S49	A0AAE1YB10				Sesamum alatum	651	Inferred from homology
S49	A0AAF0J799				Malassezia nana	649	Inferred from homology
S49	A0AAN7IEN8				Quercus rubra (Northern red oak) (Quercus borealis)	643	Inferred from homology
S49	A0AAN7JPH8				Trapa incisa	693	Inferred from homology
S49	A0AAN8UXL9				Dillenia turbinata	328	Inferred from homology
S49	A0AAN8Z578				Dillenia turbinata	183	Inferred from homology
S49	A0AAN9J5G9				Crotalaria pallida (Smooth rattlebox) (Crotalaria striata)	378	Inferred from homology
S49	A0AAN9M8S2				Phaseolus coccineus (Scarlet runner bean) (Phaseolus multiflorus)	654	Inferred from homology
S49	A0AAN9Q7G6				Canavalia gladiata (Sword bean) (Dolichos gladiatus)	724	Inferred from homology
S49	A0AAN9S737				Psophocarpus tetragonolobus (Winged bean) (Dolichos tetragonolobus)	650	Inferred from homology
S49	A0AAP0DXC7				Deinandra increscens subsp. villosa	701	Inferred from homology
S49	A0AAP0ECY8				Stephania japonica	590	Inferred from homology
S49	A0AAQ3TM86				Paspalum notatum var. saurae	741	Inferred from homology
S49	A0AAU9JC49				Blepharisma stoltei	247	Inferred from homology
S49	A0AAU9JVY4				Blepharisma stoltei	280	Inferred from homology
S49	A0AAV0D9V5				Cuscuta epithymum	537	Inferred from homology
S49	A0AAV0G7C2				Cuscuta epithymum	362	Inferred from homology
S49	A0AAV0LC32				Linum tenue	353	Inferred from homology
S49	A0AAV0LCP0				Linum tenue	599	Inferred from homology
S49	A0AAV0LCX9				Linum tenue	693	Inferred from homology
S49	A0AAV0QG66				Linum tenue	220	Inferred from homology
S49	A0AAV1DZR4				Oldenlandia corymbosa var. corymbosa	669	Inferred from homology
S49	A0AAV1E1R1				Oldenlandia corymbosa var. corymbosa	702	Inferred from homology
S49	A0AAV1IIQ6				Coccomyxa viridis	578	Inferred from homology
S49	A0AAV1IIT4				Coccomyxa viridis	673	Inferred from homology
S49	A0AAV2G2F3				Linum trigynum	710	Inferred from homology
S49	A0AAV4FV34				Elysia marginata	412	Inferred from homology
S49	A0AAV6J5H2				Rhododendron griersonianum	360	Inferred from homology
S49	A0AAV8UKK4				Rhodosorus marinus	664	Inferred from homology
S49	A0AAV9IG66				Galdieria yellowstonensis	888	Inferred from homology
S49	A0AAV9MC52				Solanum pinnatisectum (tansyleaf nightshade)	699	Inferred from homology
S49	A0AAW1GW22				Saponaria officinalis (Common soapwort) (Lychnis saponaria)	679	Inferred from homology
S49	A0AAW1QEC2				[Myrmecia] bisecta	293	Inferred from homology
S49	A0AAW1QX61				Elliptochloris bilobata	526	Inferred from homology
S49	A0AAW1SKR2				Elliptochloris bilobata	787	Inferred from homology
S49	A0AAW1TBF4				Apatococcus fuscideae	56	Inferred from homology
S49	A0AAX6FEI0				Iris pallida (Sweet iris)	666	Inferred from homology
S49	A0AB34J2W3				Prymnesium parvum (Toxic golden alga)	715	Predicted
S49	A0ABD0VHD3				Dendrobium thyrsiflorum (Pinecone-like raceme dendrobium) (Orchid)	701	Inferred from homology
S49	A0ABD1HED0				Salvia divinorum (Maria pastora) (Diviner's sage)	647	Inferred from homology
S49	A0ABD1QSA6				Forsythia ovata	682	Inferred from homology
S49	A0ABD2SGR1				Solanum stoloniferum	699	Inferred from homology
S49	A0ABD2V520				Solanum stoloniferum	519	Inferred from homology
S49	A0ABD3N319				Discostella pseudostelligera	831	Predicted
S49	A0ABD3NZ49				Cyclotella atomus	724	Inferred from homology
S49	A0ABM1GEJ5		XP_015070002.1	LOC107014558	Solanum pennellii (Tomato) (Lycopersicon pennellii)	729	Inferred from homology
S49	A0ABM1GEJ7		XP_015070004.1	LOC107014558	Solanum pennellii (Tomato) (Lycopersicon pennellii)	704	Inferred from homology
S49	A0ABM1GEJ8		XP_015070005.1	LOC107014558	Solanum pennellii (Tomato) (Lycopersicon pennellii)	670	Inferred from homology
S49	A0ABP0HE67				Durusdinium trenchii	1801	Inferred from homology
S49	A0ABP0MGF1				Durusdinium trenchii	258	Inferred from homology
S49	A0ABP0P988				Durusdinium trenchii	2868	Inferred from homology
S49	A0ABP0PQE6				Durusdinium trenchii	1801	Inferred from homology
S49	A0ABP0QU68				Durusdinium trenchii	1486	Inferred from homology
S49	A0ABP0RG26				Durusdinium trenchii	1801	Inferred from homology
S49	A0ABQ0KXM9				Mycena chlorophos (Agaric fungus) (Agaricus chlorophos)	276	Inferred from homology
S49	A0ABQ5HVM5				Tanacetum coccineum	844	Inferred from homology
S49	A0ABQ7L305			A07p046920.1_BraROA	Brassica rapa subsp. trilocularis	672	Inferred from homology
S49	A0ABQ7VIH6				Solanum tuberosum (Potato)	755	Inferred from homology
S49	A0ABR0CQF1				Penstemon davidsonii	675	Inferred from homology
S49	A0ABR0CR23				Penstemon davidsonii	679	Inferred from homology
S49	A0ABR2P2T6				Hibiscus sabdariffa (roselle)	682	Predicted
S49	A0ABR2YET7				Coccomyxa subellipsoidea	1358	Inferred from homology
S49	A0ABU6U7A1				Stylosanthes scabra	654	Inferred from homology
S49	A0ABY8ELW0				Malassezia furfur (Pityriasis versicolor infection agent) (Pityrosporum furfur)	789	Inferred from homology
S49	A0ABY8UE55				Tetradesmus obliquus (Green alga) (Acutodesmus obliquus)	803	Inferred from homology
S49	A0BJC9		XP_001426044.1		Paramecium tetraurelia	292	Predicted
S49	A0D1C3		XP_001444237.1		Paramecium tetraurelia	241	Inferred from homology
S49	A0EH73		XP_001462037.1		Paramecium tetraurelia	310	Predicted
S49	A7RVY9				Nematostella vectensis (Starlet sea anemone)	279	Predicted
S49	A7SVI5				Nematostella vectensis (Starlet sea anemone)	445	Predicted
S49	B8BVV6		XP_002287563.1		Thalassiosira pseudonana (Marine diatom) (Cyclotella nana)	457	Inferred from homology
S49	C0PDG8		NP_001146232.1	LOC100279804	Zea mays (Maize)	672	Evidence at protein level
S49	D3B3C3		XP_020435938.1		Heterostelium pallidum (strain ATCC 26659 / Pp 5 / PN500) (Cellular slime mold) (Polysphondylium pallidum)	848	Inferred from homology
S49	D8LBW2			signal	Ectocarpus siliculosus (Brown alga) (Conferva siliculosa)	915	Inferred from homology
S49	E1Z8K6		XP_005849456.1		Chlorella variabilis (Green alga)	707	Inferred from homology
S49	F0Y3I0		XP_009034806.1		Aureococcus anophagefferens (Harmful bloom alga)	204	Inferred from homology
S49	F4S8K0		XP_007417732.1		Melampsora larici-populina (strain 98AG31 / pathotype 3-4-7) (Poplar leaf rust fungus)	842	Inferred from homology
S49	G0QXG6		XP_004031320.1		Ichthyophthirius multifiliis (White spot disease agent) (Ich)	200	Predicted
S49	G0R0L2		XP_004030234.1		Ichthyophthirius multifiliis (White spot disease agent) (Ich)	210	Predicted
S49	G7JE48				Medicago truncatula (Barrel medic) (Medicago tribuloides)	492	Inferred from homology
S49	I7M791		XP_001011032.1		Tetrahymena thermophila (strain SB210)	265	Inferred from homology
S49	I7M9F9		XP_001021754.2		Tetrahymena thermophila (strain SB210)	290	Inferred from homology
S49	M1VE65		XP_005537213.1		Cyanidioschyzon merolae (strain NIES-3377 / 10D) (Unicellular red alga)	714	Inferred from homology
S49	M1VFN4		XP_005537828.1		Cyanidioschyzon merolae (strain NIES-3377 / 10D) (Unicellular red alga)	825	Inferred from homology
S49	M2VWX4		XP_005704271.1		Galdieria sulphuraria (Red alga)	855	Inferred from homology
S49	M2Y6W7		XP_005708298.1		Galdieria sulphuraria (Red alga)	701	Inferred from homology
S49	V4VML9				Citrus clementina (Clementine) (Citrus deliciosa x Citrus sinensis)	505	Inferred from homology
S49	W7TI87				Nannochloropsis gaditana	809	Inferred from homology
S49	A0A061FY95				Theobroma cacao (Cacao) (Cocoa)	689	Inferred from homology
S49	A0A061FYU2				Theobroma cacao (Cacao) (Cocoa)	503	Inferred from homology
S49	A0A067FR12				Citrus sinensis (Sweet orange) (Citrus aurantium var. sinensis)	537	Inferred from homology
S49	A0A072UQG0			11437695	Medicago truncatula (Barrel medic) (Medicago tribuloides)	580	Inferred from homology
S49	A0A072USK7			11437695	Medicago truncatula (Barrel medic) (Medicago tribuloides)	495	Inferred from homology
S49	A0A072V3G6				Medicago truncatula (Barrel medic) (Medicago tribuloides)	431	Inferred from homology
S49	A0A078AYH1			Contig8677.g9269	Stylonychia lemnae (Ciliate)	296	Inferred from homology
S49	A0A081CFS6		XP_014656185.1		Pseudozyma antarctica (Yeast) (Candida antarctica)	956	Inferred from homology
S49	A0A090N3Z7		XP_022839584.1		Ostreococcus tauri (Marine green alga)	616	Inferred from homology
S49	A0A0D3K411		XP_005782925.1		Emiliania huxleyi (strain CCMP1516)	538	Inferred from homology
S49	A0A0E0NKF0				Oryza rufipogon (Brownbeard rice) (Asian wild rice)	767	Inferred from homology
S49	A0A0E0NKF1				Oryza rufipogon (Brownbeard rice) (Asian wild rice)	433	Inferred from homology
S49	A0A0L0HI49		XP_016608589.1		Spizellomyces punctatus (strain DAOM BR117)	660	Inferred from homology
S49	A0A0M8MQZ3		XP_017992689.1		Malassezia pachydermatis	716	Inferred from homology
S49	A0A0R0FJA9			LOC100809623	Glycine max (Soybean) (Glycine hispida)	484	Inferred from homology
S49	A0A0V0Q9U0				Pseudocohnilembus persalinus (Ciliate)	279	Inferred from homology
S49	A0A139A082				Gonapodya prolifera (strain JEL478) (Monoblepharis prolifera)	769	Inferred from homology
S49	A0A1A9VKF8				Glossina austeni (Savannah tsetse fly)	351	Inferred from homology
S49	A0A1E7FE73				Fragilariopsis cylindrus CCMP1102	276	Inferred from homology
S49	A0A1I8HWY1				Macrostomum lignano	294	Inferred from homology
S49	A0A1L5YCP5			sppA	Paulinella micropora	270	Inferred from homology
S49	A0A1R2BG15				Stentor coeruleus	234	Inferred from homology
S49	A0A1R3GYT3				Corchorus capsularis (Jute)	420	Inferred from homology
S49	A0A1S2YR73		XP_004508642.1	LOC101503662	Cicer arietinum (Chickpea) (Garbanzo)	652	Inferred from homology
S49	A0A1S3TJ08		XP_014493740.1	LOC106756020	Vigna radiata var. radiata (Mung bean) (Phaseolus aureus)	704	Inferred from homology
S49	A0A1Y1WAS2		XP_040744054.1		Linderina pennispora	779	Inferred from homology
S49	A0A2G3A1T8				Capsicum annuum (Capsicum pepper)	691	Inferred from homology
S49	A0A2G9FWT3				Handroanthus impetiginosus	244	Inferred from homology
S49	A0A2G9GZS9				Handroanthus impetiginosus	356	Inferred from homology
S49	A0A2I0IIW6				Punica granatum (Pomegranate)	449	Inferred from homology
S49	A0A2K3DN59		XP_042923591.1		Chlamydomonas reinhardtii (Chlamydomonas smithii)	752	Inferred from homology
S49	A0A2P5CKT7				Parasponia andersonii (Sponia andersonii)	172	Inferred from homology
S49	A0A2P5F4F7				Trema orientale (Charcoal tree) (Celtis orientalis)	172	Inferred from homology
S49	A0A2P6PP53				Rosa chinensis (China rose)	81	Inferred from homology
